asset_id,source,alias
OT-00001,CMDB,COLLIDE-00
OT-00001,PASSIVE,PLT-01-PLC-532
OT-00001,CMMS,ASSET-200001
OT-00002,CMDB,COLLIDE-01
OT-00002,PASSIVE,PLT-01-GATEWAY-112
OT-00002,CMMS,ASSET-200002
OT-00003,CMDB,COLLIDE-02
OT-00003,PASSIVE,PLT-01-OPC_SERVER-634
OT-00003,CMMS,ASSET-200003
OT-00004,CMDB,COLLIDE-03
OT-00004,PASSIVE,PLT-01-ENG_WORKSTATION-579
OT-00004,CMMS,ASSET-200004
OT-00005,CMDB,COLLIDE-04
OT-00005,PASSIVE,PLT-01-IED-846
OT-00005,CMMS,ASSET-200005
OT-00006,CMDB,COLLIDE-05
OT-00006,PASSIVE,PLT-01-RTU-732
OT-00006,CMMS,ASSET-200006
OT-00007,CMDB,COLLIDE-06
OT-00007,PASSIVE,PLT-01-DCS_CONTROLLER-929
OT-00007,CMMS,ASSET-200007
OT-00008,CMDB,COLLIDE-07
OT-00008,PASSIVE,PLT-01-OPC_SERVER-272
OT-00008,CMMS,ASSET-200008
OT-00009,CMDB,COLLIDE-08
OT-00009,PASSIVE,PLT-01-VFD-460
OT-00009,CMMS,ASSET-200009
OT-00010,CMDB,COLLIDE-09
OT-00010,PASSIVE,PLT-01-NETWORK_SWITCH-244
OT-00010,CMMS,ASSET-200010
OT-00011,CMDB,CMDB-100011
OT-00011,PASSIVE,PLT-01-IED-148
OT-00011,CMMS,ASSET-200011
OT-00012,CMDB,CMDB-100012
OT-00012,PASSIVE,PLT-01-DCS_CONTROLLER-105
OT-00012,CMMS,ASSET-200012
OT-00013,CMDB,CMDB-100013
OT-00013,PASSIVE,PLT-01-ENG_WORKSTATION-244
OT-00013,CMMS,ASSET-200013
OT-00014,CMDB,CMDB-100014
OT-00014,PASSIVE,PLT-01-DCS_CONTROLLER-037
OT-00014,CMMS,ASSET-200014
OT-00015,CMDB,CMDB-100015
OT-00015,PASSIVE,PLT-01-SENSOR-607
OT-00015,CMMS,ASSET-200015
OT-00016,CMDB,CMDB-100016
OT-00016,PASSIVE,PLT-01-OPC_SERVER-069
OT-00016,CMMS,ASSET-200016
OT-00017,CMDB,CMDB-100017
OT-00017,PASSIVE,PLT-01-HMI-614
OT-00017,CMMS,ASSET-200017
OT-00018,CMDB,CMDB-100018
OT-00018,PASSIVE,PLT-01-NETWORK_SWITCH-502
OT-00018,CMMS,ASSET-200018
OT-00019,CMDB,CMDB-100019
OT-00019,PASSIVE,PLT-01-ENG_WORKSTATION-780
OT-00019,CMMS,ASSET-200019
OT-00020,CMDB,CMDB-100020
OT-00020,PASSIVE,PLT-01-DCS_CONTROLLER-844
OT-00020,CMMS,ASSET-200020
OT-00021,CMDB,CMDB-100021
OT-00021,PASSIVE,PLT-01-DCS_CONTROLLER-207
OT-00021,CMMS,ASSET-200021
OT-00022,CMDB,CMDB-100022
OT-00022,PASSIVE,PLT-01-PLC-595
OT-00022,CMMS,ASSET-200022
OT-00023,CMDB,CMDB-100023
OT-00023,PASSIVE,PLT-01-OPC_SERVER-294
OT-00023,CMMS,ASSET-200023
OT-00024,CMDB,CMDB-100024
OT-00024,PASSIVE,PLT-01-HISTORIAN-505
OT-00024,CMMS,ASSET-200024
OT-00025,CMDB,CMDB-100025
OT-00025,PASSIVE,PLT-01-ENG_WORKSTATION-604
OT-00025,CMMS,ASSET-200025
OT-00026,CMDB,CMDB-100026
OT-00026,PASSIVE,PLT-01-OPC_SERVER-614
OT-00026,CMMS,ASSET-200026
OT-00027,CMDB,CMDB-100027
OT-00027,PASSIVE,PLT-01-VFD-423
OT-00027,CMMS,ASSET-200027
OT-00028,CMDB,CMDB-100028
OT-00028,PASSIVE,PLT-01-VFD-457
OT-00028,CMMS,ASSET-200028
OT-00029,CMDB,CMDB-100029
OT-00029,PASSIVE,PLT-01-GATEWAY-744
OT-00029,CMMS,ASSET-200029
OT-00030,CMDB,CMDB-100030
OT-00030,PASSIVE,PLT-01-OPC_SERVER-317
OT-00030,CMMS,ASSET-200030
OT-00031,CMDB,CMDB-100031
OT-00031,PASSIVE,PLT-01-RTU-235
OT-00031,CMMS,ASSET-200031
OT-00032,CMDB,CMDB-100032
OT-00032,PASSIVE,PLT-01-HISTORIAN-117
OT-00032,CMMS,ASSET-200032
OT-00033,CMDB,CMDB-100033
OT-00033,PASSIVE,PLT-01-DCS_CONTROLLER-105
OT-00033,CMMS,ASSET-200033
OT-00034,CMDB,CMDB-100034
OT-00034,PASSIVE,PLT-01-PLC-635
OT-00034,CMMS,ASSET-200034
OT-00035,CMDB,CMDB-100035
OT-00035,PASSIVE,PLT-01-IED-478
OT-00035,CMMS,ASSET-200035
OT-00036,CMDB,CMDB-100036
OT-00036,PASSIVE,PLT-01-NETWORK_SWITCH-858
OT-00036,CMMS,ASSET-200036
OT-00037,CMDB,CMDB-100037
OT-00037,PASSIVE,PLT-01-HISTORIAN-755
OT-00037,CMMS,ASSET-200037
OT-00038,CMDB,CMDB-100038
OT-00038,PASSIVE,PLT-01-GATEWAY-136
OT-00038,CMMS,ASSET-200038
OT-00039,CMDB,CMDB-100039
OT-00039,PASSIVE,PLT-01-SENSOR-721
OT-00039,CMMS,ASSET-200039
OT-00040,CMDB,CMDB-100040
OT-00040,PASSIVE,PLT-01-OPC_SERVER-071
OT-00040,CMMS,ASSET-200040
OT-00041,CMDB,CMDB-100041
OT-00041,PASSIVE,PLT-01-IED-281
OT-00041,CMMS,ASSET-200041
OT-00042,CMDB,CMDB-100042
OT-00042,PASSIVE,PLT-01-SENSOR-645
OT-00042,CMMS,ASSET-200042
OT-00043,CMDB,CMDB-100043
OT-00043,PASSIVE,PLT-01-VFD-496
OT-00043,CMMS,ASSET-200043
OT-00044,CMDB,CMDB-100044
OT-00044,PASSIVE,PLT-01-SAFETY_PLC-455
OT-00044,CMMS,ASSET-200044
OT-00045,CMDB,CMDB-100045
OT-00045,PASSIVE,PLT-01-DCS_CONTROLLER-226
OT-00045,CMMS,ASSET-200045
OT-00046,CMDB,CMDB-100046
OT-00046,PASSIVE,PLT-01-HMI-740
OT-00046,CMMS,ASSET-200046
OT-00047,CMDB,CMDB-100047
OT-00047,PASSIVE,PLT-01-SENSOR-755
OT-00047,CMMS,ASSET-200047
OT-00048,CMDB,CMDB-100048
OT-00048,PASSIVE,PLT-01-IED-777
OT-00048,CMMS,ASSET-200048
OT-00049,CMDB,CMDB-100049
OT-00049,PASSIVE,PLT-01-SENSOR-547
OT-00049,CMMS,ASSET-200049
OT-00050,CMDB,CMDB-100050
OT-00050,PASSIVE,PLT-01-NETWORK_SWITCH-567
OT-00050,CMMS,ASSET-200050
OT-00051,CMDB,CMDB-100051
OT-00051,PASSIVE,PLT-01-SENSOR-265
OT-00051,CMMS,ASSET-200051
OT-00052,CMDB,CMDB-100052
OT-00052,PASSIVE,PLT-01-VFD-743
OT-00052,CMMS,ASSET-200052
OT-00053,CMDB,CMDB-100053
OT-00053,PASSIVE,PLT-01-DCS_CONTROLLER-737
OT-00053,CMMS,ASSET-200053
OT-00054,CMDB,CMDB-100054
OT-00054,PASSIVE,PLT-01-OPC_SERVER-326
OT-00054,CMMS,ASSET-200054
OT-00055,CMDB,CMDB-100055
OT-00055,PASSIVE,PLT-01-GATEWAY-173
OT-00055,CMMS,ASSET-200055
OT-00056,CMDB,CMDB-100056
OT-00056,PASSIVE,PLT-01-RTU-973
OT-00056,CMMS,ASSET-200056
OT-00057,CMDB,CMDB-100057
OT-00057,PASSIVE,PLT-01-PLC-162
OT-00057,CMMS,ASSET-200057
OT-00058,CMDB,CMDB-100058
OT-00058,PASSIVE,PLT-01-SAFETY_PLC-975
OT-00058,CMMS,ASSET-200058
OT-00059,CMDB,CMDB-100059
OT-00059,PASSIVE,PLT-01-OPC_SERVER-287
OT-00059,CMMS,ASSET-200059
OT-00060,CMDB,CMDB-100060
OT-00060,PASSIVE,PLT-01-HMI-270
OT-00060,CMMS,ASSET-200060
OT-00061,CMDB,CMDB-100061
OT-00061,PASSIVE,PLT-01-HMI-487
OT-00061,CMMS,ASSET-200061
OT-00062,CMDB,CMDB-100062
OT-00062,PASSIVE,PLT-01-SAFETY_PLC-413
OT-00062,CMMS,ASSET-200062
OT-00063,CMDB,CMDB-100063
OT-00063,PASSIVE,PLT-01-DCS_CONTROLLER-024
OT-00063,CMMS,ASSET-200063
OT-00064,CMDB,CMDB-100064
OT-00064,PASSIVE,PLT-01-OPC_SERVER-431
OT-00064,CMMS,ASSET-200064
OT-00065,CMDB,CMDB-100065
OT-00065,PASSIVE,PLT-01-ENG_WORKSTATION-799
OT-00065,CMMS,ASSET-200065
OT-00066,CMDB,CMDB-100066
OT-00066,PASSIVE,PLT-01-SAFETY_PLC-945
OT-00066,CMMS,ASSET-200066
OT-00067,CMDB,CMDB-100067
OT-00067,PASSIVE,PLT-01-NETWORK_SWITCH-142
OT-00067,CMMS,ASSET-200067
OT-00068,CMDB,CMDB-100068
OT-00068,PASSIVE,PLT-01-HMI-938
OT-00068,CMMS,ASSET-200068
OT-00069,CMDB,CMDB-100069
OT-00069,PASSIVE,PLT-01-ENG_WORKSTATION-408
OT-00069,CMMS,ASSET-200069
OT-00070,CMDB,CMDB-100070
OT-00070,PASSIVE,PLT-01-VFD-339
OT-00070,CMMS,ASSET-200070
OT-00071,CMDB,CMDB-100071
OT-00071,PASSIVE,PLT-01-NETWORK_SWITCH-735
OT-00071,CMMS,ASSET-200071
OT-00072,CMDB,CMDB-100072
OT-00072,PASSIVE,PLT-01-IED-793
OT-00072,CMMS,ASSET-200072
OT-00073,CMDB,CMDB-100073
OT-00073,PASSIVE,PLT-01-PLC-458
OT-00073,CMMS,ASSET-200073
OT-00074,CMDB,CMDB-100074
OT-00074,PASSIVE,PLT-01-HMI-139
OT-00074,CMMS,ASSET-200074
OT-00075,CMDB,CMDB-100075
OT-00075,PASSIVE,PLT-01-SAFETY_PLC-658
OT-00075,CMMS,ASSET-200075
OT-00076,CMDB,CMDB-100076
OT-00076,PASSIVE,PLT-01-PLC-416
OT-00076,CMMS,ASSET-200076
OT-00077,CMDB,CMDB-100077
OT-00077,PASSIVE,PLT-01-SENSOR-913
OT-00077,CMMS,ASSET-200077
OT-00078,CMDB,CMDB-100078
OT-00078,PASSIVE,PLT-01-DCS_CONTROLLER-074
OT-00078,CMMS,ASSET-200078
OT-00079,CMDB,CMDB-100079
OT-00079,PASSIVE,PLT-01-RTU-894
OT-00079,CMMS,ASSET-200079
OT-00080,CMDB,CMDB-100080
OT-00080,PASSIVE,PLT-01-ENG_WORKSTATION-828
OT-00080,CMMS,ASSET-200080
OT-00081,CMDB,CMDB-100081
OT-00081,PASSIVE,PLT-01-DCS_CONTROLLER-522
OT-00081,CMMS,ASSET-200081
OT-00082,CMDB,CMDB-100082
OT-00082,PASSIVE,PLT-01-OPC_SERVER-213
OT-00082,CMMS,ASSET-200082
OT-00083,CMDB,CMDB-100083
OT-00083,PASSIVE,PLT-01-ENG_WORKSTATION-668
OT-00083,CMMS,ASSET-200083
OT-00084,CMDB,CMDB-100084
OT-00084,PASSIVE,PLT-01-SENSOR-918
OT-00084,CMMS,ASSET-200084
OT-00085,CMDB,CMDB-100085
OT-00085,PASSIVE,PLT-01-NETWORK_SWITCH-520
OT-00085,CMMS,ASSET-200085
OT-00086,CMDB,CMDB-100086
OT-00086,PASSIVE,PLT-01-GATEWAY-326
OT-00086,CMMS,ASSET-200086
OT-00087,CMDB,CMDB-100087
OT-00087,PASSIVE,PLT-01-SENSOR-580
OT-00087,CMMS,ASSET-200087
OT-00088,CMDB,CMDB-100088
OT-00088,PASSIVE,PLT-01-VFD-862
OT-00088,CMMS,ASSET-200088
OT-00089,CMDB,CMDB-100089
OT-00089,PASSIVE,PLT-01-ENG_WORKSTATION-244
OT-00089,CMMS,ASSET-200089
OT-00090,CMDB,CMDB-100090
OT-00090,PASSIVE,PLT-01-SAFETY_PLC-808
OT-00090,CMMS,ASSET-200090
OT-00091,CMDB,CMDB-100091
OT-00091,PASSIVE,PLT-01-ENG_WORKSTATION-763
OT-00091,CMMS,ASSET-200091
OT-00092,CMDB,CMDB-100092
OT-00092,PASSIVE,PLT-01-IED-448
OT-00092,CMMS,ASSET-200092
OT-00093,CMDB,CMDB-100093
OT-00093,PASSIVE,PLT-01-DCS_CONTROLLER-394
OT-00093,CMMS,ASSET-200093
OT-00094,CMDB,CMDB-100094
OT-00094,PASSIVE,PLT-01-SENSOR-014
OT-00094,CMMS,ASSET-200094
OT-00095,CMDB,CMDB-100095
OT-00095,PASSIVE,PLT-01-GATEWAY-413
OT-00095,CMMS,ASSET-200095
OT-00096,CMDB,CMDB-100096
OT-00096,PASSIVE,PLT-01-NETWORK_SWITCH-460
OT-00096,CMMS,ASSET-200096
OT-00097,CMDB,CMDB-100097
OT-00097,PASSIVE,PLT-01-NETWORK_SWITCH-437
OT-00097,CMMS,ASSET-200097
OT-00098,CMDB,CMDB-100098
OT-00098,PASSIVE,PLT-01-ENG_WORKSTATION-483
OT-00098,CMMS,ASSET-200098
OT-00099,CMDB,CMDB-100099
OT-00099,PASSIVE,PLT-01-SAFETY_PLC-262
OT-00099,CMMS,ASSET-200099
OT-00100,CMDB,CMDB-100100
OT-00100,PASSIVE,PLT-01-VFD-411
OT-00100,CMMS,ASSET-200100
OT-00101,CMDB,CMDB-100101
OT-00101,PASSIVE,PLT-01-ENG_WORKSTATION-394
OT-00101,CMMS,ASSET-200101
OT-00102,CMDB,CMDB-100102
OT-00102,PASSIVE,PLT-01-DCS_CONTROLLER-118
OT-00102,CMMS,ASSET-200102
OT-00103,CMDB,CMDB-100103
OT-00103,PASSIVE,PLT-01-GATEWAY-449
OT-00103,CMMS,ASSET-200103
OT-00104,CMDB,CMDB-100104
OT-00104,PASSIVE,PLT-02-NETWORK_SWITCH-451
OT-00104,CMMS,ASSET-200104
OT-00105,CMDB,CMDB-100105
OT-00105,PASSIVE,PLT-02-OPC_SERVER-766
OT-00105,CMMS,ASSET-200105
OT-00106,CMDB,CMDB-100106
OT-00106,PASSIVE,PLT-02-SAFETY_PLC-969
OT-00106,CMMS,ASSET-200106
OT-00107,CMDB,CMDB-100107
OT-00107,PASSIVE,PLT-02-ENG_WORKSTATION-917
OT-00107,CMMS,ASSET-200107
OT-00108,CMDB,CMDB-100108
OT-00108,PASSIVE,PLT-02-SAFETY_PLC-304
OT-00108,CMMS,ASSET-200108
OT-00109,CMDB,CMDB-100109
OT-00109,PASSIVE,PLT-02-RTU-171
OT-00109,CMMS,ASSET-200109
OT-00110,CMDB,CMDB-100110
OT-00110,PASSIVE,PLT-02-RTU-147
OT-00110,CMMS,ASSET-200110
OT-00111,CMDB,CMDB-100111
OT-00111,PASSIVE,PLT-02-SAFETY_PLC-723
OT-00111,CMMS,ASSET-200111
OT-00112,CMDB,CMDB-100112
OT-00112,PASSIVE,PLT-02-IED-953
OT-00112,CMMS,ASSET-200112
OT-00113,CMDB,CMDB-100113
OT-00113,PASSIVE,PLT-02-OPC_SERVER-233
OT-00113,CMMS,ASSET-200113
OT-00114,CMDB,CMDB-100114
OT-00114,PASSIVE,PLT-02-SENSOR-401
OT-00114,CMMS,ASSET-200114
OT-00115,CMDB,CMDB-100115
OT-00115,PASSIVE,PLT-02-HMI-081
OT-00115,CMMS,ASSET-200115
OT-00116,CMDB,CMDB-100116
OT-00116,PASSIVE,PLT-02-HMI-924
OT-00116,CMMS,ASSET-200116
OT-00117,CMDB,CMDB-100117
OT-00117,PASSIVE,PLT-02-PLC-069
OT-00117,CMMS,ASSET-200117
OT-00118,CMDB,CMDB-100118
OT-00118,PASSIVE,PLT-02-ENG_WORKSTATION-994
OT-00118,CMMS,ASSET-200118
OT-00119,CMDB,CMDB-100119
OT-00119,PASSIVE,PLT-02-HISTORIAN-024
OT-00119,CMMS,ASSET-200119
OT-00120,CMDB,CMDB-100120
OT-00120,PASSIVE,PLT-02-VFD-300
OT-00120,CMMS,ASSET-200120
OT-00121,CMDB,CMDB-100121
OT-00121,PASSIVE,PLT-02-ENG_WORKSTATION-881
OT-00121,CMMS,ASSET-200121
OT-00122,CMDB,CMDB-100122
OT-00122,PASSIVE,PLT-02-HISTORIAN-809
OT-00122,CMMS,ASSET-200122
OT-00123,CMDB,CMDB-100123
OT-00123,PASSIVE,PLT-02-IED-029
OT-00123,CMMS,ASSET-200123
OT-00124,CMDB,CMDB-100124
OT-00124,PASSIVE,PLT-02-NETWORK_SWITCH-150
OT-00124,CMMS,ASSET-200124
OT-00125,CMDB,CMDB-100125
OT-00125,PASSIVE,PLT-02-RTU-037
OT-00125,CMMS,ASSET-200125
OT-00126,CMDB,CMDB-100126
OT-00126,PASSIVE,PLT-02-GATEWAY-780
OT-00126,CMMS,ASSET-200126
OT-00127,CMDB,CMDB-100127
OT-00127,PASSIVE,PLT-02-IED-667
OT-00127,CMMS,ASSET-200127
OT-00128,CMDB,CMDB-100128
OT-00128,PASSIVE,PLT-02-OPC_SERVER-137
OT-00128,CMMS,ASSET-200128
OT-00129,CMDB,CMDB-100129
OT-00129,PASSIVE,PLT-02-PLC-063
OT-00129,CMMS,ASSET-200129
OT-00130,CMDB,CMDB-100130
OT-00130,PASSIVE,PLT-02-NETWORK_SWITCH-113
OT-00130,CMMS,ASSET-200130
OT-00131,CMDB,CMDB-100131
OT-00131,PASSIVE,PLT-02-ENG_WORKSTATION-425
OT-00131,CMMS,ASSET-200131
OT-00132,CMDB,CMDB-100132
OT-00132,PASSIVE,PLT-02-IED-907
OT-00132,CMMS,ASSET-200132
OT-00133,CMDB,CMDB-100133
OT-00133,PASSIVE,PLT-02-IED-898
OT-00133,CMMS,ASSET-200133
OT-00134,CMDB,CMDB-100134
OT-00134,PASSIVE,PLT-02-OPC_SERVER-226
OT-00134,CMMS,ASSET-200134
OT-00135,CMDB,CMDB-100135
OT-00135,PASSIVE,PLT-02-PLC-406
OT-00135,CMMS,ASSET-200135
OT-00136,CMDB,CMDB-100136
OT-00136,PASSIVE,PLT-02-IED-722
OT-00136,CMMS,ASSET-200136
OT-00137,CMDB,CMDB-100137
OT-00137,PASSIVE,PLT-02-IED-823
OT-00137,CMMS,ASSET-200137
OT-00138,CMDB,CMDB-100138
OT-00138,PASSIVE,PLT-02-HISTORIAN-015
OT-00138,CMMS,ASSET-200138
OT-00139,CMDB,CMDB-100139
OT-00139,PASSIVE,PLT-02-ENG_WORKSTATION-767
OT-00139,CMMS,ASSET-200139
OT-00140,CMDB,CMDB-100140
OT-00140,PASSIVE,PLT-02-NETWORK_SWITCH-035
OT-00140,CMMS,ASSET-200140
OT-00141,CMDB,CMDB-100141
OT-00141,PASSIVE,PLT-02-OPC_SERVER-985
OT-00141,CMMS,ASSET-200141
OT-00142,CMDB,CMDB-100142
OT-00142,PASSIVE,PLT-02-SAFETY_PLC-365
OT-00142,CMMS,ASSET-200142
OT-00143,CMDB,CMDB-100143
OT-00143,PASSIVE,PLT-02-SENSOR-106
OT-00143,CMMS,ASSET-200143
OT-00144,CMDB,CMDB-100144
OT-00144,PASSIVE,PLT-02-ENG_WORKSTATION-227
OT-00144,CMMS,ASSET-200144
OT-00145,CMDB,CMDB-100145
OT-00145,PASSIVE,PLT-02-RTU-405
OT-00145,CMMS,ASSET-200145
OT-00146,CMDB,CMDB-100146
OT-00146,PASSIVE,PLT-02-HMI-863
OT-00146,CMMS,ASSET-200146
OT-00147,CMDB,CMDB-100147
OT-00147,PASSIVE,PLT-02-DCS_CONTROLLER-817
OT-00147,CMMS,ASSET-200147
OT-00148,CMDB,CMDB-100148
OT-00148,PASSIVE,PLT-02-IED-045
OT-00148,CMMS,ASSET-200148
OT-00149,CMDB,CMDB-100149
OT-00149,PASSIVE,PLT-02-VFD-848
OT-00149,CMMS,ASSET-200149
OT-00150,CMDB,CMDB-100150
OT-00150,PASSIVE,PLT-02-SENSOR-761
OT-00150,CMMS,ASSET-200150
OT-00151,CMDB,CMDB-100151
OT-00151,PASSIVE,PLT-02-PLC-543
OT-00151,CMMS,ASSET-200151
OT-00152,CMDB,CMDB-100152
OT-00152,PASSIVE,PLT-02-RTU-190
OT-00152,CMMS,ASSET-200152
OT-00153,CMDB,CMDB-100153
OT-00153,PASSIVE,PLT-02-SENSOR-372
OT-00153,CMMS,ASSET-200153
OT-00154,CMDB,CMDB-100154
OT-00154,PASSIVE,PLT-02-HMI-930
OT-00154,CMMS,ASSET-200154
OT-00155,CMDB,CMDB-100155
OT-00155,PASSIVE,PLT-02-HMI-285
OT-00155,CMMS,ASSET-200155
OT-00156,CMDB,CMDB-100156
OT-00156,PASSIVE,PLT-02-HISTORIAN-423
OT-00156,CMMS,ASSET-200156
OT-00157,CMDB,CMDB-100157
OT-00157,PASSIVE,PLT-02-PLC-664
OT-00157,CMMS,ASSET-200157
OT-00158,CMDB,CMDB-100158
OT-00158,PASSIVE,PLT-02-PLC-020
OT-00158,CMMS,ASSET-200158
OT-00159,CMDB,CMDB-100159
OT-00159,PASSIVE,PLT-02-SAFETY_PLC-079
OT-00159,CMMS,ASSET-200159
OT-00160,CMDB,CMDB-100160
OT-00160,PASSIVE,PLT-02-HISTORIAN-234
OT-00160,CMMS,ASSET-200160
OT-00161,CMDB,CMDB-100161
OT-00161,PASSIVE,PLT-02-NETWORK_SWITCH-660
OT-00161,CMMS,ASSET-200161
OT-00162,CMDB,CMDB-100162
OT-00162,PASSIVE,PLT-02-DCS_CONTROLLER-191
OT-00162,CMMS,ASSET-200162
OT-00163,CMDB,CMDB-100163
OT-00163,PASSIVE,PLT-02-VFD-422
OT-00163,CMMS,ASSET-200163
OT-00164,CMDB,CMDB-100164
OT-00164,PASSIVE,PLT-02-IED-547
OT-00164,CMMS,ASSET-200164
OT-00165,CMDB,CMDB-100165
OT-00165,PASSIVE,PLT-02-PLC-918
OT-00165,CMMS,ASSET-200165
OT-00166,CMDB,CMDB-100166
OT-00166,PASSIVE,PLT-02-SAFETY_PLC-366
OT-00166,CMMS,ASSET-200166
OT-00167,CMDB,CMDB-100167
OT-00167,PASSIVE,PLT-02-SENSOR-513
OT-00167,CMMS,ASSET-200167
OT-00168,CMDB,CMDB-100168
OT-00168,PASSIVE,PLT-02-RTU-392
OT-00168,CMMS,ASSET-200168
OT-00169,CMDB,CMDB-100169
OT-00169,PASSIVE,PLT-02-NETWORK_SWITCH-197
OT-00169,CMMS,ASSET-200169
OT-00170,CMDB,CMDB-100170
OT-00170,PASSIVE,PLT-02-NETWORK_SWITCH-187
OT-00170,CMMS,ASSET-200170
OT-00171,CMDB,CMDB-100171
OT-00171,PASSIVE,PLT-02-PLC-416
OT-00171,CMMS,ASSET-200171
OT-00172,CMDB,CMDB-100172
OT-00172,PASSIVE,PLT-02-SENSOR-777
OT-00172,CMMS,ASSET-200172
OT-00173,CMDB,CMDB-100173
OT-00173,PASSIVE,PLT-02-IED-532
OT-00173,CMMS,ASSET-200173
OT-00174,CMDB,CMDB-100174
OT-00174,PASSIVE,PLT-02-ENG_WORKSTATION-696
OT-00174,CMMS,ASSET-200174
OT-00175,CMDB,CMDB-100175
OT-00175,PASSIVE,PLT-02-GATEWAY-856
OT-00175,CMMS,ASSET-200175
OT-00176,CMDB,CMDB-100176
OT-00176,PASSIVE,PLT-02-DCS_CONTROLLER-810
OT-00176,CMMS,ASSET-200176
OT-00177,CMDB,CMDB-100177
OT-00177,PASSIVE,PLT-02-PLC-271
OT-00177,CMMS,ASSET-200177
OT-00178,CMDB,CMDB-100178
OT-00178,PASSIVE,PLT-02-SENSOR-253
OT-00178,CMMS,ASSET-200178
OT-00179,CMDB,CMDB-100179
OT-00179,PASSIVE,PLT-02-IED-391
OT-00179,CMMS,ASSET-200179
OT-00180,CMDB,CMDB-100180
OT-00180,PASSIVE,PLT-02-ENG_WORKSTATION-407
OT-00180,CMMS,ASSET-200180
OT-00181,CMDB,CMDB-100181
OT-00181,PASSIVE,PLT-02-RTU-420
OT-00181,CMMS,ASSET-200181
OT-00182,CMDB,CMDB-100182
OT-00182,PASSIVE,PLT-02-OPC_SERVER-892
OT-00182,CMMS,ASSET-200182
OT-00183,CMDB,CMDB-100183
OT-00183,PASSIVE,PLT-02-DCS_CONTROLLER-947
OT-00183,CMMS,ASSET-200183
OT-00184,CMDB,CMDB-100184
OT-00184,PASSIVE,PLT-02-PLC-533
OT-00184,CMMS,ASSET-200184
OT-00185,CMDB,CMDB-100185
OT-00185,PASSIVE,PLT-02-NETWORK_SWITCH-490
OT-00185,CMMS,ASSET-200185
OT-00186,CMDB,CMDB-100186
OT-00186,PASSIVE,PLT-02-SENSOR-727
OT-00186,CMMS,ASSET-200186
OT-00187,CMDB,CMDB-100187
OT-00187,PASSIVE,PLT-02-SAFETY_PLC-011
OT-00187,CMMS,ASSET-200187
OT-00188,CMDB,CMDB-100188
OT-00188,PASSIVE,PLT-02-HMI-772
OT-00188,CMMS,ASSET-200188
OT-00189,CMDB,CMDB-100189
OT-00189,PASSIVE,PLT-02-ENG_WORKSTATION-008
OT-00189,CMMS,ASSET-200189
OT-00190,CMDB,CMDB-100190
OT-00190,PASSIVE,PLT-02-ENG_WORKSTATION-942
OT-00190,CMMS,ASSET-200190
OT-00191,CMDB,CMDB-100191
OT-00191,PASSIVE,PLT-02-HISTORIAN-610
OT-00191,CMMS,ASSET-200191
OT-00192,CMDB,CMDB-100192
OT-00192,PASSIVE,PLT-02-GATEWAY-767
OT-00192,CMMS,ASSET-200192
OT-00193,CMDB,CMDB-100193
OT-00193,PASSIVE,PLT-02-DCS_CONTROLLER-747
OT-00193,CMMS,ASSET-200193
OT-00194,CMDB,CMDB-100194
OT-00194,PASSIVE,PLT-02-HMI-377
OT-00194,CMMS,ASSET-200194
OT-00195,CMDB,CMDB-100195
OT-00195,PASSIVE,PLT-02-GATEWAY-335
OT-00195,CMMS,ASSET-200195
OT-00196,CMDB,CMDB-100196
OT-00196,PASSIVE,PLT-02-IED-231
OT-00196,CMMS,ASSET-200196
OT-00197,CMDB,CMDB-100197
OT-00197,PASSIVE,PLT-02-HMI-522
OT-00197,CMMS,ASSET-200197
OT-00198,CMDB,CMDB-100198
OT-00198,PASSIVE,PLT-02-VFD-825
OT-00198,CMMS,ASSET-200198
OT-00199,CMDB,CMDB-100199
OT-00199,PASSIVE,PLT-02-NETWORK_SWITCH-041
OT-00199,CMMS,ASSET-200199
OT-00200,CMDB,CMDB-100200
OT-00200,PASSIVE,PLT-02-SENSOR-746
OT-00200,CMMS,ASSET-200200
OT-00201,CMDB,CMDB-100201
OT-00201,PASSIVE,PLT-02-RTU-506
OT-00201,CMMS,ASSET-200201
OT-00202,CMDB,CMDB-100202
OT-00202,PASSIVE,PLT-02-SAFETY_PLC-624
OT-00202,CMMS,ASSET-200202
OT-00203,CMDB,CMDB-100203
OT-00203,PASSIVE,PLT-02-DCS_CONTROLLER-245
OT-00203,CMMS,ASSET-200203
OT-00204,CMDB,CMDB-100204
OT-00204,PASSIVE,PLT-02-RTU-341
OT-00204,CMMS,ASSET-200204
OT-00205,CMDB,CMDB-100205
OT-00205,PASSIVE,PLT-02-HISTORIAN-483
OT-00205,CMMS,ASSET-200205
OT-00206,CMDB,CMDB-100206
OT-00206,PASSIVE,PLT-02-ENG_WORKSTATION-760
OT-00206,CMMS,ASSET-200206
OT-00207,CMDB,CMDB-100207
OT-00207,PASSIVE,PLT-02-ENG_WORKSTATION-060
OT-00207,CMMS,ASSET-200207
OT-00208,CMDB,CMDB-100208
OT-00208,PASSIVE,PLT-03-SAFETY_PLC-543
OT-00208,CMMS,ASSET-200208
OT-00209,CMDB,CMDB-100209
OT-00209,PASSIVE,PLT-03-GATEWAY-524
OT-00209,CMMS,ASSET-200209
OT-00210,CMDB,CMDB-100210
OT-00210,PASSIVE,PLT-03-HMI-765
OT-00210,CMMS,ASSET-200210
OT-00211,CMDB,CMDB-100211
OT-00211,PASSIVE,PLT-03-SAFETY_PLC-655
OT-00211,CMMS,ASSET-200211
OT-00212,CMDB,CMDB-100212
OT-00212,PASSIVE,PLT-03-RTU-314
OT-00212,CMMS,ASSET-200212
OT-00213,CMDB,CMDB-100213
OT-00213,PASSIVE,PLT-03-HMI-292
OT-00213,CMMS,ASSET-200213
OT-00214,CMDB,CMDB-100214
OT-00214,PASSIVE,PLT-03-VFD-763
OT-00214,CMMS,ASSET-200214
OT-00215,CMDB,CMDB-100215
OT-00215,PASSIVE,PLT-03-NETWORK_SWITCH-841
OT-00215,CMMS,ASSET-200215
OT-00216,CMDB,CMDB-100216
OT-00216,PASSIVE,PLT-03-RTU-971
OT-00216,CMMS,ASSET-200216
OT-00217,CMDB,CMDB-100217
OT-00217,PASSIVE,PLT-03-RTU-472
OT-00217,CMMS,ASSET-200217
OT-00218,CMDB,CMDB-100218
OT-00218,PASSIVE,PLT-03-RTU-990
OT-00218,CMMS,ASSET-200218
OT-00219,CMDB,CMDB-100219
OT-00219,PASSIVE,PLT-03-HISTORIAN-946
OT-00219,CMMS,ASSET-200219
OT-00220,CMDB,CMDB-100220
OT-00220,PASSIVE,PLT-03-HISTORIAN-666
OT-00220,CMMS,ASSET-200220
OT-00221,CMDB,CMDB-100221
OT-00221,PASSIVE,PLT-03-VFD-849
OT-00221,CMMS,ASSET-200221
OT-00222,CMDB,CMDB-100222
OT-00222,PASSIVE,PLT-03-IED-066
OT-00222,CMMS,ASSET-200222
OT-00223,CMDB,CMDB-100223
OT-00223,PASSIVE,PLT-03-VFD-043
OT-00223,CMMS,ASSET-200223
OT-00224,CMDB,CMDB-100224
OT-00224,PASSIVE,PLT-03-ENG_WORKSTATION-779
OT-00224,CMMS,ASSET-200224
OT-00225,CMDB,CMDB-100225
OT-00225,PASSIVE,PLT-03-OPC_SERVER-247
OT-00225,CMMS,ASSET-200225
OT-00226,CMDB,CMDB-100226
OT-00226,PASSIVE,PLT-03-DCS_CONTROLLER-654
OT-00226,CMMS,ASSET-200226
OT-00227,CMDB,CMDB-100227
OT-00227,PASSIVE,PLT-03-ENG_WORKSTATION-428
OT-00227,CMMS,ASSET-200227
OT-00228,CMDB,CMDB-100228
OT-00228,PASSIVE,PLT-03-DCS_CONTROLLER-701
OT-00228,CMMS,ASSET-200228
OT-00229,CMDB,CMDB-100229
OT-00229,PASSIVE,PLT-03-HMI-080
OT-00229,CMMS,ASSET-200229
OT-00230,CMDB,CMDB-100230
OT-00230,PASSIVE,PLT-03-HISTORIAN-752
OT-00230,CMMS,ASSET-200230
OT-00231,CMDB,CMDB-100231
OT-00231,PASSIVE,PLT-03-PLC-284
OT-00231,CMMS,ASSET-200231
OT-00232,CMDB,CMDB-100232
OT-00232,PASSIVE,PLT-03-OPC_SERVER-229
OT-00232,CMMS,ASSET-200232
OT-00233,CMDB,CMDB-100233
OT-00233,PASSIVE,PLT-03-NETWORK_SWITCH-607
OT-00233,CMMS,ASSET-200233
OT-00234,CMDB,CMDB-100234
OT-00234,PASSIVE,PLT-03-RTU-026
OT-00234,CMMS,ASSET-200234
OT-00235,CMDB,CMDB-100235
OT-00235,PASSIVE,PLT-03-VFD-206
OT-00235,CMMS,ASSET-200235
OT-00236,CMDB,CMDB-100236
OT-00236,PASSIVE,PLT-03-SAFETY_PLC-567
OT-00236,CMMS,ASSET-200236
OT-00237,CMDB,CMDB-100237
OT-00237,PASSIVE,PLT-03-ENG_WORKSTATION-705
OT-00237,CMMS,ASSET-200237
OT-00238,CMDB,CMDB-100238
OT-00238,PASSIVE,PLT-03-DCS_CONTROLLER-839
OT-00238,CMMS,ASSET-200238
OT-00239,CMDB,CMDB-100239
OT-00239,PASSIVE,PLT-03-OPC_SERVER-835
OT-00239,CMMS,ASSET-200239
OT-00240,CMDB,CMDB-100240
OT-00240,PASSIVE,PLT-03-PLC-623
OT-00240,CMMS,ASSET-200240
OT-00241,CMDB,CMDB-100241
OT-00241,PASSIVE,PLT-03-GATEWAY-026
OT-00241,CMMS,ASSET-200241
OT-00242,CMDB,CMDB-100242
OT-00242,PASSIVE,PLT-03-GATEWAY-868
OT-00242,CMMS,ASSET-200242
OT-00243,CMDB,CMDB-100243
OT-00243,PASSIVE,PLT-03-OPC_SERVER-332
OT-00243,CMMS,ASSET-200243
OT-00244,CMDB,CMDB-100244
OT-00244,PASSIVE,PLT-03-HISTORIAN-252
OT-00244,CMMS,ASSET-200244
OT-00245,CMDB,CMDB-100245
OT-00245,PASSIVE,PLT-03-DCS_CONTROLLER-901
OT-00245,CMMS,ASSET-200245
OT-00246,CMDB,CMDB-100246
OT-00246,PASSIVE,PLT-03-RTU-101
OT-00246,CMMS,ASSET-200246
OT-00247,CMDB,CMDB-100247
OT-00247,PASSIVE,PLT-03-GATEWAY-168
OT-00247,CMMS,ASSET-200247
OT-00248,CMDB,CMDB-100248
OT-00248,PASSIVE,PLT-03-OPC_SERVER-810
OT-00248,CMMS,ASSET-200248
OT-00249,CMDB,CMDB-100249
OT-00249,PASSIVE,PLT-03-SENSOR-981
OT-00249,CMMS,ASSET-200249
OT-00250,CMDB,CMDB-100250
OT-00250,PASSIVE,PLT-03-RTU-192
OT-00250,CMMS,ASSET-200250
OT-00251,CMDB,CMDB-100251
OT-00251,PASSIVE,PLT-03-IED-712
OT-00251,CMMS,ASSET-200251
OT-00252,CMDB,CMDB-100252
OT-00252,PASSIVE,PLT-03-RTU-819
OT-00252,CMMS,ASSET-200252
OT-00253,CMDB,CMDB-100253
OT-00253,PASSIVE,PLT-03-OPC_SERVER-604
OT-00253,CMMS,ASSET-200253
OT-00254,CMDB,CMDB-100254
OT-00254,PASSIVE,PLT-03-VFD-112
OT-00254,CMMS,ASSET-200254
OT-00255,CMDB,CMDB-100255
OT-00255,PASSIVE,PLT-03-SENSOR-239
OT-00255,CMMS,ASSET-200255
OT-00256,CMDB,CMDB-100256
OT-00256,PASSIVE,PLT-03-IED-876
OT-00256,CMMS,ASSET-200256
OT-00257,CMDB,CMDB-100257
OT-00257,PASSIVE,PLT-03-DCS_CONTROLLER-655
OT-00257,CMMS,ASSET-200257
OT-00258,CMDB,CMDB-100258
OT-00258,PASSIVE,PLT-03-PLC-335
OT-00258,CMMS,ASSET-200258
OT-00259,CMDB,CMDB-100259
OT-00259,PASSIVE,PLT-03-IED-609
OT-00259,CMMS,ASSET-200259
OT-00260,CMDB,CMDB-100260
OT-00260,PASSIVE,PLT-03-HISTORIAN-686
OT-00260,CMMS,ASSET-200260
OT-00261,CMDB,CMDB-100261
OT-00261,PASSIVE,PLT-03-RTU-259
OT-00261,CMMS,ASSET-200261
OT-00262,CMDB,CMDB-100262
OT-00262,PASSIVE,PLT-03-HMI-102
OT-00262,CMMS,ASSET-200262
OT-00263,CMDB,CMDB-100263
OT-00263,PASSIVE,PLT-03-SAFETY_PLC-285
OT-00263,CMMS,ASSET-200263
OT-00264,CMDB,CMDB-100264
OT-00264,PASSIVE,PLT-03-RTU-888
OT-00264,CMMS,ASSET-200264
OT-00265,CMDB,CMDB-100265
OT-00265,PASSIVE,PLT-03-RTU-435
OT-00265,CMMS,ASSET-200265
OT-00266,CMDB,CMDB-100266
OT-00266,PASSIVE,PLT-03-PLC-243
OT-00266,CMMS,ASSET-200266
OT-00267,CMDB,CMDB-100267
OT-00267,PASSIVE,PLT-03-HISTORIAN-138
OT-00267,CMMS,ASSET-200267
OT-00268,CMDB,CMDB-100268
OT-00268,PASSIVE,PLT-03-HMI-955
OT-00268,CMMS,ASSET-200268
OT-00269,CMDB,CMDB-100269
OT-00269,PASSIVE,PLT-03-ENG_WORKSTATION-114
OT-00269,CMMS,ASSET-200269
OT-00270,CMDB,CMDB-100270
OT-00270,PASSIVE,PLT-03-ENG_WORKSTATION-592
OT-00270,CMMS,ASSET-200270
OT-00271,CMDB,CMDB-100271
OT-00271,PASSIVE,PLT-03-PLC-753
OT-00271,CMMS,ASSET-200271
OT-00272,CMDB,CMDB-100272
OT-00272,PASSIVE,PLT-03-SENSOR-930
OT-00272,CMMS,ASSET-200272
OT-00273,CMDB,CMDB-100273
OT-00273,PASSIVE,PLT-03-DCS_CONTROLLER-774
OT-00273,CMMS,ASSET-200273
OT-00274,CMDB,CMDB-100274
OT-00274,PASSIVE,PLT-03-HISTORIAN-080
OT-00274,CMMS,ASSET-200274
OT-00275,CMDB,CMDB-100275
OT-00275,PASSIVE,PLT-03-VFD-028
OT-00275,CMMS,ASSET-200275
OT-00276,CMDB,CMDB-100276
OT-00276,PASSIVE,PLT-03-HISTORIAN-219
OT-00276,CMMS,ASSET-200276
OT-00277,CMDB,CMDB-100277
OT-00277,PASSIVE,PLT-03-NETWORK_SWITCH-617
OT-00277,CMMS,ASSET-200277
OT-00278,CMDB,CMDB-100278
OT-00278,PASSIVE,PLT-03-NETWORK_SWITCH-931
OT-00278,CMMS,ASSET-200278
OT-00279,CMDB,CMDB-100279
OT-00279,PASSIVE,PLT-03-PLC-498
OT-00279,CMMS,ASSET-200279
OT-00280,CMDB,CMDB-100280
OT-00280,PASSIVE,PLT-03-SENSOR-036
OT-00280,CMMS,ASSET-200280
OT-00281,CMDB,CMDB-100281
OT-00281,PASSIVE,PLT-03-IED-548
OT-00281,CMMS,ASSET-200281
OT-00282,CMDB,CMDB-100282
OT-00282,PASSIVE,PLT-03-OPC_SERVER-449
OT-00282,CMMS,ASSET-200282
OT-00283,CMDB,CMDB-100283
OT-00283,PASSIVE,PLT-03-SAFETY_PLC-297
OT-00283,CMMS,ASSET-200283
OT-00284,CMDB,CMDB-100284
OT-00284,PASSIVE,PLT-03-IED-688
OT-00284,CMMS,ASSET-200284
OT-00285,CMDB,CMDB-100285
OT-00285,PASSIVE,PLT-03-RTU-536
OT-00285,CMMS,ASSET-200285
OT-00286,CMDB,CMDB-100286
OT-00286,PASSIVE,PLT-03-HMI-674
OT-00286,CMMS,ASSET-200286
OT-00287,CMDB,CMDB-100287
OT-00287,PASSIVE,PLT-03-DCS_CONTROLLER-826
OT-00287,CMMS,ASSET-200287
OT-00288,CMDB,CMDB-100288
OT-00288,PASSIVE,PLT-03-HISTORIAN-645
OT-00288,CMMS,ASSET-200288
OT-00289,CMDB,CMDB-100289
OT-00289,PASSIVE,PLT-03-OPC_SERVER-039
OT-00289,CMMS,ASSET-200289
OT-00290,CMDB,CMDB-100290
OT-00290,PASSIVE,PLT-03-GATEWAY-460
OT-00290,CMMS,ASSET-200290
OT-00291,CMDB,CMDB-100291
OT-00291,PASSIVE,PLT-03-SENSOR-515
OT-00291,CMMS,ASSET-200291
OT-00292,CMDB,CMDB-100292
OT-00292,PASSIVE,PLT-03-GATEWAY-473
OT-00292,CMMS,ASSET-200292
OT-00293,CMDB,CMDB-100293
OT-00293,PASSIVE,PLT-03-DCS_CONTROLLER-182
OT-00293,CMMS,ASSET-200293
OT-00294,CMDB,CMDB-100294
OT-00294,PASSIVE,PLT-03-SAFETY_PLC-422
OT-00294,CMMS,ASSET-200294
OT-00295,CMDB,CMDB-100295
OT-00295,PASSIVE,PLT-03-DCS_CONTROLLER-245
OT-00295,CMMS,ASSET-200295
OT-00296,CMDB,CMDB-100296
OT-00296,PASSIVE,PLT-03-NETWORK_SWITCH-863
OT-00296,CMMS,ASSET-200296
OT-00297,CMDB,CMDB-100297
OT-00297,PASSIVE,PLT-03-OPC_SERVER-493
OT-00297,CMMS,ASSET-200297
OT-00298,CMDB,CMDB-100298
OT-00298,PASSIVE,PLT-03-IED-170
OT-00298,CMMS,ASSET-200298
OT-00299,CMDB,CMDB-100299
OT-00299,PASSIVE,PLT-03-HISTORIAN-979
OT-00299,CMMS,ASSET-200299
OT-00300,CMDB,CMDB-100300
OT-00300,PASSIVE,PLT-03-GATEWAY-432
OT-00300,CMMS,ASSET-200300
OT-00301,CMDB,CMDB-100301
OT-00301,PASSIVE,PLT-03-IED-306
OT-00301,CMMS,ASSET-200301
OT-00302,CMDB,CMDB-100302
OT-00302,PASSIVE,PLT-03-GATEWAY-043
OT-00302,CMMS,ASSET-200302
OT-00303,CMDB,CMDB-100303
OT-00303,PASSIVE,PLT-03-GATEWAY-663
OT-00303,CMMS,ASSET-200303
OT-00304,CMDB,CMDB-100304
OT-00304,PASSIVE,PLT-03-SENSOR-117
OT-00304,CMMS,ASSET-200304
OT-00305,CMDB,CMDB-100305
OT-00305,PASSIVE,PLT-03-HMI-160
OT-00305,CMMS,ASSET-200305
OT-00306,CMDB,CMDB-100306
OT-00306,PASSIVE,PLT-03-RTU-975
OT-00306,CMMS,ASSET-200306
OT-00307,CMDB,CMDB-100307
OT-00307,PASSIVE,PLT-03-ENG_WORKSTATION-011
OT-00307,CMMS,ASSET-200307
OT-00308,CMDB,CMDB-100308
OT-00308,PASSIVE,PLT-03-GATEWAY-684
OT-00308,CMMS,ASSET-200308
OT-00309,CMDB,CMDB-100309
OT-00309,PASSIVE,PLT-03-IED-848
OT-00309,CMMS,ASSET-200309
OT-00310,CMDB,CMDB-100310
OT-00310,PASSIVE,PLT-03-GATEWAY-459
OT-00310,CMMS,ASSET-200310
OT-00311,CMDB,CMDB-100311
OT-00311,PASSIVE,PLT-03-HMI-776
OT-00311,CMMS,ASSET-200311
OT-00312,CMDB,CMDB-100312
OT-00312,PASSIVE,PLT-03-PLC-307
OT-00312,CMMS,ASSET-200312
OT-00313,CMDB,CMDB-100313
OT-00313,PASSIVE,PLT-03-SENSOR-468
OT-00313,CMMS,ASSET-200313
OT-00314,CMDB,CMDB-100314
OT-00314,PASSIVE,PLT-03-SENSOR-006
OT-00314,CMMS,ASSET-200314
OT-00315,CMDB,CMDB-100315
OT-00315,PASSIVE,PLT-03-VFD-369
OT-00315,CMMS,ASSET-200315
OT-00316,CMDB,CMDB-100316
OT-00316,PASSIVE,PLT-03-PLC-925
OT-00316,CMMS,ASSET-200316
OT-00317,CMDB,CMDB-100317
OT-00317,PASSIVE,PLT-03-SAFETY_PLC-473
OT-00317,CMMS,ASSET-200317
OT-00318,CMDB,CMDB-100318
OT-00318,PASSIVE,PLT-03-ENG_WORKSTATION-645
OT-00318,CMMS,ASSET-200318
OT-00319,CMDB,CMDB-100319
OT-00319,PASSIVE,PLT-03-NETWORK_SWITCH-971
OT-00319,CMMS,ASSET-200319
OT-00320,CMDB,CMDB-100320
OT-00320,PASSIVE,PLT-03-HMI-402
OT-00320,CMMS,ASSET-200320
OT-00321,CMDB,CMDB-100321
OT-00321,PASSIVE,PLT-03-SENSOR-138
OT-00321,CMMS,ASSET-200321
OT-00322,CMDB,CMDB-100322
OT-00322,PASSIVE,PLT-04-PLC-052
OT-00322,CMMS,ASSET-200322
OT-00323,CMDB,CMDB-100323
OT-00323,PASSIVE,PLT-04-HMI-658
OT-00323,CMMS,ASSET-200323
OT-00324,CMDB,CMDB-100324
OT-00324,PASSIVE,PLT-04-SENSOR-398
OT-00324,CMMS,ASSET-200324
OT-00325,CMDB,CMDB-100325
OT-00325,PASSIVE,PLT-04-NETWORK_SWITCH-920
OT-00325,CMMS,ASSET-200325
OT-00326,CMDB,CMDB-100326
OT-00326,PASSIVE,PLT-04-RTU-092
OT-00326,CMMS,ASSET-200326
OT-00327,CMDB,CMDB-100327
OT-00327,PASSIVE,PLT-04-HISTORIAN-919
OT-00327,CMMS,ASSET-200327
OT-00328,CMDB,CMDB-100328
OT-00328,PASSIVE,PLT-04-PLC-938
OT-00328,CMMS,ASSET-200328
OT-00329,CMDB,CMDB-100329
OT-00329,PASSIVE,PLT-04-RTU-462
OT-00329,CMMS,ASSET-200329
OT-00330,CMDB,CMDB-100330
OT-00330,PASSIVE,PLT-04-NETWORK_SWITCH-230
OT-00330,CMMS,ASSET-200330
OT-00331,CMDB,CMDB-100331
OT-00331,PASSIVE,PLT-04-ENG_WORKSTATION-698
OT-00331,CMMS,ASSET-200331
OT-00332,CMDB,CMDB-100332
OT-00332,PASSIVE,PLT-04-OPC_SERVER-292
OT-00332,CMMS,ASSET-200332
OT-00333,CMDB,CMDB-100333
OT-00333,PASSIVE,PLT-04-HMI-741
OT-00333,CMMS,ASSET-200333
OT-00334,CMDB,CMDB-100334
OT-00334,PASSIVE,PLT-04-DCS_CONTROLLER-193
OT-00334,CMMS,ASSET-200334
OT-00335,CMDB,CMDB-100335
OT-00335,PASSIVE,PLT-04-NETWORK_SWITCH-781
OT-00335,CMMS,ASSET-200335
OT-00336,CMDB,CMDB-100336
OT-00336,PASSIVE,PLT-04-SENSOR-590
OT-00336,CMMS,ASSET-200336
OT-00337,CMDB,CMDB-100337
OT-00337,PASSIVE,PLT-04-IED-454
OT-00337,CMMS,ASSET-200337
OT-00338,CMDB,CMDB-100338
OT-00338,PASSIVE,PLT-04-PLC-048
OT-00338,CMMS,ASSET-200338
OT-00339,CMDB,CMDB-100339
OT-00339,PASSIVE,PLT-04-HISTORIAN-713
OT-00339,CMMS,ASSET-200339
OT-00340,CMDB,CMDB-100340
OT-00340,PASSIVE,PLT-04-RTU-260
OT-00340,CMMS,ASSET-200340
OT-00341,CMDB,CMDB-100341
OT-00341,PASSIVE,PLT-04-PLC-129
OT-00341,CMMS,ASSET-200341
OT-00342,CMDB,CMDB-100342
OT-00342,PASSIVE,PLT-04-OPC_SERVER-470
OT-00342,CMMS,ASSET-200342
OT-00343,CMDB,CMDB-100343
OT-00343,PASSIVE,PLT-04-RTU-120
OT-00343,CMMS,ASSET-200343
OT-00344,CMDB,CMDB-100344
OT-00344,PASSIVE,PLT-04-PLC-863
OT-00344,CMMS,ASSET-200344
OT-00345,CMDB,CMDB-100345
OT-00345,PASSIVE,PLT-04-HISTORIAN-216
OT-00345,CMMS,ASSET-200345
OT-00346,CMDB,CMDB-100346
OT-00346,PASSIVE,PLT-04-IED-022
OT-00346,CMMS,ASSET-200346
OT-00347,CMDB,CMDB-100347
OT-00347,PASSIVE,PLT-04-IED-529
OT-00347,CMMS,ASSET-200347
OT-00348,CMDB,CMDB-100348
OT-00348,PASSIVE,PLT-04-PLC-115
OT-00348,CMMS,ASSET-200348
OT-00349,CMDB,CMDB-100349
OT-00349,PASSIVE,PLT-04-GATEWAY-946
OT-00349,CMMS,ASSET-200349
OT-00350,CMDB,CMDB-100350
OT-00350,PASSIVE,PLT-04-DCS_CONTROLLER-756
OT-00350,CMMS,ASSET-200350
OT-00351,CMDB,CMDB-100351
OT-00351,PASSIVE,PLT-04-IED-711
OT-00351,CMMS,ASSET-200351
OT-00352,CMDB,CMDB-100352
OT-00352,PASSIVE,PLT-04-ENG_WORKSTATION-728
OT-00352,CMMS,ASSET-200352
OT-00353,CMDB,CMDB-100353
OT-00353,PASSIVE,PLT-04-RTU-453
OT-00353,CMMS,ASSET-200353
OT-00354,CMDB,CMDB-100354
OT-00354,PASSIVE,PLT-04-HMI-614
OT-00354,CMMS,ASSET-200354
OT-00355,CMDB,CMDB-100355
OT-00355,PASSIVE,PLT-04-IED-308
OT-00355,CMMS,ASSET-200355
OT-00356,CMDB,CMDB-100356
OT-00356,PASSIVE,PLT-04-HISTORIAN-885
OT-00356,CMMS,ASSET-200356
OT-00357,CMDB,CMDB-100357
OT-00357,PASSIVE,PLT-04-RTU-916
OT-00357,CMMS,ASSET-200357
OT-00358,CMDB,CMDB-100358
OT-00358,PASSIVE,PLT-04-SAFETY_PLC-720
OT-00358,CMMS,ASSET-200358
OT-00359,CMDB,CMDB-100359
OT-00359,PASSIVE,PLT-04-NETWORK_SWITCH-254
OT-00359,CMMS,ASSET-200359
OT-00360,CMDB,CMDB-100360
OT-00360,PASSIVE,PLT-04-PLC-490
OT-00360,CMMS,ASSET-200360
OT-00361,CMDB,CMDB-100361
OT-00361,PASSIVE,PLT-04-IED-374
OT-00361,CMMS,ASSET-200361
OT-00362,CMDB,CMDB-100362
OT-00362,PASSIVE,PLT-04-PLC-417
OT-00362,CMMS,ASSET-200362
OT-00363,CMDB,CMDB-100363
OT-00363,PASSIVE,PLT-04-HMI-746
OT-00363,CMMS,ASSET-200363
OT-00364,CMDB,CMDB-100364
OT-00364,PASSIVE,PLT-04-NETWORK_SWITCH-376
OT-00364,CMMS,ASSET-200364
OT-00365,CMDB,CMDB-100365
OT-00365,PASSIVE,PLT-04-DCS_CONTROLLER-168
OT-00365,CMMS,ASSET-200365
OT-00366,CMDB,CMDB-100366
OT-00366,PASSIVE,PLT-04-SENSOR-570
OT-00366,CMMS,ASSET-200366
OT-00367,CMDB,CMDB-100367
OT-00367,PASSIVE,PLT-04-SENSOR-822
OT-00367,CMMS,ASSET-200367
OT-00368,CMDB,CMDB-100368
OT-00368,PASSIVE,PLT-04-GATEWAY-627
OT-00368,CMMS,ASSET-200368
OT-00369,CMDB,CMDB-100369
OT-00369,PASSIVE,PLT-04-VFD-367
OT-00369,CMMS,ASSET-200369
OT-00370,CMDB,CMDB-100370
OT-00370,PASSIVE,PLT-04-OPC_SERVER-281
OT-00370,CMMS,ASSET-200370
OT-00371,CMDB,CMDB-100371
OT-00371,PASSIVE,PLT-04-PLC-887
OT-00371,CMMS,ASSET-200371
OT-00372,CMDB,CMDB-100372
OT-00372,PASSIVE,PLT-04-PLC-763
OT-00372,CMMS,ASSET-200372
OT-00373,CMDB,CMDB-100373
OT-00373,PASSIVE,PLT-04-GATEWAY-088
OT-00373,CMMS,ASSET-200373
OT-00374,CMDB,CMDB-100374
OT-00374,PASSIVE,PLT-04-RTU-577
OT-00374,CMMS,ASSET-200374
OT-00375,CMDB,CMDB-100375
OT-00375,PASSIVE,PLT-04-DCS_CONTROLLER-293
OT-00375,CMMS,ASSET-200375
OT-00376,CMDB,CMDB-100376
OT-00376,PASSIVE,PLT-04-OPC_SERVER-544
OT-00376,CMMS,ASSET-200376
OT-00377,CMDB,CMDB-100377
OT-00377,PASSIVE,PLT-04-RTU-508
OT-00377,CMMS,ASSET-200377
OT-00378,CMDB,CMDB-100378
OT-00378,PASSIVE,PLT-04-DCS_CONTROLLER-313
OT-00378,CMMS,ASSET-200378
OT-00379,CMDB,CMDB-100379
OT-00379,PASSIVE,PLT-04-PLC-171
OT-00379,CMMS,ASSET-200379
OT-00380,CMDB,CMDB-100380
OT-00380,PASSIVE,PLT-04-VFD-733
OT-00380,CMMS,ASSET-200380
OT-00381,CMDB,CMDB-100381
OT-00381,PASSIVE,PLT-04-SAFETY_PLC-618
OT-00381,CMMS,ASSET-200381
OT-00382,CMDB,CMDB-100382
OT-00382,PASSIVE,PLT-04-HISTORIAN-956
OT-00382,CMMS,ASSET-200382
OT-00383,CMDB,CMDB-100383
OT-00383,PASSIVE,PLT-04-RTU-513
OT-00383,CMMS,ASSET-200383
OT-00384,CMDB,CMDB-100384
OT-00384,PASSIVE,PLT-04-PLC-497
OT-00384,CMMS,ASSET-200384
OT-00385,CMDB,CMDB-100385
OT-00385,PASSIVE,PLT-04-SENSOR-709
OT-00385,CMMS,ASSET-200385
OT-00386,CMDB,CMDB-100386
OT-00386,PASSIVE,PLT-04-OPC_SERVER-273
OT-00386,CMMS,ASSET-200386
OT-00387,CMDB,CMDB-100387
OT-00387,PASSIVE,PLT-04-NETWORK_SWITCH-918
OT-00387,CMMS,ASSET-200387
OT-00388,CMDB,CMDB-100388
OT-00388,PASSIVE,PLT-04-ENG_WORKSTATION-214
OT-00388,CMMS,ASSET-200388
OT-00389,CMDB,CMDB-100389
OT-00389,PASSIVE,PLT-04-GATEWAY-812
OT-00389,CMMS,ASSET-200389
OT-00390,CMDB,CMDB-100390
OT-00390,PASSIVE,PLT-04-OPC_SERVER-983
OT-00390,CMMS,ASSET-200390
OT-00391,CMDB,CMDB-100391
OT-00391,PASSIVE,PLT-04-PLC-217
OT-00391,CMMS,ASSET-200391
OT-00392,CMDB,CMDB-100392
OT-00392,PASSIVE,PLT-04-PLC-538
OT-00392,CMMS,ASSET-200392
OT-00393,CMDB,CMDB-100393
OT-00393,PASSIVE,PLT-04-SAFETY_PLC-310
OT-00393,CMMS,ASSET-200393
OT-00394,CMDB,CMDB-100394
OT-00394,PASSIVE,PLT-04-IED-340
OT-00394,CMMS,ASSET-200394
OT-00395,CMDB,CMDB-100395
OT-00395,PASSIVE,PLT-04-PLC-775
OT-00395,CMMS,ASSET-200395
OT-00396,CMDB,CMDB-100396
OT-00396,PASSIVE,PLT-04-SENSOR-562
OT-00396,CMMS,ASSET-200396
OT-00397,CMDB,CMDB-100397
OT-00397,PASSIVE,PLT-04-SAFETY_PLC-955
OT-00397,CMMS,ASSET-200397
OT-00398,CMDB,CMDB-100398
OT-00398,PASSIVE,PLT-04-HMI-922
OT-00398,CMMS,ASSET-200398
OT-00399,CMDB,CMDB-100399
OT-00399,PASSIVE,PLT-04-VFD-252
OT-00399,CMMS,ASSET-200399
OT-00400,CMDB,CMDB-100400
OT-00400,PASSIVE,PLT-04-ENG_WORKSTATION-972
OT-00400,CMMS,ASSET-200400
OT-00401,CMDB,CMDB-100401
OT-00401,PASSIVE,PLT-04-IED-338
OT-00401,CMMS,ASSET-200401
OT-00402,CMDB,CMDB-100402
OT-00402,PASSIVE,PLT-04-DCS_CONTROLLER-091
OT-00402,CMMS,ASSET-200402
OT-00403,CMDB,CMDB-100403
OT-00403,PASSIVE,PLT-04-SENSOR-123
OT-00403,CMMS,ASSET-200403
OT-00404,CMDB,CMDB-100404
OT-00404,PASSIVE,PLT-04-GATEWAY-876
OT-00404,CMMS,ASSET-200404
OT-00405,CMDB,CMDB-100405
OT-00405,PASSIVE,PLT-04-SAFETY_PLC-844
OT-00405,CMMS,ASSET-200405
OT-00406,CMDB,CMDB-100406
OT-00406,PASSIVE,PLT-04-ENG_WORKSTATION-640
OT-00406,CMMS,ASSET-200406
OT-00407,CMDB,CMDB-100407
OT-00407,PASSIVE,PLT-04-SAFETY_PLC-222
OT-00407,CMMS,ASSET-200407
OT-00408,CMDB,CMDB-100408
OT-00408,PASSIVE,PLT-04-HMI-239
OT-00408,CMMS,ASSET-200408
OT-00409,CMDB,CMDB-100409
OT-00409,PASSIVE,PLT-04-NETWORK_SWITCH-155
OT-00409,CMMS,ASSET-200409
OT-00410,CMDB,CMDB-100410
OT-00410,PASSIVE,PLT-04-VFD-781
OT-00410,CMMS,ASSET-200410
OT-00411,CMDB,CMDB-100411
OT-00411,PASSIVE,PLT-04-HISTORIAN-518
OT-00411,CMMS,ASSET-200411
OT-00412,CMDB,CMDB-100412
OT-00412,PASSIVE,PLT-04-NETWORK_SWITCH-905
OT-00412,CMMS,ASSET-200412
OT-00413,CMDB,CMDB-100413
OT-00413,PASSIVE,PLT-04-ENG_WORKSTATION-444
OT-00413,CMMS,ASSET-200413
OT-00414,CMDB,CMDB-100414
OT-00414,PASSIVE,PLT-04-VFD-408
OT-00414,CMMS,ASSET-200414
OT-00415,CMDB,CMDB-100415
OT-00415,PASSIVE,PLT-04-DCS_CONTROLLER-339
OT-00415,CMMS,ASSET-200415
OT-00416,CMDB,CMDB-100416
OT-00416,PASSIVE,PLT-04-OPC_SERVER-754
OT-00416,CMMS,ASSET-200416
OT-00417,CMDB,CMDB-100417
OT-00417,PASSIVE,PLT-04-PLC-522
OT-00417,CMMS,ASSET-200417
OT-00418,CMDB,CMDB-100418
OT-00418,PASSIVE,PLT-04-GATEWAY-897
OT-00418,CMMS,ASSET-200418
OT-00419,CMDB,CMDB-100419
OT-00419,PASSIVE,PLT-04-HMI-949
OT-00419,CMMS,ASSET-200419
OT-00420,CMDB,CMDB-100420
OT-00420,PASSIVE,PLT-04-OPC_SERVER-497
OT-00420,CMMS,ASSET-200420
OT-00421,CMDB,CMDB-100421
OT-00421,PASSIVE,PLT-04-GATEWAY-011
OT-00421,CMMS,ASSET-200421
OT-00422,CMDB,CMDB-100422
OT-00422,PASSIVE,PLT-04-HISTORIAN-601
OT-00422,CMMS,ASSET-200422
OT-00423,CMDB,CMDB-100423
OT-00423,PASSIVE,PLT-04-ENG_WORKSTATION-324
OT-00423,CMMS,ASSET-200423
OT-00424,CMDB,CMDB-100424
OT-00424,PASSIVE,PLT-04-OPC_SERVER-523
OT-00424,CMMS,ASSET-200424
OT-00425,CMDB,CMDB-100425
OT-00425,PASSIVE,PLT-04-IED-324
OT-00425,CMMS,ASSET-200425
OT-00426,CMDB,CMDB-100426
OT-00426,PASSIVE,PLT-04-VFD-896
OT-00426,CMMS,ASSET-200426
OT-00427,CMDB,CMDB-100427
OT-00427,PASSIVE,PLT-04-HMI-655
OT-00427,CMMS,ASSET-200427
OT-00428,CMDB,CMDB-100428
OT-00428,PASSIVE,PLT-04-PLC-517
OT-00428,CMMS,ASSET-200428
OT-00429,CMDB,CMDB-100429
OT-00429,PASSIVE,PLT-04-NETWORK_SWITCH-580
OT-00429,CMMS,ASSET-200429
OT-00430,CMDB,CMDB-100430
OT-00430,PASSIVE,PLT-04-OPC_SERVER-089
OT-00430,CMMS,ASSET-200430
OT-00431,CMDB,CMDB-100431
OT-00431,PASSIVE,PLT-04-GATEWAY-089
OT-00431,CMMS,ASSET-200431
OT-00432,CMDB,CMDB-100432
OT-00432,PASSIVE,PLT-04-ENG_WORKSTATION-157
OT-00432,CMMS,ASSET-200432
OT-00433,CMDB,CMDB-100433
OT-00433,PASSIVE,PLT-04-OPC_SERVER-588
OT-00433,CMMS,ASSET-200433
OT-00434,CMDB,CMDB-100434
OT-00434,PASSIVE,PLT-05-NETWORK_SWITCH-040
OT-00434,CMMS,ASSET-200434
OT-00435,CMDB,CMDB-100435
OT-00435,PASSIVE,PLT-05-OPC_SERVER-057
OT-00435,CMMS,ASSET-200435
OT-00436,CMDB,CMDB-100436
OT-00436,PASSIVE,PLT-05-ENG_WORKSTATION-362
OT-00436,CMMS,ASSET-200436
OT-00437,CMDB,CMDB-100437
OT-00437,PASSIVE,PLT-05-DCS_CONTROLLER-636
OT-00437,CMMS,ASSET-200437
OT-00438,CMDB,CMDB-100438
OT-00438,PASSIVE,PLT-05-ENG_WORKSTATION-768
OT-00438,CMMS,ASSET-200438
OT-00439,CMDB,CMDB-100439
OT-00439,PASSIVE,PLT-05-HISTORIAN-200
OT-00439,CMMS,ASSET-200439
OT-00440,CMDB,CMDB-100440
OT-00440,PASSIVE,PLT-05-RTU-508
OT-00440,CMMS,ASSET-200440
OT-00441,CMDB,CMDB-100441
OT-00441,PASSIVE,PLT-05-OPC_SERVER-270
OT-00441,CMMS,ASSET-200441
OT-00442,CMDB,CMDB-100442
OT-00442,PASSIVE,PLT-05-DCS_CONTROLLER-827
OT-00442,CMMS,ASSET-200442
OT-00443,CMDB,CMDB-100443
OT-00443,PASSIVE,PLT-05-HMI-472
OT-00443,CMMS,ASSET-200443
OT-00444,CMDB,CMDB-100444
OT-00444,PASSIVE,PLT-05-RTU-809
OT-00444,CMMS,ASSET-200444
OT-00445,CMDB,CMDB-100445
OT-00445,PASSIVE,PLT-05-OPC_SERVER-026
OT-00445,CMMS,ASSET-200445
OT-00446,CMDB,CMDB-100446
OT-00446,PASSIVE,PLT-05-DCS_CONTROLLER-243
OT-00446,CMMS,ASSET-200446
OT-00447,CMDB,CMDB-100447
OT-00447,PASSIVE,PLT-05-HMI-896
OT-00447,CMMS,ASSET-200447
OT-00448,CMDB,CMDB-100448
OT-00448,PASSIVE,PLT-05-OPC_SERVER-090
OT-00448,CMMS,ASSET-200448
OT-00449,CMDB,CMDB-100449
OT-00449,PASSIVE,PLT-05-OPC_SERVER-300
OT-00449,CMMS,ASSET-200449
OT-00450,CMDB,CMDB-100450
OT-00450,PASSIVE,PLT-05-HISTORIAN-427
OT-00450,CMMS,ASSET-200450
OT-00451,CMDB,CMDB-100451
OT-00451,PASSIVE,PLT-05-GATEWAY-451
OT-00451,CMMS,ASSET-200451
OT-00452,CMDB,CMDB-100452
OT-00452,PASSIVE,PLT-05-SENSOR-319
OT-00452,CMMS,ASSET-200452
OT-00453,CMDB,CMDB-100453
OT-00453,PASSIVE,PLT-05-SAFETY_PLC-619
OT-00453,CMMS,ASSET-200453
OT-00454,CMDB,CMDB-100454
OT-00454,PASSIVE,PLT-05-IED-372
OT-00454,CMMS,ASSET-200454
OT-00455,CMDB,CMDB-100455
OT-00455,PASSIVE,PLT-05-GATEWAY-022
OT-00455,CMMS,ASSET-200455
OT-00456,CMDB,CMDB-100456
OT-00456,PASSIVE,PLT-05-DCS_CONTROLLER-752
OT-00456,CMMS,ASSET-200456
OT-00457,CMDB,CMDB-100457
OT-00457,PASSIVE,PLT-05-DCS_CONTROLLER-100
OT-00457,CMMS,ASSET-200457
OT-00458,CMDB,CMDB-100458
OT-00458,PASSIVE,PLT-05-HISTORIAN-871
OT-00458,CMMS,ASSET-200458
OT-00459,CMDB,CMDB-100459
OT-00459,PASSIVE,PLT-05-SAFETY_PLC-493
OT-00459,CMMS,ASSET-200459
OT-00460,CMDB,CMDB-100460
OT-00460,PASSIVE,PLT-05-IED-332
OT-00460,CMMS,ASSET-200460
OT-00461,CMDB,CMDB-100461
OT-00461,PASSIVE,PLT-05-PLC-054
OT-00461,CMMS,ASSET-200461
OT-00462,CMDB,CMDB-100462
OT-00462,PASSIVE,PLT-05-VFD-431
OT-00462,CMMS,ASSET-200462
OT-00463,CMDB,CMDB-100463
OT-00463,PASSIVE,PLT-05-HMI-021
OT-00463,CMMS,ASSET-200463
OT-00464,CMDB,CMDB-100464
OT-00464,PASSIVE,PLT-05-IED-001
OT-00464,CMMS,ASSET-200464
OT-00465,CMDB,CMDB-100465
OT-00465,PASSIVE,PLT-05-SAFETY_PLC-522
OT-00465,CMMS,ASSET-200465
OT-00466,CMDB,CMDB-100466
OT-00466,PASSIVE,PLT-05-IED-693
OT-00466,CMMS,ASSET-200466
OT-00467,CMDB,CMDB-100467
OT-00467,PASSIVE,PLT-05-PLC-786
OT-00467,CMMS,ASSET-200467
OT-00468,CMDB,CMDB-100468
OT-00468,PASSIVE,PLT-05-ENG_WORKSTATION-800
OT-00468,CMMS,ASSET-200468
OT-00469,CMDB,CMDB-100469
OT-00469,PASSIVE,PLT-05-OPC_SERVER-776
OT-00469,CMMS,ASSET-200469
OT-00470,CMDB,CMDB-100470
OT-00470,PASSIVE,PLT-05-VFD-036
OT-00470,CMMS,ASSET-200470
OT-00471,CMDB,CMDB-100471
OT-00471,PASSIVE,PLT-05-HISTORIAN-663
OT-00471,CMMS,ASSET-200471
OT-00472,CMDB,CMDB-100472
OT-00472,PASSIVE,PLT-05-SAFETY_PLC-406
OT-00472,CMMS,ASSET-200472
OT-00473,CMDB,CMDB-100473
OT-00473,PASSIVE,PLT-05-SENSOR-980
OT-00473,CMMS,ASSET-200473
OT-00474,CMDB,CMDB-100474
OT-00474,PASSIVE,PLT-05-RTU-452
OT-00474,CMMS,ASSET-200474
OT-00475,CMDB,CMDB-100475
OT-00475,PASSIVE,PLT-05-NETWORK_SWITCH-788
OT-00475,CMMS,ASSET-200475
OT-00476,CMDB,CMDB-100476
OT-00476,PASSIVE,PLT-05-HMI-383
OT-00476,CMMS,ASSET-200476
OT-00477,CMDB,CMDB-100477
OT-00477,PASSIVE,PLT-05-VFD-871
OT-00477,CMMS,ASSET-200477
OT-00478,CMDB,CMDB-100478
OT-00478,PASSIVE,PLT-05-HMI-493
OT-00478,CMMS,ASSET-200478
OT-00479,CMDB,CMDB-100479
OT-00479,PASSIVE,PLT-05-PLC-421
OT-00479,CMMS,ASSET-200479
OT-00480,CMDB,CMDB-100480
OT-00480,PASSIVE,PLT-05-ENG_WORKSTATION-271
OT-00480,CMMS,ASSET-200480
OT-00481,CMDB,CMDB-100481
OT-00481,PASSIVE,PLT-05-OPC_SERVER-011
OT-00481,CMMS,ASSET-200481
OT-00482,CMDB,CMDB-100482
OT-00482,PASSIVE,PLT-05-HISTORIAN-363
OT-00482,CMMS,ASSET-200482
OT-00483,CMDB,CMDB-100483
OT-00483,PASSIVE,PLT-05-VFD-629
OT-00483,CMMS,ASSET-200483
OT-00484,CMDB,CMDB-100484
OT-00484,PASSIVE,PLT-05-SAFETY_PLC-689
OT-00484,CMMS,ASSET-200484
OT-00485,CMDB,CMDB-100485
OT-00485,PASSIVE,PLT-05-SAFETY_PLC-165
OT-00485,CMMS,ASSET-200485
OT-00486,CMDB,CMDB-100486
OT-00486,PASSIVE,PLT-05-DCS_CONTROLLER-826
OT-00486,CMMS,ASSET-200486
OT-00487,CMDB,CMDB-100487
OT-00487,PASSIVE,PLT-05-PLC-902
OT-00487,CMMS,ASSET-200487
OT-00488,CMDB,CMDB-100488
OT-00488,PASSIVE,PLT-05-PLC-440
OT-00488,CMMS,ASSET-200488
OT-00489,CMDB,CMDB-100489
OT-00489,PASSIVE,PLT-05-GATEWAY-765
OT-00489,CMMS,ASSET-200489
OT-00490,CMDB,CMDB-100490
OT-00490,PASSIVE,PLT-05-ENG_WORKSTATION-819
OT-00490,CMMS,ASSET-200490
OT-00491,CMDB,CMDB-100491
OT-00491,PASSIVE,PLT-05-RTU-527
OT-00491,CMMS,ASSET-200491
OT-00492,CMDB,CMDB-100492
OT-00492,PASSIVE,PLT-05-GATEWAY-882
OT-00492,CMMS,ASSET-200492
OT-00493,CMDB,CMDB-100493
OT-00493,PASSIVE,PLT-05-PLC-211
OT-00493,CMMS,ASSET-200493
OT-00494,CMDB,CMDB-100494
OT-00494,PASSIVE,PLT-05-HISTORIAN-438
OT-00494,CMMS,ASSET-200494
OT-00495,CMDB,CMDB-100495
OT-00495,PASSIVE,PLT-05-DCS_CONTROLLER-468
OT-00495,CMMS,ASSET-200495
OT-00496,CMDB,CMDB-100496
OT-00496,PASSIVE,PLT-05-HMI-096
OT-00496,CMMS,ASSET-200496
OT-00497,CMDB,CMDB-100497
OT-00497,PASSIVE,PLT-05-SENSOR-220
OT-00497,CMMS,ASSET-200497
OT-00498,CMDB,CMDB-100498
OT-00498,PASSIVE,PLT-05-GATEWAY-837
OT-00498,CMMS,ASSET-200498
OT-00499,CMDB,CMDB-100499
OT-00499,PASSIVE,PLT-05-IED-959
OT-00499,CMMS,ASSET-200499
OT-00500,CMDB,CMDB-100500
OT-00500,PASSIVE,PLT-05-RTU-471
OT-00500,CMMS,ASSET-200500
OT-00501,CMDB,CMDB-100501
OT-00501,PASSIVE,PLT-05-ENG_WORKSTATION-356
OT-00501,CMMS,ASSET-200501
OT-00502,CMDB,CMDB-100502
OT-00502,PASSIVE,PLT-05-OPC_SERVER-681
OT-00502,CMMS,ASSET-200502
OT-00503,CMDB,CMDB-100503
OT-00503,PASSIVE,PLT-05-PLC-446
OT-00503,CMMS,ASSET-200503
OT-00504,CMDB,CMDB-100504
OT-00504,PASSIVE,PLT-05-PLC-925
OT-00504,CMMS,ASSET-200504
OT-00505,CMDB,CMDB-100505
OT-00505,PASSIVE,PLT-05-HISTORIAN-580
OT-00505,CMMS,ASSET-200505
OT-00506,CMDB,CMDB-100506
OT-00506,PASSIVE,PLT-05-DCS_CONTROLLER-486
OT-00506,CMMS,ASSET-200506
OT-00507,CMDB,CMDB-100507
OT-00507,PASSIVE,PLT-05-ENG_WORKSTATION-093
OT-00507,CMMS,ASSET-200507
OT-00508,CMDB,CMDB-100508
OT-00508,PASSIVE,PLT-05-SAFETY_PLC-748
OT-00508,CMMS,ASSET-200508
OT-00509,CMDB,CMDB-100509
OT-00509,PASSIVE,PLT-05-NETWORK_SWITCH-220
OT-00509,CMMS,ASSET-200509
OT-00510,CMDB,CMDB-100510
OT-00510,PASSIVE,PLT-05-SENSOR-182
OT-00510,CMMS,ASSET-200510
OT-00511,CMDB,CMDB-100511
OT-00511,PASSIVE,PLT-05-IED-632
OT-00511,CMMS,ASSET-200511
OT-00512,CMDB,CMDB-100512
OT-00512,PASSIVE,PLT-05-NETWORK_SWITCH-113
OT-00512,CMMS,ASSET-200512
OT-00513,CMDB,CMDB-100513
OT-00513,PASSIVE,PLT-05-HMI-970
OT-00513,CMMS,ASSET-200513
OT-00514,CMDB,CMDB-100514
OT-00514,PASSIVE,PLT-05-NETWORK_SWITCH-324
OT-00514,CMMS,ASSET-200514
OT-00515,CMDB,CMDB-100515
OT-00515,PASSIVE,PLT-05-OPC_SERVER-150
OT-00515,CMMS,ASSET-200515
OT-00516,CMDB,CMDB-100516
OT-00516,PASSIVE,PLT-05-DCS_CONTROLLER-394
OT-00516,CMMS,ASSET-200516
OT-00517,CMDB,CMDB-100517
OT-00517,PASSIVE,PLT-05-SENSOR-872
OT-00517,CMMS,ASSET-200517
OT-00518,CMDB,CMDB-100518
OT-00518,PASSIVE,PLT-05-HMI-439
OT-00518,CMMS,ASSET-200518
OT-00519,CMDB,CMDB-100519
OT-00519,PASSIVE,PLT-05-HMI-622
OT-00519,CMMS,ASSET-200519
OT-00520,CMDB,CMDB-100520
OT-00520,PASSIVE,PLT-05-RTU-156
OT-00520,CMMS,ASSET-200520
OT-00521,CMDB,CMDB-100521
OT-00521,PASSIVE,PLT-05-IED-084
OT-00521,CMMS,ASSET-200521
OT-00522,CMDB,CMDB-100522
OT-00522,PASSIVE,PLT-05-NETWORK_SWITCH-433
OT-00522,CMMS,ASSET-200522
OT-00523,CMDB,CMDB-100523
OT-00523,PASSIVE,PLT-05-VFD-270
OT-00523,CMMS,ASSET-200523
OT-00524,CMDB,CMDB-100524
OT-00524,PASSIVE,PLT-05-HISTORIAN-455
OT-00524,CMMS,ASSET-200524
OT-00525,CMDB,CMDB-100525
OT-00525,PASSIVE,PLT-05-IED-120
OT-00525,CMMS,ASSET-200525
OT-00526,CMDB,CMDB-100526
OT-00526,PASSIVE,PLT-05-IED-107
OT-00526,CMMS,ASSET-200526
OT-00527,CMDB,CMDB-100527
OT-00527,PASSIVE,PLT-05-HMI-108
OT-00527,CMMS,ASSET-200527
OT-00528,CMDB,CMDB-100528
OT-00528,PASSIVE,PLT-05-SENSOR-128
OT-00528,CMMS,ASSET-200528
OT-00529,CMDB,CMDB-100529
OT-00529,PASSIVE,PLT-05-VFD-095
OT-00529,CMMS,ASSET-200529
OT-00530,CMDB,CMDB-100530
OT-00530,PASSIVE,PLT-05-RTU-965
OT-00530,CMMS,ASSET-200530
OT-00531,CMDB,CMDB-100531
OT-00531,PASSIVE,PLT-05-HISTORIAN-741
OT-00531,CMMS,ASSET-200531
OT-00532,CMDB,CMDB-100532
OT-00532,PASSIVE,PLT-05-IED-639
OT-00532,CMMS,ASSET-200532
OT-00533,CMDB,CMDB-100533
OT-00533,PASSIVE,PLT-06-SAFETY_PLC-756
OT-00533,CMMS,ASSET-200533
OT-00534,CMDB,CMDB-100534
OT-00534,PASSIVE,PLT-06-IED-587
OT-00534,CMMS,ASSET-200534
OT-00535,CMDB,CMDB-100535
OT-00535,PASSIVE,PLT-06-VFD-453
OT-00535,CMMS,ASSET-200535
OT-00536,CMDB,CMDB-100536
OT-00536,PASSIVE,PLT-06-ENG_WORKSTATION-929
OT-00536,CMMS,ASSET-200536
OT-00537,CMDB,CMDB-100537
OT-00537,PASSIVE,PLT-06-ENG_WORKSTATION-955
OT-00537,CMMS,ASSET-200537
OT-00538,CMDB,CMDB-100538
OT-00538,PASSIVE,PLT-06-ENG_WORKSTATION-021
OT-00538,CMMS,ASSET-200538
OT-00539,CMDB,CMDB-100539
OT-00539,PASSIVE,PLT-06-GATEWAY-284
OT-00539,CMMS,ASSET-200539
OT-00540,CMDB,CMDB-100540
OT-00540,PASSIVE,PLT-06-NETWORK_SWITCH-206
OT-00540,CMMS,ASSET-200540
OT-00541,CMDB,CMDB-100541
OT-00541,PASSIVE,PLT-06-PLC-463
OT-00541,CMMS,ASSET-200541
OT-00542,CMDB,CMDB-100542
OT-00542,PASSIVE,PLT-06-PLC-951
OT-00542,CMMS,ASSET-200542
OT-00543,CMDB,CMDB-100543
OT-00543,PASSIVE,PLT-06-ENG_WORKSTATION-752
OT-00543,CMMS,ASSET-200543
OT-00544,CMDB,CMDB-100544
OT-00544,PASSIVE,PLT-06-HISTORIAN-069
OT-00544,CMMS,ASSET-200544
OT-00545,CMDB,CMDB-100545
OT-00545,PASSIVE,PLT-06-IED-165
OT-00545,CMMS,ASSET-200545
OT-00546,CMDB,CMDB-100546
OT-00546,PASSIVE,PLT-06-SAFETY_PLC-993
OT-00546,CMMS,ASSET-200546
OT-00547,CMDB,CMDB-100547
OT-00547,PASSIVE,PLT-06-SAFETY_PLC-863
OT-00547,CMMS,ASSET-200547
OT-00548,CMDB,CMDB-100548
OT-00548,PASSIVE,PLT-06-IED-613
OT-00548,CMMS,ASSET-200548
OT-00549,CMDB,CMDB-100549
OT-00549,PASSIVE,PLT-06-GATEWAY-210
OT-00549,CMMS,ASSET-200549
OT-00550,CMDB,CMDB-100550
OT-00550,PASSIVE,PLT-06-GATEWAY-260
OT-00550,CMMS,ASSET-200550
OT-00551,CMDB,CMDB-100551
OT-00551,PASSIVE,PLT-06-SENSOR-015
OT-00551,CMMS,ASSET-200551
OT-00552,CMDB,CMDB-100552
OT-00552,PASSIVE,PLT-06-NETWORK_SWITCH-804
OT-00552,CMMS,ASSET-200552
OT-00553,CMDB,CMDB-100553
OT-00553,PASSIVE,PLT-06-ENG_WORKSTATION-211
OT-00553,CMMS,ASSET-200553
OT-00554,CMDB,CMDB-100554
OT-00554,PASSIVE,PLT-06-DCS_CONTROLLER-504
OT-00554,CMMS,ASSET-200554
OT-00555,CMDB,CMDB-100555
OT-00555,PASSIVE,PLT-06-HISTORIAN-800
OT-00555,CMMS,ASSET-200555
OT-00556,CMDB,CMDB-100556
OT-00556,PASSIVE,PLT-06-GATEWAY-085
OT-00556,CMMS,ASSET-200556
OT-00557,CMDB,CMDB-100557
OT-00557,PASSIVE,PLT-06-GATEWAY-622
OT-00557,CMMS,ASSET-200557
OT-00558,CMDB,CMDB-100558
OT-00558,PASSIVE,PLT-06-OPC_SERVER-218
OT-00558,CMMS,ASSET-200558
OT-00559,CMDB,CMDB-100559
OT-00559,PASSIVE,PLT-06-ENG_WORKSTATION-686
OT-00559,CMMS,ASSET-200559
OT-00560,CMDB,CMDB-100560
OT-00560,PASSIVE,PLT-06-OPC_SERVER-407
OT-00560,CMMS,ASSET-200560
OT-00561,CMDB,CMDB-100561
OT-00561,PASSIVE,PLT-06-GATEWAY-609
OT-00561,CMMS,ASSET-200561
OT-00562,CMDB,CMDB-100562
OT-00562,PASSIVE,PLT-06-IED-741
OT-00562,CMMS,ASSET-200562
OT-00563,CMDB,CMDB-100563
OT-00563,PASSIVE,PLT-06-HISTORIAN-959
OT-00563,CMMS,ASSET-200563
OT-00564,CMDB,CMDB-100564
OT-00564,PASSIVE,PLT-06-SENSOR-319
OT-00564,CMMS,ASSET-200564
OT-00565,CMDB,CMDB-100565
OT-00565,PASSIVE,PLT-06-IED-199
OT-00565,CMMS,ASSET-200565
OT-00566,CMDB,CMDB-100566
OT-00566,PASSIVE,PLT-06-SENSOR-890
OT-00566,CMMS,ASSET-200566
OT-00567,CMDB,CMDB-100567
OT-00567,PASSIVE,PLT-06-NETWORK_SWITCH-323
OT-00567,CMMS,ASSET-200567
OT-00568,CMDB,CMDB-100568
OT-00568,PASSIVE,PLT-06-RTU-711
OT-00568,CMMS,ASSET-200568
OT-00569,CMDB,CMDB-100569
OT-00569,PASSIVE,PLT-06-DCS_CONTROLLER-619
OT-00569,CMMS,ASSET-200569
OT-00570,CMDB,CMDB-100570
OT-00570,PASSIVE,PLT-06-OPC_SERVER-641
OT-00570,CMMS,ASSET-200570
OT-00571,CMDB,CMDB-100571
OT-00571,PASSIVE,PLT-06-SENSOR-997
OT-00571,CMMS,ASSET-200571
OT-00572,CMDB,CMDB-100572
OT-00572,PASSIVE,PLT-06-RTU-302
OT-00572,CMMS,ASSET-200572
OT-00573,CMDB,CMDB-100573
OT-00573,PASSIVE,PLT-06-DCS_CONTROLLER-579
OT-00573,CMMS,ASSET-200573
OT-00574,CMDB,CMDB-100574
OT-00574,PASSIVE,PLT-06-ENG_WORKSTATION-881
OT-00574,CMMS,ASSET-200574
OT-00575,CMDB,CMDB-100575
OT-00575,PASSIVE,PLT-06-PLC-953
OT-00575,CMMS,ASSET-200575
OT-00576,CMDB,CMDB-100576
OT-00576,PASSIVE,PLT-06-OPC_SERVER-198
OT-00576,CMMS,ASSET-200576
OT-00577,CMDB,CMDB-100577
OT-00577,PASSIVE,PLT-06-DCS_CONTROLLER-563
OT-00577,CMMS,ASSET-200577
OT-00578,CMDB,CMDB-100578
OT-00578,PASSIVE,PLT-06-VFD-523
OT-00578,CMMS,ASSET-200578
OT-00579,CMDB,CMDB-100579
OT-00579,PASSIVE,PLT-06-RTU-060
OT-00579,CMMS,ASSET-200579
OT-00580,CMDB,CMDB-100580
OT-00580,PASSIVE,PLT-06-VFD-512
OT-00580,CMMS,ASSET-200580
OT-00581,CMDB,CMDB-100581
OT-00581,PASSIVE,PLT-06-SAFETY_PLC-436
OT-00581,CMMS,ASSET-200581
OT-00582,CMDB,CMDB-100582
OT-00582,PASSIVE,PLT-06-HMI-615
OT-00582,CMMS,ASSET-200582
OT-00583,CMDB,CMDB-100583
OT-00583,PASSIVE,PLT-06-RTU-682
OT-00583,CMMS,ASSET-200583
OT-00584,CMDB,CMDB-100584
OT-00584,PASSIVE,PLT-06-DCS_CONTROLLER-130
OT-00584,CMMS,ASSET-200584
OT-00585,CMDB,CMDB-100585
OT-00585,PASSIVE,PLT-06-ENG_WORKSTATION-634
OT-00585,CMMS,ASSET-200585
OT-00586,CMDB,CMDB-100586
OT-00586,PASSIVE,PLT-06-VFD-088
OT-00586,CMMS,ASSET-200586
OT-00587,CMDB,CMDB-100587
OT-00587,PASSIVE,PLT-06-IED-090
OT-00587,CMMS,ASSET-200587
OT-00588,CMDB,CMDB-100588
OT-00588,PASSIVE,PLT-06-HMI-608
OT-00588,CMMS,ASSET-200588
OT-00589,CMDB,CMDB-100589
OT-00589,PASSIVE,PLT-06-SENSOR-208
OT-00589,CMMS,ASSET-200589
OT-00590,CMDB,CMDB-100590
OT-00590,PASSIVE,PLT-06-SENSOR-027
OT-00590,CMMS,ASSET-200590
OT-00591,CMDB,CMDB-100591
OT-00591,PASSIVE,PLT-06-SAFETY_PLC-840
OT-00591,CMMS,ASSET-200591
OT-00592,CMDB,CMDB-100592
OT-00592,PASSIVE,PLT-06-OPC_SERVER-541
OT-00592,CMMS,ASSET-200592
OT-00593,CMDB,CMDB-100593
OT-00593,PASSIVE,PLT-06-HISTORIAN-898
OT-00593,CMMS,ASSET-200593
OT-00594,CMDB,CMDB-100594
OT-00594,PASSIVE,PLT-06-HMI-096
OT-00594,CMMS,ASSET-200594
OT-00595,CMDB,CMDB-100595
OT-00595,PASSIVE,PLT-06-GATEWAY-309
OT-00595,CMMS,ASSET-200595
OT-00596,CMDB,CMDB-100596
OT-00596,PASSIVE,PLT-06-NETWORK_SWITCH-700
OT-00596,CMMS,ASSET-200596
OT-00597,CMDB,CMDB-100597
OT-00597,PASSIVE,PLT-06-ENG_WORKSTATION-754
OT-00597,CMMS,ASSET-200597
OT-00598,CMDB,CMDB-100598
OT-00598,PASSIVE,PLT-06-IED-318
OT-00598,CMMS,ASSET-200598
OT-00599,CMDB,CMDB-100599
OT-00599,PASSIVE,PLT-06-GATEWAY-761
OT-00599,CMMS,ASSET-200599
OT-00600,CMDB,CMDB-100600
OT-00600,PASSIVE,PLT-06-VFD-664
OT-00600,CMMS,ASSET-200600
OT-00601,CMDB,CMDB-100601
OT-00601,PASSIVE,PLT-06-PLC-175
OT-00601,CMMS,ASSET-200601
OT-00602,CMDB,CMDB-100602
OT-00602,PASSIVE,PLT-06-GATEWAY-822
OT-00602,CMMS,ASSET-200602
OT-00603,CMDB,CMDB-100603
OT-00603,PASSIVE,PLT-06-HMI-292
OT-00603,CMMS,ASSET-200603
OT-00604,CMDB,CMDB-100604
OT-00604,PASSIVE,PLT-06-SAFETY_PLC-715
OT-00604,CMMS,ASSET-200604
OT-00605,CMDB,CMDB-100605
OT-00605,PASSIVE,PLT-06-OPC_SERVER-017
OT-00605,CMMS,ASSET-200605
OT-00606,CMDB,CMDB-100606
OT-00606,PASSIVE,PLT-06-PLC-942
OT-00606,CMMS,ASSET-200606
OT-00607,CMDB,CMDB-100607
OT-00607,PASSIVE,PLT-06-RTU-733
OT-00607,CMMS,ASSET-200607
OT-00608,CMDB,CMDB-100608
OT-00608,PASSIVE,PLT-06-IED-694
OT-00608,CMMS,ASSET-200608
OT-00609,CMDB,CMDB-100609
OT-00609,PASSIVE,PLT-06-SAFETY_PLC-814
OT-00609,CMMS,ASSET-200609
OT-00610,CMDB,CMDB-100610
OT-00610,PASSIVE,PLT-06-HMI-445
OT-00610,CMMS,ASSET-200610
OT-00611,CMDB,CMDB-100611
OT-00611,PASSIVE,PLT-06-VFD-820
OT-00611,CMMS,ASSET-200611
OT-00612,CMDB,CMDB-100612
OT-00612,PASSIVE,PLT-06-PLC-096
OT-00612,CMMS,ASSET-200612
OT-00613,CMDB,CMDB-100613
OT-00613,PASSIVE,PLT-06-NETWORK_SWITCH-599
OT-00613,CMMS,ASSET-200613
OT-00614,CMDB,CMDB-100614
OT-00614,PASSIVE,PLT-06-SAFETY_PLC-088
OT-00614,CMMS,ASSET-200614
OT-00615,CMDB,CMDB-100615
OT-00615,PASSIVE,PLT-06-PLC-488
OT-00615,CMMS,ASSET-200615
OT-00616,CMDB,CMDB-100616
OT-00616,PASSIVE,PLT-06-GATEWAY-489
OT-00616,CMMS,ASSET-200616
OT-00617,CMDB,CMDB-100617
OT-00617,PASSIVE,PLT-06-VFD-038
OT-00617,CMMS,ASSET-200617
OT-00618,CMDB,CMDB-100618
OT-00618,PASSIVE,PLT-06-OPC_SERVER-984
OT-00618,CMMS,ASSET-200618
OT-00619,CMDB,CMDB-100619
OT-00619,PASSIVE,PLT-06-ENG_WORKSTATION-114
OT-00619,CMMS,ASSET-200619
OT-00620,CMDB,CMDB-100620
OT-00620,PASSIVE,PLT-06-HMI-822
OT-00620,CMMS,ASSET-200620
OT-00621,CMDB,CMDB-100621
OT-00621,PASSIVE,PLT-06-NETWORK_SWITCH-937
OT-00621,CMMS,ASSET-200621
OT-00622,CMDB,CMDB-100622
OT-00622,PASSIVE,PLT-06-SAFETY_PLC-853
OT-00622,CMMS,ASSET-200622
OT-00623,CMDB,CMDB-100623
OT-00623,PASSIVE,PLT-06-OPC_SERVER-731
OT-00623,CMMS,ASSET-200623
OT-00624,CMDB,CMDB-100624
OT-00624,PASSIVE,PLT-06-NETWORK_SWITCH-729
OT-00624,CMMS,ASSET-200624
OT-00625,CMDB,CMDB-100625
OT-00625,PASSIVE,PLT-06-DCS_CONTROLLER-694
OT-00625,CMMS,ASSET-200625
OT-00626,CMDB,CMDB-100626
OT-00626,PASSIVE,PLT-06-SENSOR-656
OT-00626,CMMS,ASSET-200626
OT-00627,CMDB,CMDB-100627
OT-00627,PASSIVE,PLT-06-GATEWAY-842
OT-00627,CMMS,ASSET-200627
OT-00628,CMDB,CMDB-100628
OT-00628,PASSIVE,PLT-06-VFD-777
OT-00628,CMMS,ASSET-200628
OT-00629,CMDB,CMDB-100629
OT-00629,PASSIVE,PLT-06-HMI-540
OT-00629,CMMS,ASSET-200629
OT-00630,CMDB,CMDB-100630
OT-00630,PASSIVE,PLT-06-VFD-752
OT-00630,CMMS,ASSET-200630
OT-00631,CMDB,CMDB-100631
OT-00631,PASSIVE,PLT-06-PLC-735
OT-00631,CMMS,ASSET-200631
OT-00632,CMDB,CMDB-100632
OT-00632,PASSIVE,PLT-06-HISTORIAN-513
OT-00632,CMMS,ASSET-200632
OT-00633,CMDB,CMDB-100633
OT-00633,PASSIVE,PLT-06-NETWORK_SWITCH-444
OT-00633,CMMS,ASSET-200633
OT-00634,CMDB,CMDB-100634
OT-00634,PASSIVE,PLT-06-NETWORK_SWITCH-126
OT-00634,CMMS,ASSET-200634
OT-00635,CMDB,CMDB-100635
OT-00635,PASSIVE,PLT-06-NETWORK_SWITCH-327
OT-00635,CMMS,ASSET-200635
OT-00636,CMDB,CMDB-100636
OT-00636,PASSIVE,PLT-07-GATEWAY-257
OT-00636,CMMS,ASSET-200636
OT-00637,CMDB,CMDB-100637
OT-00637,PASSIVE,PLT-07-HMI-625
OT-00637,CMMS,ASSET-200637
OT-00638,CMDB,CMDB-100638
OT-00638,PASSIVE,PLT-07-HISTORIAN-859
OT-00638,CMMS,ASSET-200638
OT-00639,CMDB,CMDB-100639
OT-00639,PASSIVE,PLT-07-HMI-165
OT-00639,CMMS,ASSET-200639
OT-00640,CMDB,CMDB-100640
OT-00640,PASSIVE,PLT-07-ENG_WORKSTATION-802
OT-00640,CMMS,ASSET-200640
OT-00641,CMDB,CMDB-100641
OT-00641,PASSIVE,PLT-07-HISTORIAN-172
OT-00641,CMMS,ASSET-200641
OT-00642,CMDB,CMDB-100642
OT-00642,PASSIVE,PLT-07-NETWORK_SWITCH-124
OT-00642,CMMS,ASSET-200642
OT-00643,CMDB,CMDB-100643
OT-00643,PASSIVE,PLT-07-NETWORK_SWITCH-209
OT-00643,CMMS,ASSET-200643
OT-00644,CMDB,CMDB-100644
OT-00644,PASSIVE,PLT-07-VFD-863
OT-00644,CMMS,ASSET-200644
OT-00645,CMDB,CMDB-100645
OT-00645,PASSIVE,PLT-07-DCS_CONTROLLER-023
OT-00645,CMMS,ASSET-200645
OT-00646,CMDB,CMDB-100646
OT-00646,PASSIVE,PLT-07-IED-297
OT-00646,CMMS,ASSET-200646
OT-00647,CMDB,CMDB-100647
OT-00647,PASSIVE,PLT-07-ENG_WORKSTATION-455
OT-00647,CMMS,ASSET-200647
OT-00648,CMDB,CMDB-100648
OT-00648,PASSIVE,PLT-07-HMI-758
OT-00648,CMMS,ASSET-200648
OT-00649,CMDB,CMDB-100649
OT-00649,PASSIVE,PLT-07-GATEWAY-170
OT-00649,CMMS,ASSET-200649
OT-00650,CMDB,CMDB-100650
OT-00650,PASSIVE,PLT-07-DCS_CONTROLLER-021
OT-00650,CMMS,ASSET-200650
OT-00651,CMDB,CMDB-100651
OT-00651,PASSIVE,PLT-07-PLC-103
OT-00651,CMMS,ASSET-200651
OT-00652,CMDB,CMDB-100652
OT-00652,PASSIVE,PLT-07-SAFETY_PLC-463
OT-00652,CMMS,ASSET-200652
OT-00653,CMDB,CMDB-100653
OT-00653,PASSIVE,PLT-07-NETWORK_SWITCH-735
OT-00653,CMMS,ASSET-200653
OT-00654,CMDB,CMDB-100654
OT-00654,PASSIVE,PLT-07-NETWORK_SWITCH-110
OT-00654,CMMS,ASSET-200654
OT-00655,CMDB,CMDB-100655
OT-00655,PASSIVE,PLT-07-IED-697
OT-00655,CMMS,ASSET-200655
OT-00656,CMDB,CMDB-100656
OT-00656,PASSIVE,PLT-07-PLC-311
OT-00656,CMMS,ASSET-200656
OT-00657,CMDB,CMDB-100657
OT-00657,PASSIVE,PLT-07-SAFETY_PLC-366
OT-00657,CMMS,ASSET-200657
OT-00658,CMDB,CMDB-100658
OT-00658,PASSIVE,PLT-07-ENG_WORKSTATION-771
OT-00658,CMMS,ASSET-200658
OT-00659,CMDB,CMDB-100659
OT-00659,PASSIVE,PLT-07-HISTORIAN-027
OT-00659,CMMS,ASSET-200659
OT-00660,CMDB,CMDB-100660
OT-00660,PASSIVE,PLT-07-GATEWAY-425
OT-00660,CMMS,ASSET-200660
OT-00661,CMDB,CMDB-100661
OT-00661,PASSIVE,PLT-07-NETWORK_SWITCH-595
OT-00661,CMMS,ASSET-200661
OT-00662,CMDB,CMDB-100662
OT-00662,PASSIVE,PLT-07-GATEWAY-305
OT-00662,CMMS,ASSET-200662
OT-00663,CMDB,CMDB-100663
OT-00663,PASSIVE,PLT-07-HMI-889
OT-00663,CMMS,ASSET-200663
OT-00664,CMDB,CMDB-100664
OT-00664,PASSIVE,PLT-07-RTU-944
OT-00664,CMMS,ASSET-200664
OT-00665,CMDB,CMDB-100665
OT-00665,PASSIVE,PLT-07-ENG_WORKSTATION-862
OT-00665,CMMS,ASSET-200665
OT-00666,CMDB,CMDB-100666
OT-00666,PASSIVE,PLT-07-ENG_WORKSTATION-558
OT-00666,CMMS,ASSET-200666
OT-00667,CMDB,CMDB-100667
OT-00667,PASSIVE,PLT-07-NETWORK_SWITCH-525
OT-00667,CMMS,ASSET-200667
OT-00668,CMDB,CMDB-100668
OT-00668,PASSIVE,PLT-07-GATEWAY-988
OT-00668,CMMS,ASSET-200668
OT-00669,CMDB,CMDB-100669
OT-00669,PASSIVE,PLT-07-PLC-160
OT-00669,CMMS,ASSET-200669
OT-00670,CMDB,CMDB-100670
OT-00670,PASSIVE,PLT-07-IED-957
OT-00670,CMMS,ASSET-200670
OT-00671,CMDB,CMDB-100671
OT-00671,PASSIVE,PLT-07-HMI-745
OT-00671,CMMS,ASSET-200671
OT-00672,CMDB,CMDB-100672
OT-00672,PASSIVE,PLT-07-ENG_WORKSTATION-592
OT-00672,CMMS,ASSET-200672
OT-00673,CMDB,CMDB-100673
OT-00673,PASSIVE,PLT-07-RTU-701
OT-00673,CMMS,ASSET-200673
OT-00674,CMDB,CMDB-100674
OT-00674,PASSIVE,PLT-07-HMI-085
OT-00674,CMMS,ASSET-200674
OT-00675,CMDB,CMDB-100675
OT-00675,PASSIVE,PLT-07-VFD-149
OT-00675,CMMS,ASSET-200675
OT-00676,CMDB,CMDB-100676
OT-00676,PASSIVE,PLT-07-PLC-495
OT-00676,CMMS,ASSET-200676
OT-00677,CMDB,CMDB-100677
OT-00677,PASSIVE,PLT-07-PLC-107
OT-00677,CMMS,ASSET-200677
OT-00678,CMDB,CMDB-100678
OT-00678,PASSIVE,PLT-07-RTU-246
OT-00678,CMMS,ASSET-200678
OT-00679,CMDB,CMDB-100679
OT-00679,PASSIVE,PLT-07-HMI-493
OT-00679,CMMS,ASSET-200679
OT-00680,CMDB,CMDB-100680
OT-00680,PASSIVE,PLT-07-NETWORK_SWITCH-356
OT-00680,CMMS,ASSET-200680
OT-00681,CMDB,CMDB-100681
OT-00681,PASSIVE,PLT-07-IED-720
OT-00681,CMMS,ASSET-200681
OT-00682,CMDB,CMDB-100682
OT-00682,PASSIVE,PLT-07-ENG_WORKSTATION-658
OT-00682,CMMS,ASSET-200682
OT-00683,CMDB,CMDB-100683
OT-00683,PASSIVE,PLT-07-DCS_CONTROLLER-901
OT-00683,CMMS,ASSET-200683
OT-00684,CMDB,CMDB-100684
OT-00684,PASSIVE,PLT-07-DCS_CONTROLLER-059
OT-00684,CMMS,ASSET-200684
OT-00685,CMDB,CMDB-100685
OT-00685,PASSIVE,PLT-07-HISTORIAN-564
OT-00685,CMMS,ASSET-200685
OT-00686,CMDB,CMDB-100686
OT-00686,PASSIVE,PLT-07-IED-419
OT-00686,CMMS,ASSET-200686
OT-00687,CMDB,CMDB-100687
OT-00687,PASSIVE,PLT-07-DCS_CONTROLLER-020
OT-00687,CMMS,ASSET-200687
OT-00688,CMDB,CMDB-100688
OT-00688,PASSIVE,PLT-07-HISTORIAN-035
OT-00688,CMMS,ASSET-200688
OT-00689,CMDB,CMDB-100689
OT-00689,PASSIVE,PLT-07-NETWORK_SWITCH-448
OT-00689,CMMS,ASSET-200689
OT-00690,CMDB,CMDB-100690
OT-00690,PASSIVE,PLT-07-GATEWAY-411
OT-00690,CMMS,ASSET-200690
OT-00691,CMDB,CMDB-100691
OT-00691,PASSIVE,PLT-07-GATEWAY-364
OT-00691,CMMS,ASSET-200691
OT-00692,CMDB,CMDB-100692
OT-00692,PASSIVE,PLT-07-NETWORK_SWITCH-837
OT-00692,CMMS,ASSET-200692
OT-00693,CMDB,CMDB-100693
OT-00693,PASSIVE,PLT-07-IED-294
OT-00693,CMMS,ASSET-200693
OT-00694,CMDB,CMDB-100694
OT-00694,PASSIVE,PLT-07-VFD-695
OT-00694,CMMS,ASSET-200694
OT-00695,CMDB,CMDB-100695
OT-00695,PASSIVE,PLT-07-PLC-291
OT-00695,CMMS,ASSET-200695
OT-00696,CMDB,CMDB-100696
OT-00696,PASSIVE,PLT-07-HISTORIAN-395
OT-00696,CMMS,ASSET-200696
OT-00697,CMDB,CMDB-100697
OT-00697,PASSIVE,PLT-07-SENSOR-324
OT-00697,CMMS,ASSET-200697
OT-00698,CMDB,CMDB-100698
OT-00698,PASSIVE,PLT-07-ENG_WORKSTATION-498
OT-00698,CMMS,ASSET-200698
OT-00699,CMDB,CMDB-100699
OT-00699,PASSIVE,PLT-07-HISTORIAN-289
OT-00699,CMMS,ASSET-200699
OT-00700,CMDB,CMDB-100700
OT-00700,PASSIVE,PLT-07-ENG_WORKSTATION-755
OT-00700,CMMS,ASSET-200700
OT-00701,CMDB,CMDB-100701
OT-00701,PASSIVE,PLT-07-SENSOR-231
OT-00701,CMMS,ASSET-200701
OT-00702,CMDB,CMDB-100702
OT-00702,PASSIVE,PLT-07-PLC-978
OT-00702,CMMS,ASSET-200702
OT-00703,CMDB,CMDB-100703
OT-00703,PASSIVE,PLT-07-NETWORK_SWITCH-115
OT-00703,CMMS,ASSET-200703
OT-00704,CMDB,CMDB-100704
OT-00704,PASSIVE,PLT-07-NETWORK_SWITCH-450
OT-00704,CMMS,ASSET-200704
OT-00705,CMDB,CMDB-100705
OT-00705,PASSIVE,PLT-07-SAFETY_PLC-714
OT-00705,CMMS,ASSET-200705
OT-00706,CMDB,CMDB-100706
OT-00706,PASSIVE,PLT-07-NETWORK_SWITCH-304
OT-00706,CMMS,ASSET-200706
OT-00707,CMDB,CMDB-100707
OT-00707,PASSIVE,PLT-07-PLC-852
OT-00707,CMMS,ASSET-200707
OT-00708,CMDB,CMDB-100708
OT-00708,PASSIVE,PLT-07-RTU-052
OT-00708,CMMS,ASSET-200708
OT-00709,CMDB,CMDB-100709
OT-00709,PASSIVE,PLT-07-HMI-147
OT-00709,CMMS,ASSET-200709
OT-00710,CMDB,CMDB-100710
OT-00710,PASSIVE,PLT-07-VFD-018
OT-00710,CMMS,ASSET-200710
OT-00711,CMDB,CMDB-100711
OT-00711,PASSIVE,PLT-07-VFD-246
OT-00711,CMMS,ASSET-200711
OT-00712,CMDB,CMDB-100712
OT-00712,PASSIVE,PLT-07-NETWORK_SWITCH-711
OT-00712,CMMS,ASSET-200712
OT-00713,CMDB,CMDB-100713
OT-00713,PASSIVE,PLT-07-GATEWAY-363
OT-00713,CMMS,ASSET-200713
OT-00714,CMDB,CMDB-100714
OT-00714,PASSIVE,PLT-07-SAFETY_PLC-010
OT-00714,CMMS,ASSET-200714
OT-00715,CMDB,CMDB-100715
OT-00715,PASSIVE,PLT-07-IED-035
OT-00715,CMMS,ASSET-200715
OT-00716,CMDB,CMDB-100716
OT-00716,PASSIVE,PLT-07-GATEWAY-221
OT-00716,CMMS,ASSET-200716
OT-00717,CMDB,CMDB-100717
OT-00717,PASSIVE,PLT-07-SENSOR-866
OT-00717,CMMS,ASSET-200717
OT-00718,CMDB,CMDB-100718
OT-00718,PASSIVE,PLT-07-DCS_CONTROLLER-499
OT-00718,CMMS,ASSET-200718
OT-00719,CMDB,CMDB-100719
OT-00719,PASSIVE,PLT-07-ENG_WORKSTATION-187
OT-00719,CMMS,ASSET-200719
OT-00720,CMDB,CMDB-100720
OT-00720,PASSIVE,PLT-07-SAFETY_PLC-689
OT-00720,CMMS,ASSET-200720
OT-00721,CMDB,CMDB-100721
OT-00721,PASSIVE,PLT-07-NETWORK_SWITCH-132
OT-00721,CMMS,ASSET-200721
OT-00722,CMDB,CMDB-100722
OT-00722,PASSIVE,PLT-07-RTU-383
OT-00722,CMMS,ASSET-200722
OT-00723,CMDB,CMDB-100723
OT-00723,PASSIVE,PLT-07-ENG_WORKSTATION-419
OT-00723,CMMS,ASSET-200723
OT-00724,CMDB,CMDB-100724
OT-00724,PASSIVE,PLT-07-PLC-162
OT-00724,CMMS,ASSET-200724
OT-00725,CMDB,CMDB-100725
OT-00725,PASSIVE,PLT-07-VFD-591
OT-00725,CMMS,ASSET-200725
OT-00726,CMDB,CMDB-100726
OT-00726,PASSIVE,PLT-07-OPC_SERVER-990
OT-00726,CMMS,ASSET-200726
OT-00727,CMDB,CMDB-100727
OT-00727,PASSIVE,PLT-07-PLC-213
OT-00727,CMMS,ASSET-200727
OT-00728,CMDB,CMDB-100728
OT-00728,PASSIVE,PLT-07-NETWORK_SWITCH-482
OT-00728,CMMS,ASSET-200728
OT-00729,CMDB,CMDB-100729
OT-00729,PASSIVE,PLT-07-GATEWAY-959
OT-00729,CMMS,ASSET-200729
OT-00730,CMDB,CMDB-100730
OT-00730,PASSIVE,PLT-07-DCS_CONTROLLER-122
OT-00730,CMMS,ASSET-200730
OT-00731,CMDB,CMDB-100731
OT-00731,PASSIVE,PLT-07-SAFETY_PLC-408
OT-00731,CMMS,ASSET-200731
OT-00732,CMDB,CMDB-100732
OT-00732,PASSIVE,PLT-07-VFD-948
OT-00732,CMMS,ASSET-200732
OT-00733,CMDB,CMDB-100733
OT-00733,PASSIVE,PLT-07-RTU-770
OT-00733,CMMS,ASSET-200733
OT-00734,CMDB,CMDB-100734
OT-00734,PASSIVE,PLT-07-ENG_WORKSTATION-057
OT-00734,CMMS,ASSET-200734
OT-00735,CMDB,CMDB-100735
OT-00735,PASSIVE,PLT-07-OPC_SERVER-529
OT-00735,CMMS,ASSET-200735
OT-00736,CMDB,CMDB-100736
OT-00736,PASSIVE,PLT-07-GATEWAY-532
OT-00736,CMMS,ASSET-200736
OT-00737,CMDB,CMDB-100737
OT-00737,PASSIVE,PLT-07-VFD-141
OT-00737,CMMS,ASSET-200737
OT-00738,CMDB,CMDB-100738
OT-00738,PASSIVE,PLT-07-SENSOR-046
OT-00738,CMMS,ASSET-200738
OT-00739,CMDB,CMDB-100739
OT-00739,PASSIVE,PLT-07-DCS_CONTROLLER-006
OT-00739,CMMS,ASSET-200739
OT-00740,CMDB,CMDB-100740
OT-00740,PASSIVE,PLT-07-NETWORK_SWITCH-860
OT-00740,CMMS,ASSET-200740
OT-00741,CMDB,CMDB-100741
OT-00741,PASSIVE,PLT-07-ENG_WORKSTATION-477
OT-00741,CMMS,ASSET-200741
OT-00742,CMDB,CMDB-100742
OT-00742,PASSIVE,PLT-07-NETWORK_SWITCH-871
OT-00742,CMMS,ASSET-200742
OT-00743,CMDB,CMDB-100743
OT-00743,PASSIVE,PLT-07-HISTORIAN-560
OT-00743,CMMS,ASSET-200743
OT-00744,CMDB,CMDB-100744
OT-00744,PASSIVE,PLT-07-DCS_CONTROLLER-298
OT-00744,CMMS,ASSET-200744
OT-00745,CMDB,CMDB-100745
OT-00745,PASSIVE,PLT-07-SAFETY_PLC-025
OT-00745,CMMS,ASSET-200745
OT-00746,CMDB,CMDB-100746
OT-00746,PASSIVE,PLT-07-DCS_CONTROLLER-892
OT-00746,CMMS,ASSET-200746
OT-00747,CMDB,CMDB-100747
OT-00747,PASSIVE,PLT-07-RTU-517
OT-00747,CMMS,ASSET-200747
OT-00748,CMDB,CMDB-100748
OT-00748,PASSIVE,PLT-07-HMI-311
OT-00748,CMMS,ASSET-200748
OT-00749,CMDB,CMDB-100749
OT-00749,PASSIVE,PLT-07-HMI-275
OT-00749,CMMS,ASSET-200749
OT-00750,CMDB,CMDB-100750
OT-00750,PASSIVE,PLT-07-VFD-887
OT-00750,CMMS,ASSET-200750
OT-00751,CMDB,CMDB-100751
OT-00751,PASSIVE,PLT-07-NETWORK_SWITCH-481
OT-00751,CMMS,ASSET-200751
OT-00752,CMDB,CMDB-100752
OT-00752,PASSIVE,PLT-07-GATEWAY-483
OT-00752,CMMS,ASSET-200752
OT-00753,CMDB,CMDB-100753
OT-00753,PASSIVE,PLT-07-DCS_CONTROLLER-094
OT-00753,CMMS,ASSET-200753
OT-00754,CMDB,CMDB-100754
OT-00754,PASSIVE,PLT-08-NETWORK_SWITCH-202
OT-00754,CMMS,ASSET-200754
OT-00755,CMDB,CMDB-100755
OT-00755,PASSIVE,PLT-08-ENG_WORKSTATION-128
OT-00755,CMMS,ASSET-200755
OT-00756,CMDB,CMDB-100756
OT-00756,PASSIVE,PLT-08-HMI-431
OT-00756,CMMS,ASSET-200756
OT-00757,CMDB,CMDB-100757
OT-00757,PASSIVE,PLT-08-RTU-930
OT-00757,CMMS,ASSET-200757
OT-00758,CMDB,CMDB-100758
OT-00758,PASSIVE,PLT-08-RTU-587
OT-00758,CMMS,ASSET-200758
OT-00759,CMDB,CMDB-100759
OT-00759,PASSIVE,PLT-08-RTU-977
OT-00759,CMMS,ASSET-200759
OT-00760,CMDB,CMDB-100760
OT-00760,PASSIVE,PLT-08-GATEWAY-056
OT-00760,CMMS,ASSET-200760
OT-00761,CMDB,CMDB-100761
OT-00761,PASSIVE,PLT-08-RTU-776
OT-00761,CMMS,ASSET-200761
OT-00762,CMDB,CMDB-100762
OT-00762,PASSIVE,PLT-08-NETWORK_SWITCH-424
OT-00762,CMMS,ASSET-200762
OT-00763,CMDB,CMDB-100763
OT-00763,PASSIVE,PLT-08-IED-076
OT-00763,CMMS,ASSET-200763
OT-00764,CMDB,CMDB-100764
OT-00764,PASSIVE,PLT-08-IED-224
OT-00764,CMMS,ASSET-200764
OT-00765,CMDB,CMDB-100765
OT-00765,PASSIVE,PLT-08-DCS_CONTROLLER-412
OT-00765,CMMS,ASSET-200765
OT-00766,CMDB,CMDB-100766
OT-00766,PASSIVE,PLT-08-VFD-256
OT-00766,CMMS,ASSET-200766
OT-00767,CMDB,CMDB-100767
OT-00767,PASSIVE,PLT-08-HISTORIAN-025
OT-00767,CMMS,ASSET-200767
OT-00768,CMDB,CMDB-100768
OT-00768,PASSIVE,PLT-08-SAFETY_PLC-958
OT-00768,CMMS,ASSET-200768
OT-00769,CMDB,CMDB-100769
OT-00769,PASSIVE,PLT-08-SAFETY_PLC-346
OT-00769,CMMS,ASSET-200769
OT-00770,CMDB,CMDB-100770
OT-00770,PASSIVE,PLT-08-DCS_CONTROLLER-048
OT-00770,CMMS,ASSET-200770
OT-00771,CMDB,CMDB-100771
OT-00771,PASSIVE,PLT-08-DCS_CONTROLLER-183
OT-00771,CMMS,ASSET-200771
OT-00772,CMDB,CMDB-100772
OT-00772,PASSIVE,PLT-08-SAFETY_PLC-162
OT-00772,CMMS,ASSET-200772
OT-00773,CMDB,CMDB-100773
OT-00773,PASSIVE,PLT-08-RTU-149
OT-00773,CMMS,ASSET-200773
OT-00774,CMDB,CMDB-100774
OT-00774,PASSIVE,PLT-08-IED-175
OT-00774,CMMS,ASSET-200774
OT-00775,CMDB,CMDB-100775
OT-00775,PASSIVE,PLT-08-NETWORK_SWITCH-737
OT-00775,CMMS,ASSET-200775
OT-00776,CMDB,CMDB-100776
OT-00776,PASSIVE,PLT-08-SAFETY_PLC-976
OT-00776,CMMS,ASSET-200776
OT-00777,CMDB,CMDB-100777
OT-00777,PASSIVE,PLT-08-VFD-046
OT-00777,CMMS,ASSET-200777
OT-00778,CMDB,CMDB-100778
OT-00778,PASSIVE,PLT-08-RTU-224
OT-00778,CMMS,ASSET-200778
OT-00779,CMDB,CMDB-100779
OT-00779,PASSIVE,PLT-08-GATEWAY-820
OT-00779,CMMS,ASSET-200779
OT-00780,CMDB,CMDB-100780
OT-00780,PASSIVE,PLT-08-HMI-037
OT-00780,CMMS,ASSET-200780
OT-00781,CMDB,CMDB-100781
OT-00781,PASSIVE,PLT-08-HISTORIAN-120
OT-00781,CMMS,ASSET-200781
OT-00782,CMDB,CMDB-100782
OT-00782,PASSIVE,PLT-08-SENSOR-108
OT-00782,CMMS,ASSET-200782
OT-00783,CMDB,CMDB-100783
OT-00783,PASSIVE,PLT-08-RTU-297
OT-00783,CMMS,ASSET-200783
OT-00784,CMDB,CMDB-100784
OT-00784,PASSIVE,PLT-08-NETWORK_SWITCH-092
OT-00784,CMMS,ASSET-200784
OT-00785,CMDB,CMDB-100785
OT-00785,PASSIVE,PLT-08-HISTORIAN-702
OT-00785,CMMS,ASSET-200785
OT-00786,CMDB,CMDB-100786
OT-00786,PASSIVE,PLT-08-IED-837
OT-00786,CMMS,ASSET-200786
OT-00787,CMDB,CMDB-100787
OT-00787,PASSIVE,PLT-08-DCS_CONTROLLER-242
OT-00787,CMMS,ASSET-200787
OT-00788,CMDB,CMDB-100788
OT-00788,PASSIVE,PLT-08-NETWORK_SWITCH-789
OT-00788,CMMS,ASSET-200788
OT-00789,CMDB,CMDB-100789
OT-00789,PASSIVE,PLT-08-SAFETY_PLC-104
OT-00789,CMMS,ASSET-200789
OT-00790,CMDB,CMDB-100790
OT-00790,PASSIVE,PLT-08-SAFETY_PLC-005
OT-00790,CMMS,ASSET-200790
OT-00791,CMDB,CMDB-100791
OT-00791,PASSIVE,PLT-08-ENG_WORKSTATION-563
OT-00791,CMMS,ASSET-200791
OT-00792,CMDB,CMDB-100792
OT-00792,PASSIVE,PLT-08-ENG_WORKSTATION-758
OT-00792,CMMS,ASSET-200792
OT-00793,CMDB,CMDB-100793
OT-00793,PASSIVE,PLT-08-ENG_WORKSTATION-934
OT-00793,CMMS,ASSET-200793
OT-00794,CMDB,CMDB-100794
OT-00794,PASSIVE,PLT-08-IED-848
OT-00794,CMMS,ASSET-200794
OT-00795,CMDB,CMDB-100795
OT-00795,PASSIVE,PLT-08-OPC_SERVER-694
OT-00795,CMMS,ASSET-200795
OT-00796,CMDB,CMDB-100796
OT-00796,PASSIVE,PLT-08-GATEWAY-702
OT-00796,CMMS,ASSET-200796
OT-00797,CMDB,CMDB-100797
OT-00797,PASSIVE,PLT-08-IED-710
OT-00797,CMMS,ASSET-200797
OT-00798,CMDB,CMDB-100798
OT-00798,PASSIVE,PLT-08-SENSOR-070
OT-00798,CMMS,ASSET-200798
OT-00799,CMDB,CMDB-100799
OT-00799,PASSIVE,PLT-08-VFD-120
OT-00799,CMMS,ASSET-200799
OT-00800,CMDB,CMDB-100800
OT-00800,PASSIVE,PLT-08-IED-352
OT-00800,CMMS,ASSET-200800
OT-00801,CMDB,CMDB-100801
OT-00801,PASSIVE,PLT-08-SAFETY_PLC-610
OT-00801,CMMS,ASSET-200801
OT-00802,CMDB,CMDB-100802
OT-00802,PASSIVE,PLT-08-NETWORK_SWITCH-562
OT-00802,CMMS,ASSET-200802
OT-00803,CMDB,CMDB-100803
OT-00803,PASSIVE,PLT-08-SAFETY_PLC-603
OT-00803,CMMS,ASSET-200803
OT-00804,CMDB,CMDB-100804
OT-00804,PASSIVE,PLT-08-VFD-597
OT-00804,CMMS,ASSET-200804
OT-00805,CMDB,CMDB-100805
OT-00805,PASSIVE,PLT-08-HISTORIAN-823
OT-00805,CMMS,ASSET-200805
OT-00806,CMDB,CMDB-100806
OT-00806,PASSIVE,PLT-08-ENG_WORKSTATION-476
OT-00806,CMMS,ASSET-200806
OT-00807,CMDB,CMDB-100807
OT-00807,PASSIVE,PLT-08-HISTORIAN-751
OT-00807,CMMS,ASSET-200807
OT-00808,CMDB,CMDB-100808
OT-00808,PASSIVE,PLT-08-DCS_CONTROLLER-958
OT-00808,CMMS,ASSET-200808
OT-00809,CMDB,CMDB-100809
OT-00809,PASSIVE,PLT-08-GATEWAY-835
OT-00809,CMMS,ASSET-200809
OT-00810,CMDB,CMDB-100810
OT-00810,PASSIVE,PLT-08-DCS_CONTROLLER-561
OT-00810,CMMS,ASSET-200810
OT-00811,CMDB,CMDB-100811
OT-00811,PASSIVE,PLT-08-SAFETY_PLC-632
OT-00811,CMMS,ASSET-200811
OT-00812,CMDB,CMDB-100812
OT-00812,PASSIVE,PLT-08-NETWORK_SWITCH-015
OT-00812,CMMS,ASSET-200812
OT-00813,CMDB,CMDB-100813
OT-00813,PASSIVE,PLT-08-RTU-214
OT-00813,CMMS,ASSET-200813
OT-00814,CMDB,CMDB-100814
OT-00814,PASSIVE,PLT-08-SAFETY_PLC-893
OT-00814,CMMS,ASSET-200814
OT-00815,CMDB,CMDB-100815
OT-00815,PASSIVE,PLT-08-GATEWAY-576
OT-00815,CMMS,ASSET-200815
OT-00816,CMDB,CMDB-100816
OT-00816,PASSIVE,PLT-08-DCS_CONTROLLER-085
OT-00816,CMMS,ASSET-200816
OT-00817,CMDB,CMDB-100817
OT-00817,PASSIVE,PLT-08-VFD-244
OT-00817,CMMS,ASSET-200817
OT-00818,CMDB,CMDB-100818
OT-00818,PASSIVE,PLT-08-SENSOR-389
OT-00818,CMMS,ASSET-200818
OT-00819,CMDB,CMDB-100819
OT-00819,PASSIVE,PLT-08-PLC-004
OT-00819,CMMS,ASSET-200819
OT-00820,CMDB,CMDB-100820
OT-00820,PASSIVE,PLT-08-SAFETY_PLC-599
OT-00820,CMMS,ASSET-200820
OT-00821,CMDB,CMDB-100821
OT-00821,PASSIVE,PLT-08-HMI-006
OT-00821,CMMS,ASSET-200821
OT-00822,CMDB,CMDB-100822
OT-00822,PASSIVE,PLT-08-SENSOR-081
OT-00822,CMMS,ASSET-200822
OT-00823,CMDB,CMDB-100823
OT-00823,PASSIVE,PLT-08-GATEWAY-829
OT-00823,CMMS,ASSET-200823
OT-00824,CMDB,CMDB-100824
OT-00824,PASSIVE,PLT-08-HISTORIAN-079
OT-00824,CMMS,ASSET-200824
OT-00825,CMDB,CMDB-100825
OT-00825,PASSIVE,PLT-08-DCS_CONTROLLER-084
OT-00825,CMMS,ASSET-200825
OT-00826,CMDB,CMDB-100826
OT-00826,PASSIVE,PLT-08-IED-999
OT-00826,CMMS,ASSET-200826
OT-00827,CMDB,CMDB-100827
OT-00827,PASSIVE,PLT-08-SENSOR-544
OT-00827,CMMS,ASSET-200827
OT-00828,CMDB,CMDB-100828
OT-00828,PASSIVE,PLT-08-ENG_WORKSTATION-124
OT-00828,CMMS,ASSET-200828
OT-00829,CMDB,CMDB-100829
OT-00829,PASSIVE,PLT-08-SENSOR-395
OT-00829,CMMS,ASSET-200829
OT-00830,CMDB,CMDB-100830
OT-00830,PASSIVE,PLT-08-SAFETY_PLC-033
OT-00830,CMMS,ASSET-200830
OT-00831,CMDB,CMDB-100831
OT-00831,PASSIVE,PLT-08-PLC-633
OT-00831,CMMS,ASSET-200831
OT-00832,CMDB,CMDB-100832
OT-00832,PASSIVE,PLT-08-SAFETY_PLC-995
OT-00832,CMMS,ASSET-200832
OT-00833,CMDB,CMDB-100833
OT-00833,PASSIVE,PLT-08-GATEWAY-715
OT-00833,CMMS,ASSET-200833
OT-00834,CMDB,CMDB-100834
OT-00834,PASSIVE,PLT-08-PLC-311
OT-00834,CMMS,ASSET-200834
OT-00835,CMDB,CMDB-100835
OT-00835,PASSIVE,PLT-08-ENG_WORKSTATION-767
OT-00835,CMMS,ASSET-200835
OT-00836,CMDB,CMDB-100836
OT-00836,PASSIVE,PLT-08-GATEWAY-399
OT-00836,CMMS,ASSET-200836
OT-00837,CMDB,CMDB-100837
OT-00837,PASSIVE,PLT-08-GATEWAY-469
OT-00837,CMMS,ASSET-200837
OT-00838,CMDB,CMDB-100838
OT-00838,PASSIVE,PLT-08-PLC-947
OT-00838,CMMS,ASSET-200838
OT-00839,CMDB,CMDB-100839
OT-00839,PASSIVE,PLT-08-IED-309
OT-00839,CMMS,ASSET-200839
OT-00840,CMDB,CMDB-100840
OT-00840,PASSIVE,PLT-08-PLC-387
OT-00840,CMMS,ASSET-200840
OT-00841,CMDB,CMDB-100841
OT-00841,PASSIVE,PLT-08-HMI-835
OT-00841,CMMS,ASSET-200841
OT-00842,CMDB,CMDB-100842
OT-00842,PASSIVE,PLT-08-GATEWAY-626
OT-00842,CMMS,ASSET-200842
OT-00843,CMDB,CMDB-100843
OT-00843,PASSIVE,PLT-08-VFD-076
OT-00843,CMMS,ASSET-200843
OT-00844,CMDB,CMDB-100844
OT-00844,PASSIVE,PLT-08-HISTORIAN-741
OT-00844,CMMS,ASSET-200844
OT-00845,CMDB,CMDB-100845
OT-00845,PASSIVE,PLT-08-HMI-787
OT-00845,CMMS,ASSET-200845
OT-00846,CMDB,CMDB-100846
OT-00846,PASSIVE,PLT-08-DCS_CONTROLLER-832
OT-00846,CMMS,ASSET-200846
OT-00847,CMDB,CMDB-100847
OT-00847,PASSIVE,PLT-08-DCS_CONTROLLER-858
OT-00847,CMMS,ASSET-200847
OT-00848,CMDB,CMDB-100848
OT-00848,PASSIVE,PLT-08-HMI-017
OT-00848,CMMS,ASSET-200848
OT-00849,CMDB,CMDB-100849
OT-00849,PASSIVE,PLT-08-SAFETY_PLC-201
OT-00849,CMMS,ASSET-200849
OT-00850,CMDB,CMDB-100850
OT-00850,PASSIVE,PLT-08-IED-401
OT-00850,CMMS,ASSET-200850
OT-00851,CMDB,CMDB-100851
OT-00851,PASSIVE,PLT-08-HISTORIAN-113
OT-00851,CMMS,ASSET-200851
OT-00852,CMDB,CMDB-100852
OT-00852,PASSIVE,PLT-08-SAFETY_PLC-368
OT-00852,CMMS,ASSET-200852
OT-00853,CMDB,CMDB-100853
OT-00853,PASSIVE,PLT-08-ENG_WORKSTATION-983
OT-00853,CMMS,ASSET-200853
OT-00854,CMDB,CMDB-100854
OT-00854,PASSIVE,PLT-08-NETWORK_SWITCH-747
OT-00854,CMMS,ASSET-200854
OT-00855,CMDB,CMDB-100855
OT-00855,PASSIVE,PLT-08-RTU-514
OT-00855,CMMS,ASSET-200855
OT-00856,CMDB,CMDB-100856
OT-00856,PASSIVE,PLT-08-DCS_CONTROLLER-509
OT-00856,CMMS,ASSET-200856
OT-00857,CMDB,CMDB-100857
OT-00857,PASSIVE,PLT-08-VFD-472
OT-00857,CMMS,ASSET-200857
OT-00858,CMDB,CMDB-100858
OT-00858,PASSIVE,PLT-08-HISTORIAN-418
OT-00858,CMMS,ASSET-200858
OT-00859,CMDB,CMDB-100859
OT-00859,PASSIVE,PLT-08-SAFETY_PLC-468
OT-00859,CMMS,ASSET-200859
OT-00860,CMDB,CMDB-100860
OT-00860,PASSIVE,PLT-08-HMI-092
OT-00860,CMMS,ASSET-200860
OT-00861,CMDB,CMDB-100861
OT-00861,PASSIVE,PLT-08-OPC_SERVER-411
OT-00861,CMMS,ASSET-200861
OT-00862,CMDB,CMDB-100862
OT-00862,PASSIVE,PLT-08-IED-998
OT-00862,CMMS,ASSET-200862
OT-00863,CMDB,CMDB-100863
OT-00863,PASSIVE,PLT-08-RTU-577
OT-00863,CMMS,ASSET-200863
OT-00864,CMDB,CMDB-100864
OT-00864,PASSIVE,PLT-08-NETWORK_SWITCH-076
OT-00864,CMMS,ASSET-200864
OT-00865,CMDB,CMDB-100865
OT-00865,PASSIVE,PLT-08-HISTORIAN-913
OT-00865,CMMS,ASSET-200865
OT-00866,CMDB,CMDB-100866
OT-00866,PASSIVE,PLT-08-DCS_CONTROLLER-850
OT-00866,CMMS,ASSET-200866
OT-00867,CMDB,CMDB-100867
OT-00867,PASSIVE,PLT-08-HMI-680
OT-00867,CMMS,ASSET-200867
OT-00868,CMDB,CMDB-100868
OT-00868,PASSIVE,PLT-08-GATEWAY-044
OT-00868,CMMS,ASSET-200868
OT-00869,CMDB,CMDB-100869
OT-00869,PASSIVE,PLT-08-HISTORIAN-318
OT-00869,CMMS,ASSET-200869
OT-00870,CMDB,CMDB-100870
OT-00870,PASSIVE,PLT-08-IED-553
OT-00870,CMMS,ASSET-200870
OT-00871,CMDB,CMDB-100871
OT-00871,PASSIVE,PLT-08-HISTORIAN-790
OT-00871,CMMS,ASSET-200871
OT-00872,CMDB,CMDB-100872
OT-00872,PASSIVE,PLT-08-DCS_CONTROLLER-121
OT-00872,CMMS,ASSET-200872
OT-00873,CMDB,CMDB-100873
OT-00873,PASSIVE,PLT-08-DCS_CONTROLLER-122
OT-00873,CMMS,ASSET-200873
OT-00874,CMDB,CMDB-100874
OT-00874,PASSIVE,PLT-08-SENSOR-269
OT-00874,CMMS,ASSET-200874
OT-00875,CMDB,CMDB-100875
OT-00875,PASSIVE,PLT-08-GATEWAY-030
OT-00875,CMMS,ASSET-200875
OT-00876,CMDB,CMDB-100876
OT-00876,PASSIVE,PLT-08-RTU-829
OT-00876,CMMS,ASSET-200876
OT-00877,CMDB,CMDB-100877
OT-00877,PASSIVE,PLT-08-DCS_CONTROLLER-975
OT-00877,CMMS,ASSET-200877
OT-00878,CMDB,CMDB-100878
OT-00878,PASSIVE,PLT-08-DCS_CONTROLLER-957
OT-00878,CMMS,ASSET-200878
OT-00879,CMDB,CMDB-100879
OT-00879,PASSIVE,PLT-08-ENG_WORKSTATION-991
OT-00879,CMMS,ASSET-200879
OT-00880,CMDB,CMDB-100880
OT-00880,PASSIVE,PLT-08-ENG_WORKSTATION-646
OT-00880,CMMS,ASSET-200880
OT-00881,CMDB,CMDB-100881
OT-00881,PASSIVE,PLT-09-HISTORIAN-876
OT-00881,CMMS,ASSET-200881
OT-00882,CMDB,CMDB-100882
OT-00882,PASSIVE,PLT-09-DCS_CONTROLLER-365
OT-00882,CMMS,ASSET-200882
OT-00883,CMDB,CMDB-100883
OT-00883,PASSIVE,PLT-09-DCS_CONTROLLER-323
OT-00883,CMMS,ASSET-200883
OT-00884,CMDB,CMDB-100884
OT-00884,PASSIVE,PLT-09-HMI-931
OT-00884,CMMS,ASSET-200884
OT-00885,CMDB,CMDB-100885
OT-00885,PASSIVE,PLT-09-OPC_SERVER-329
OT-00885,CMMS,ASSET-200885
OT-00886,CMDB,CMDB-100886
OT-00886,PASSIVE,PLT-09-NETWORK_SWITCH-133
OT-00886,CMMS,ASSET-200886
OT-00887,CMDB,CMDB-100887
OT-00887,PASSIVE,PLT-09-SENSOR-834
OT-00887,CMMS,ASSET-200887
OT-00888,CMDB,CMDB-100888
OT-00888,PASSIVE,PLT-09-HISTORIAN-412
OT-00888,CMMS,ASSET-200888
OT-00889,CMDB,CMDB-100889
OT-00889,PASSIVE,PLT-09-IED-193
OT-00889,CMMS,ASSET-200889
OT-00890,CMDB,CMDB-100890
OT-00890,PASSIVE,PLT-09-RTU-928
OT-00890,CMMS,ASSET-200890
OT-00891,CMDB,CMDB-100891
OT-00891,PASSIVE,PLT-09-RTU-267
OT-00891,CMMS,ASSET-200891
OT-00892,CMDB,CMDB-100892
OT-00892,PASSIVE,PLT-09-GATEWAY-783
OT-00892,CMMS,ASSET-200892
OT-00893,CMDB,CMDB-100893
OT-00893,PASSIVE,PLT-09-ENG_WORKSTATION-776
OT-00893,CMMS,ASSET-200893
OT-00894,CMDB,CMDB-100894
OT-00894,PASSIVE,PLT-09-RTU-047
OT-00894,CMMS,ASSET-200894
OT-00895,CMDB,CMDB-100895
OT-00895,PASSIVE,PLT-09-RTU-458
OT-00895,CMMS,ASSET-200895
OT-00896,CMDB,CMDB-100896
OT-00896,PASSIVE,PLT-09-PLC-616
OT-00896,CMMS,ASSET-200896
OT-00897,CMDB,CMDB-100897
OT-00897,PASSIVE,PLT-09-SAFETY_PLC-138
OT-00897,CMMS,ASSET-200897
OT-00898,CMDB,CMDB-100898
OT-00898,PASSIVE,PLT-09-GATEWAY-225
OT-00898,CMMS,ASSET-200898
OT-00899,CMDB,CMDB-100899
OT-00899,PASSIVE,PLT-09-HMI-983
OT-00899,CMMS,ASSET-200899
OT-00900,CMDB,CMDB-100900
OT-00900,PASSIVE,PLT-09-IED-673
OT-00900,CMMS,ASSET-200900
OT-00901,CMDB,CMDB-100901
OT-00901,PASSIVE,PLT-09-NETWORK_SWITCH-839
OT-00901,CMMS,ASSET-200901
OT-00902,CMDB,CMDB-100902
OT-00902,PASSIVE,PLT-09-PLC-136
OT-00902,CMMS,ASSET-200902
OT-00903,CMDB,CMDB-100903
OT-00903,PASSIVE,PLT-09-GATEWAY-434
OT-00903,CMMS,ASSET-200903
OT-00904,CMDB,CMDB-100904
OT-00904,PASSIVE,PLT-09-HISTORIAN-826
OT-00904,CMMS,ASSET-200904
OT-00905,CMDB,CMDB-100905
OT-00905,PASSIVE,PLT-09-SENSOR-066
OT-00905,CMMS,ASSET-200905
OT-00906,CMDB,CMDB-100906
OT-00906,PASSIVE,PLT-09-OPC_SERVER-634
OT-00906,CMMS,ASSET-200906
OT-00907,CMDB,CMDB-100907
OT-00907,PASSIVE,PLT-09-HMI-701
OT-00907,CMMS,ASSET-200907
OT-00908,CMDB,CMDB-100908
OT-00908,PASSIVE,PLT-09-GATEWAY-102
OT-00908,CMMS,ASSET-200908
OT-00909,CMDB,CMDB-100909
OT-00909,PASSIVE,PLT-09-VFD-478
OT-00909,CMMS,ASSET-200909
OT-00910,CMDB,CMDB-100910
OT-00910,PASSIVE,PLT-09-DCS_CONTROLLER-825
OT-00910,CMMS,ASSET-200910
OT-00911,CMDB,CMDB-100911
OT-00911,PASSIVE,PLT-09-SAFETY_PLC-768
OT-00911,CMMS,ASSET-200911
OT-00912,CMDB,CMDB-100912
OT-00912,PASSIVE,PLT-09-DCS_CONTROLLER-500
OT-00912,CMMS,ASSET-200912
OT-00913,CMDB,CMDB-100913
OT-00913,PASSIVE,PLT-09-ENG_WORKSTATION-983
OT-00913,CMMS,ASSET-200913
OT-00914,CMDB,CMDB-100914
OT-00914,PASSIVE,PLT-09-SAFETY_PLC-390
OT-00914,CMMS,ASSET-200914
OT-00915,CMDB,CMDB-100915
OT-00915,PASSIVE,PLT-09-RTU-164
OT-00915,CMMS,ASSET-200915
OT-00916,CMDB,CMDB-100916
OT-00916,PASSIVE,PLT-09-ENG_WORKSTATION-038
OT-00916,CMMS,ASSET-200916
OT-00917,CMDB,CMDB-100917
OT-00917,PASSIVE,PLT-09-GATEWAY-243
OT-00917,CMMS,ASSET-200917
OT-00918,CMDB,CMDB-100918
OT-00918,PASSIVE,PLT-09-PLC-680
OT-00918,CMMS,ASSET-200918
OT-00919,CMDB,CMDB-100919
OT-00919,PASSIVE,PLT-09-OPC_SERVER-719
OT-00919,CMMS,ASSET-200919
OT-00920,CMDB,CMDB-100920
OT-00920,PASSIVE,PLT-09-GATEWAY-626
OT-00920,CMMS,ASSET-200920
OT-00921,CMDB,CMDB-100921
OT-00921,PASSIVE,PLT-09-GATEWAY-038
OT-00921,CMMS,ASSET-200921
OT-00922,CMDB,CMDB-100922
OT-00922,PASSIVE,PLT-09-HISTORIAN-013
OT-00922,CMMS,ASSET-200922
OT-00923,CMDB,CMDB-100923
OT-00923,PASSIVE,PLT-09-PLC-879
OT-00923,CMMS,ASSET-200923
OT-00924,CMDB,CMDB-100924
OT-00924,PASSIVE,PLT-09-OPC_SERVER-356
OT-00924,CMMS,ASSET-200924
OT-00925,CMDB,CMDB-100925
OT-00925,PASSIVE,PLT-09-SENSOR-344
OT-00925,CMMS,ASSET-200925
OT-00926,CMDB,CMDB-100926
OT-00926,PASSIVE,PLT-09-IED-671
OT-00926,CMMS,ASSET-200926
OT-00927,CMDB,CMDB-100927
OT-00927,PASSIVE,PLT-09-GATEWAY-088
OT-00927,CMMS,ASSET-200927
OT-00928,CMDB,CMDB-100928
OT-00928,PASSIVE,PLT-09-ENG_WORKSTATION-491
OT-00928,CMMS,ASSET-200928
OT-00929,CMDB,CMDB-100929
OT-00929,PASSIVE,PLT-09-OPC_SERVER-353
OT-00929,CMMS,ASSET-200929
OT-00930,CMDB,CMDB-100930
OT-00930,PASSIVE,PLT-09-SENSOR-692
OT-00930,CMMS,ASSET-200930
OT-00931,CMDB,CMDB-100931
OT-00931,PASSIVE,PLT-09-ENG_WORKSTATION-259
OT-00931,CMMS,ASSET-200931
OT-00932,CMDB,CMDB-100932
OT-00932,PASSIVE,PLT-09-NETWORK_SWITCH-805
OT-00932,CMMS,ASSET-200932
OT-00933,CMDB,CMDB-100933
OT-00933,PASSIVE,PLT-09-OPC_SERVER-302
OT-00933,CMMS,ASSET-200933
OT-00934,CMDB,CMDB-100934
OT-00934,PASSIVE,PLT-09-DCS_CONTROLLER-679
OT-00934,CMMS,ASSET-200934
OT-00935,CMDB,CMDB-100935
OT-00935,PASSIVE,PLT-09-NETWORK_SWITCH-499
OT-00935,CMMS,ASSET-200935
OT-00936,CMDB,CMDB-100936
OT-00936,PASSIVE,PLT-09-HISTORIAN-172
OT-00936,CMMS,ASSET-200936
OT-00937,CMDB,CMDB-100937
OT-00937,PASSIVE,PLT-09-HMI-533
OT-00937,CMMS,ASSET-200937
OT-00938,CMDB,CMDB-100938
OT-00938,PASSIVE,PLT-09-DCS_CONTROLLER-098
OT-00938,CMMS,ASSET-200938
OT-00939,CMDB,CMDB-100939
OT-00939,PASSIVE,PLT-09-HMI-070
OT-00939,CMMS,ASSET-200939
OT-00940,CMDB,CMDB-100940
OT-00940,PASSIVE,PLT-09-GATEWAY-246
OT-00940,CMMS,ASSET-200940
OT-00941,CMDB,CMDB-100941
OT-00941,PASSIVE,PLT-09-ENG_WORKSTATION-439
OT-00941,CMMS,ASSET-200941
OT-00942,CMDB,CMDB-100942
OT-00942,PASSIVE,PLT-09-NETWORK_SWITCH-252
OT-00942,CMMS,ASSET-200942
OT-00943,CMDB,CMDB-100943
OT-00943,PASSIVE,PLT-09-OPC_SERVER-018
OT-00943,CMMS,ASSET-200943
OT-00944,CMDB,CMDB-100944
OT-00944,PASSIVE,PLT-09-NETWORK_SWITCH-505
OT-00944,CMMS,ASSET-200944
OT-00945,CMDB,CMDB-100945
OT-00945,PASSIVE,PLT-09-HMI-987
OT-00945,CMMS,ASSET-200945
OT-00946,CMDB,CMDB-100946
OT-00946,PASSIVE,PLT-09-RTU-674
OT-00946,CMMS,ASSET-200946
OT-00947,CMDB,CMDB-100947
OT-00947,PASSIVE,PLT-09-VFD-613
OT-00947,CMMS,ASSET-200947
OT-00948,CMDB,CMDB-100948
OT-00948,PASSIVE,PLT-09-DCS_CONTROLLER-704
OT-00948,CMMS,ASSET-200948
OT-00949,CMDB,CMDB-100949
OT-00949,PASSIVE,PLT-09-SAFETY_PLC-140
OT-00949,CMMS,ASSET-200949
OT-00950,CMDB,CMDB-100950
OT-00950,PASSIVE,PLT-09-OPC_SERVER-036
OT-00950,CMMS,ASSET-200950
OT-00951,CMDB,CMDB-100951
OT-00951,PASSIVE,PLT-09-HISTORIAN-247
OT-00951,CMMS,ASSET-200951
OT-00952,CMDB,CMDB-100952
OT-00952,PASSIVE,PLT-09-NETWORK_SWITCH-200
OT-00952,CMMS,ASSET-200952
OT-00953,CMDB,CMDB-100953
OT-00953,PASSIVE,PLT-09-HISTORIAN-883
OT-00953,CMMS,ASSET-200953
OT-00954,CMDB,CMDB-100954
OT-00954,PASSIVE,PLT-09-HMI-699
OT-00954,CMMS,ASSET-200954
OT-00955,CMDB,CMDB-100955
OT-00955,PASSIVE,PLT-09-OPC_SERVER-032
OT-00955,CMMS,ASSET-200955
OT-00956,CMDB,CMDB-100956
OT-00956,PASSIVE,PLT-09-HISTORIAN-385
OT-00956,CMMS,ASSET-200956
OT-00957,CMDB,CMDB-100957
OT-00957,PASSIVE,PLT-09-GATEWAY-920
OT-00957,CMMS,ASSET-200957
OT-00958,CMDB,CMDB-100958
OT-00958,PASSIVE,PLT-09-SAFETY_PLC-158
OT-00958,CMMS,ASSET-200958
OT-00959,CMDB,CMDB-100959
OT-00959,PASSIVE,PLT-09-VFD-465
OT-00959,CMMS,ASSET-200959
OT-00960,CMDB,CMDB-100960
OT-00960,PASSIVE,PLT-09-GATEWAY-055
OT-00960,CMMS,ASSET-200960
OT-00961,CMDB,CMDB-100961
OT-00961,PASSIVE,PLT-09-OPC_SERVER-005
OT-00961,CMMS,ASSET-200961
OT-00962,CMDB,CMDB-100962
OT-00962,PASSIVE,PLT-09-RTU-131
OT-00962,CMMS,ASSET-200962
OT-00963,CMDB,CMDB-100963
OT-00963,PASSIVE,PLT-09-SAFETY_PLC-671
OT-00963,CMMS,ASSET-200963
OT-00964,CMDB,CMDB-100964
OT-00964,PASSIVE,PLT-09-GATEWAY-223
OT-00964,CMMS,ASSET-200964
OT-00965,CMDB,CMDB-100965
OT-00965,PASSIVE,PLT-09-SAFETY_PLC-380
OT-00965,CMMS,ASSET-200965
OT-00966,CMDB,CMDB-100966
OT-00966,PASSIVE,PLT-09-SAFETY_PLC-525
OT-00966,CMMS,ASSET-200966
OT-00967,CMDB,CMDB-100967
OT-00967,PASSIVE,PLT-09-RTU-405
OT-00967,CMMS,ASSET-200967
OT-00968,CMDB,CMDB-100968
OT-00968,PASSIVE,PLT-09-SENSOR-856
OT-00968,CMMS,ASSET-200968
OT-00969,CMDB,CMDB-100969
OT-00969,PASSIVE,PLT-09-IED-879
OT-00969,CMMS,ASSET-200969
OT-00970,CMDB,CMDB-100970
OT-00970,PASSIVE,PLT-09-DCS_CONTROLLER-780
OT-00970,CMMS,ASSET-200970
OT-00971,CMDB,CMDB-100971
OT-00971,PASSIVE,PLT-09-SENSOR-311
OT-00971,CMMS,ASSET-200971
OT-00972,CMDB,CMDB-100972
OT-00972,PASSIVE,PLT-09-ENG_WORKSTATION-402
OT-00972,CMMS,ASSET-200972
OT-00973,CMDB,CMDB-100973
OT-00973,PASSIVE,PLT-09-SENSOR-374
OT-00973,CMMS,ASSET-200973
OT-00974,CMDB,CMDB-100974
OT-00974,PASSIVE,PLT-09-HMI-540
OT-00974,CMMS,ASSET-200974
OT-00975,CMDB,CMDB-100975
OT-00975,PASSIVE,PLT-09-PLC-588
OT-00975,CMMS,ASSET-200975
OT-00976,CMDB,CMDB-100976
OT-00976,PASSIVE,PLT-09-HMI-587
OT-00976,CMMS,ASSET-200976
OT-00977,CMDB,CMDB-100977
OT-00977,PASSIVE,PLT-09-OPC_SERVER-664
OT-00977,CMMS,ASSET-200977
OT-00978,CMDB,CMDB-100978
OT-00978,PASSIVE,PLT-09-OPC_SERVER-144
OT-00978,CMMS,ASSET-200978
OT-00979,CMDB,CMDB-100979
OT-00979,PASSIVE,PLT-09-HISTORIAN-330
OT-00979,CMMS,ASSET-200979
OT-00980,CMDB,CMDB-100980
OT-00980,PASSIVE,PLT-09-HMI-588
OT-00980,CMMS,ASSET-200980
OT-00981,CMDB,CMDB-100981
OT-00981,PASSIVE,PLT-09-GATEWAY-030
OT-00981,CMMS,ASSET-200981
OT-00982,CMDB,CMDB-100982
OT-00982,PASSIVE,PLT-09-SAFETY_PLC-943
OT-00982,CMMS,ASSET-200982
OT-00983,CMDB,CMDB-100983
OT-00983,PASSIVE,PLT-09-ENG_WORKSTATION-714
OT-00983,CMMS,ASSET-200983
OT-00984,CMDB,CMDB-100984
OT-00984,PASSIVE,PLT-09-ENG_WORKSTATION-625
OT-00984,CMMS,ASSET-200984
OT-00985,CMDB,CMDB-100985
OT-00985,PASSIVE,PLT-09-PLC-586
OT-00985,CMMS,ASSET-200985
OT-00986,CMDB,CMDB-100986
OT-00986,PASSIVE,PLT-09-SENSOR-103
OT-00986,CMMS,ASSET-200986
OT-00987,CMDB,CMDB-100987
OT-00987,PASSIVE,PLT-10-PLC-518
OT-00987,CMMS,ASSET-200987
OT-00988,CMDB,CMDB-100988
OT-00988,PASSIVE,PLT-10-VFD-866
OT-00988,CMMS,ASSET-200988
OT-00989,CMDB,CMDB-100989
OT-00989,PASSIVE,PLT-10-RTU-172
OT-00989,CMMS,ASSET-200989
OT-00990,CMDB,CMDB-100990
OT-00990,PASSIVE,PLT-10-HMI-914
OT-00990,CMMS,ASSET-200990
OT-00991,CMDB,CMDB-100991
OT-00991,PASSIVE,PLT-10-PLC-877
OT-00991,CMMS,ASSET-200991
OT-00992,CMDB,CMDB-100992
OT-00992,PASSIVE,PLT-10-PLC-104
OT-00992,CMMS,ASSET-200992
OT-00993,CMDB,CMDB-100993
OT-00993,PASSIVE,PLT-10-IED-273
OT-00993,CMMS,ASSET-200993
OT-00994,CMDB,CMDB-100994
OT-00994,PASSIVE,PLT-10-NETWORK_SWITCH-974
OT-00994,CMMS,ASSET-200994
OT-00995,CMDB,CMDB-100995
OT-00995,PASSIVE,PLT-10-HMI-614
OT-00995,CMMS,ASSET-200995
OT-00996,CMDB,CMDB-100996
OT-00996,PASSIVE,PLT-10-NETWORK_SWITCH-110
OT-00996,CMMS,ASSET-200996
OT-00997,CMDB,CMDB-100997
OT-00997,PASSIVE,PLT-10-OPC_SERVER-312
OT-00997,CMMS,ASSET-200997
OT-00998,CMDB,CMDB-100998
OT-00998,PASSIVE,PLT-10-HMI-968
OT-00998,CMMS,ASSET-200998
OT-00999,CMDB,CMDB-100999
OT-00999,PASSIVE,PLT-10-HISTORIAN-583
OT-00999,CMMS,ASSET-200999
OT-01000,CMDB,CMDB-101000
OT-01000,PASSIVE,PLT-10-PLC-191
OT-01000,CMMS,ASSET-201000
OT-01001,CMDB,CMDB-101001
OT-01001,PASSIVE,PLT-10-NETWORK_SWITCH-889
OT-01001,CMMS,ASSET-201001
OT-01002,CMDB,CMDB-101002
OT-01002,PASSIVE,PLT-10-NETWORK_SWITCH-948
OT-01002,CMMS,ASSET-201002
OT-01003,CMDB,CMDB-101003
OT-01003,PASSIVE,PLT-10-NETWORK_SWITCH-508
OT-01003,CMMS,ASSET-201003
OT-01004,CMDB,CMDB-101004
OT-01004,PASSIVE,PLT-10-NETWORK_SWITCH-879
OT-01004,CMMS,ASSET-201004
OT-01005,CMDB,CMDB-101005
OT-01005,PASSIVE,PLT-10-PLC-072
OT-01005,CMMS,ASSET-201005
OT-01006,CMDB,CMDB-101006
OT-01006,PASSIVE,PLT-10-PLC-683
OT-01006,CMMS,ASSET-201006
OT-01007,CMDB,CMDB-101007
OT-01007,PASSIVE,PLT-10-OPC_SERVER-241
OT-01007,CMMS,ASSET-201007
OT-01008,CMDB,CMDB-101008
OT-01008,PASSIVE,PLT-10-OPC_SERVER-003
OT-01008,CMMS,ASSET-201008
OT-01009,CMDB,CMDB-101009
OT-01009,PASSIVE,PLT-10-NETWORK_SWITCH-611
OT-01009,CMMS,ASSET-201009
OT-01010,CMDB,CMDB-101010
OT-01010,PASSIVE,PLT-10-HMI-766
OT-01010,CMMS,ASSET-201010
OT-01011,CMDB,CMDB-101011
OT-01011,PASSIVE,PLT-10-ENG_WORKSTATION-779
OT-01011,CMMS,ASSET-201011
OT-01012,CMDB,CMDB-101012
OT-01012,PASSIVE,PLT-10-PLC-857
OT-01012,CMMS,ASSET-201012
OT-01013,CMDB,CMDB-101013
OT-01013,PASSIVE,PLT-10-VFD-868
OT-01013,CMMS,ASSET-201013
OT-01014,CMDB,CMDB-101014
OT-01014,PASSIVE,PLT-10-RTU-129
OT-01014,CMMS,ASSET-201014
OT-01015,CMDB,CMDB-101015
OT-01015,PASSIVE,PLT-10-SAFETY_PLC-657
OT-01015,CMMS,ASSET-201015
OT-01016,CMDB,CMDB-101016
OT-01016,PASSIVE,PLT-10-DCS_CONTROLLER-885
OT-01016,CMMS,ASSET-201016
OT-01017,CMDB,CMDB-101017
OT-01017,PASSIVE,PLT-10-HMI-557
OT-01017,CMMS,ASSET-201017
OT-01018,CMDB,CMDB-101018
OT-01018,PASSIVE,PLT-10-NETWORK_SWITCH-021
OT-01018,CMMS,ASSET-201018
OT-01019,CMDB,CMDB-101019
OT-01019,PASSIVE,PLT-10-RTU-074
OT-01019,CMMS,ASSET-201019
OT-01020,CMDB,CMDB-101020
OT-01020,PASSIVE,PLT-10-OPC_SERVER-744
OT-01020,CMMS,ASSET-201020
OT-01021,CMDB,CMDB-101021
OT-01021,PASSIVE,PLT-10-GATEWAY-218
OT-01021,CMMS,ASSET-201021
OT-01022,CMDB,CMDB-101022
OT-01022,PASSIVE,PLT-10-DCS_CONTROLLER-160
OT-01022,CMMS,ASSET-201022
OT-01023,CMDB,CMDB-101023
OT-01023,PASSIVE,PLT-10-SENSOR-829
OT-01023,CMMS,ASSET-201023
OT-01024,CMDB,CMDB-101024
OT-01024,PASSIVE,PLT-10-SENSOR-757
OT-01024,CMMS,ASSET-201024
OT-01025,CMDB,CMDB-101025
OT-01025,PASSIVE,PLT-10-PLC-960
OT-01025,CMMS,ASSET-201025
OT-01026,CMDB,CMDB-101026
OT-01026,PASSIVE,PLT-10-ENG_WORKSTATION-007
OT-01026,CMMS,ASSET-201026
OT-01027,CMDB,CMDB-101027
OT-01027,PASSIVE,PLT-10-DCS_CONTROLLER-383
OT-01027,CMMS,ASSET-201027
OT-01028,CMDB,CMDB-101028
OT-01028,PASSIVE,PLT-10-ENG_WORKSTATION-434
OT-01028,CMMS,ASSET-201028
OT-01029,CMDB,CMDB-101029
OT-01029,PASSIVE,PLT-10-ENG_WORKSTATION-959
OT-01029,CMMS,ASSET-201029
OT-01030,CMDB,CMDB-101030
OT-01030,PASSIVE,PLT-10-HMI-368
OT-01030,CMMS,ASSET-201030
OT-01031,CMDB,CMDB-101031
OT-01031,PASSIVE,PLT-10-OPC_SERVER-563
OT-01031,CMMS,ASSET-201031
OT-01032,CMDB,CMDB-101032
OT-01032,PASSIVE,PLT-10-NETWORK_SWITCH-204
OT-01032,CMMS,ASSET-201032
OT-01033,CMDB,CMDB-101033
OT-01033,PASSIVE,PLT-10-IED-574
OT-01033,CMMS,ASSET-201033
OT-01034,CMDB,CMDB-101034
OT-01034,PASSIVE,PLT-10-ENG_WORKSTATION-348
OT-01034,CMMS,ASSET-201034
OT-01035,CMDB,CMDB-101035
OT-01035,PASSIVE,PLT-10-HISTORIAN-222
OT-01035,CMMS,ASSET-201035
OT-01036,CMDB,CMDB-101036
OT-01036,PASSIVE,PLT-10-ENG_WORKSTATION-940
OT-01036,CMMS,ASSET-201036
OT-01037,CMDB,CMDB-101037
OT-01037,PASSIVE,PLT-10-SENSOR-691
OT-01037,CMMS,ASSET-201037
OT-01038,CMDB,CMDB-101038
OT-01038,PASSIVE,PLT-10-GATEWAY-374
OT-01038,CMMS,ASSET-201038
OT-01039,CMDB,CMDB-101039
OT-01039,PASSIVE,PLT-10-RTU-114
OT-01039,CMMS,ASSET-201039
OT-01040,CMDB,CMDB-101040
OT-01040,PASSIVE,PLT-10-PLC-487
OT-01040,CMMS,ASSET-201040
OT-01041,CMDB,CMDB-101041
OT-01041,PASSIVE,PLT-10-HISTORIAN-273
OT-01041,CMMS,ASSET-201041
OT-01042,CMDB,CMDB-101042
OT-01042,PASSIVE,PLT-10-ENG_WORKSTATION-636
OT-01042,CMMS,ASSET-201042
OT-01043,CMDB,CMDB-101043
OT-01043,PASSIVE,PLT-10-GATEWAY-747
OT-01043,CMMS,ASSET-201043
OT-01044,CMDB,CMDB-101044
OT-01044,PASSIVE,PLT-10-SAFETY_PLC-378
OT-01044,CMMS,ASSET-201044
OT-01045,CMDB,CMDB-101045
OT-01045,PASSIVE,PLT-10-GATEWAY-189
OT-01045,CMMS,ASSET-201045
OT-01046,CMDB,CMDB-101046
OT-01046,PASSIVE,PLT-10-VFD-049
OT-01046,CMMS,ASSET-201046
OT-01047,CMDB,CMDB-101047
OT-01047,PASSIVE,PLT-10-ENG_WORKSTATION-428
OT-01047,CMMS,ASSET-201047
OT-01048,CMDB,CMDB-101048
OT-01048,PASSIVE,PLT-10-SAFETY_PLC-808
OT-01048,CMMS,ASSET-201048
OT-01049,CMDB,CMDB-101049
OT-01049,PASSIVE,PLT-10-RTU-331
OT-01049,CMMS,ASSET-201049
OT-01050,CMDB,CMDB-101050
OT-01050,PASSIVE,PLT-10-HISTORIAN-140
OT-01050,CMMS,ASSET-201050
OT-01051,CMDB,CMDB-101051
OT-01051,PASSIVE,PLT-10-DCS_CONTROLLER-240
OT-01051,CMMS,ASSET-201051
OT-01052,CMDB,CMDB-101052
OT-01052,PASSIVE,PLT-10-GATEWAY-724
OT-01052,CMMS,ASSET-201052
OT-01053,CMDB,CMDB-101053
OT-01053,PASSIVE,PLT-10-GATEWAY-097
OT-01053,CMMS,ASSET-201053
OT-01054,CMDB,CMDB-101054
OT-01054,PASSIVE,PLT-10-DCS_CONTROLLER-817
OT-01054,CMMS,ASSET-201054
OT-01055,CMDB,CMDB-101055
OT-01055,PASSIVE,PLT-10-PLC-780
OT-01055,CMMS,ASSET-201055
OT-01056,CMDB,CMDB-101056
OT-01056,PASSIVE,PLT-10-SAFETY_PLC-598
OT-01056,CMMS,ASSET-201056
OT-01057,CMDB,CMDB-101057
OT-01057,PASSIVE,PLT-10-DCS_CONTROLLER-636
OT-01057,CMMS,ASSET-201057
OT-01058,CMDB,CMDB-101058
OT-01058,PASSIVE,PLT-10-HISTORIAN-331
OT-01058,CMMS,ASSET-201058
OT-01059,CMDB,CMDB-101059
OT-01059,PASSIVE,PLT-10-IED-243
OT-01059,CMMS,ASSET-201059
OT-01060,CMDB,CMDB-101060
OT-01060,PASSIVE,PLT-10-SENSOR-612
OT-01060,CMMS,ASSET-201060
OT-01061,CMDB,CMDB-101061
OT-01061,PASSIVE,PLT-10-HMI-444
OT-01061,CMMS,ASSET-201061
OT-01062,CMDB,CMDB-101062
OT-01062,PASSIVE,PLT-10-SENSOR-907
OT-01062,CMMS,ASSET-201062
OT-01063,CMDB,CMDB-101063
OT-01063,PASSIVE,PLT-10-DCS_CONTROLLER-948
OT-01063,CMMS,ASSET-201063
OT-01064,CMDB,CMDB-101064
OT-01064,PASSIVE,PLT-10-SAFETY_PLC-319
OT-01064,CMMS,ASSET-201064
OT-01065,CMDB,CMDB-101065
OT-01065,PASSIVE,PLT-10-GATEWAY-031
OT-01065,CMMS,ASSET-201065
OT-01066,CMDB,CMDB-101066
OT-01066,PASSIVE,PLT-10-HISTORIAN-832
OT-01066,CMMS,ASSET-201066
OT-01067,CMDB,CMDB-101067
OT-01067,PASSIVE,PLT-10-ENG_WORKSTATION-447
OT-01067,CMMS,ASSET-201067
OT-01068,CMDB,CMDB-101068
OT-01068,PASSIVE,PLT-10-ENG_WORKSTATION-306
OT-01068,CMMS,ASSET-201068
OT-01069,CMDB,CMDB-101069
OT-01069,PASSIVE,PLT-10-OPC_SERVER-800
OT-01069,CMMS,ASSET-201069
OT-01070,CMDB,CMDB-101070
OT-01070,PASSIVE,PLT-10-SENSOR-756
OT-01070,CMMS,ASSET-201070
OT-01071,CMDB,CMDB-101071
OT-01071,PASSIVE,PLT-10-IED-007
OT-01071,CMMS,ASSET-201071
OT-01072,CMDB,CMDB-101072
OT-01072,PASSIVE,PLT-10-NETWORK_SWITCH-976
OT-01072,CMMS,ASSET-201072
OT-01073,CMDB,CMDB-101073
OT-01073,PASSIVE,PLT-10-SAFETY_PLC-089
OT-01073,CMMS,ASSET-201073
OT-01074,CMDB,CMDB-101074
OT-01074,PASSIVE,PLT-10-DCS_CONTROLLER-293
OT-01074,CMMS,ASSET-201074
OT-01075,CMDB,CMDB-101075
OT-01075,PASSIVE,PLT-10-HISTORIAN-887
OT-01075,CMMS,ASSET-201075
OT-01076,CMDB,CMDB-101076
OT-01076,PASSIVE,PLT-10-PLC-905
OT-01076,CMMS,ASSET-201076
OT-01077,CMDB,CMDB-101077
OT-01077,PASSIVE,PLT-10-VFD-217
OT-01077,CMMS,ASSET-201077
OT-01078,CMDB,CMDB-101078
OT-01078,PASSIVE,PLT-10-IED-348
OT-01078,CMMS,ASSET-201078
OT-01079,CMDB,CMDB-101079
OT-01079,PASSIVE,PLT-10-NETWORK_SWITCH-792
OT-01079,CMMS,ASSET-201079
OT-01080,CMDB,CMDB-101080
OT-01080,PASSIVE,PLT-10-NETWORK_SWITCH-933
OT-01080,CMMS,ASSET-201080
OT-01081,CMDB,CMDB-101081
OT-01081,PASSIVE,PLT-10-ENG_WORKSTATION-629
OT-01081,CMMS,ASSET-201081
OT-01082,CMDB,CMDB-101082
OT-01082,PASSIVE,PLT-10-RTU-911
OT-01082,CMMS,ASSET-201082
OT-01083,CMDB,CMDB-101083
OT-01083,PASSIVE,PLT-10-HMI-747
OT-01083,CMMS,ASSET-201083
OT-01084,CMDB,CMDB-101084
OT-01084,PASSIVE,PLT-10-HMI-088
OT-01084,CMMS,ASSET-201084
OT-01085,CMDB,CMDB-101085
OT-01085,PASSIVE,PLT-10-GATEWAY-823
OT-01085,CMMS,ASSET-201085
OT-01086,CMDB,CMDB-101086
OT-01086,PASSIVE,PLT-10-SAFETY_PLC-443
OT-01086,CMMS,ASSET-201086
OT-01087,CMDB,CMDB-101087
OT-01087,PASSIVE,PLT-10-SAFETY_PLC-652
OT-01087,CMMS,ASSET-201087
OT-01088,CMDB,CMDB-101088
OT-01088,PASSIVE,PLT-10-SENSOR-051
OT-01088,CMMS,ASSET-201088
OT-01089,CMDB,CMDB-101089
OT-01089,PASSIVE,PLT-10-HMI-412
OT-01089,CMMS,ASSET-201089
OT-01090,CMDB,CMDB-101090
OT-01090,PASSIVE,PLT-10-IED-153
OT-01090,CMMS,ASSET-201090
OT-01091,CMDB,CMDB-101091
OT-01091,PASSIVE,PLT-10-PLC-632
OT-01091,CMMS,ASSET-201091
OT-01092,CMDB,CMDB-101092
OT-01092,PASSIVE,PLT-10-HISTORIAN-117
OT-01092,CMMS,ASSET-201092
OT-01093,CMDB,CMDB-101093
OT-01093,PASSIVE,PLT-10-VFD-877
OT-01093,CMMS,ASSET-201093
OT-01094,CMDB,CMDB-101094
OT-01094,PASSIVE,PLT-10-SAFETY_PLC-854
OT-01094,CMMS,ASSET-201094
OT-01095,CMDB,CMDB-101095
OT-01095,PASSIVE,PLT-10-GATEWAY-491
OT-01095,CMMS,ASSET-201095
OT-01096,CMDB,CMDB-101096
OT-01096,PASSIVE,PLT-10-RTU-314
OT-01096,CMMS,ASSET-201096
OT-01097,CMDB,CMDB-101097
OT-01097,PASSIVE,PLT-10-OPC_SERVER-540
OT-01097,CMMS,ASSET-201097
OT-01098,CMDB,CMDB-101098
OT-01098,PASSIVE,PLT-10-PLC-764
OT-01098,CMMS,ASSET-201098
OT-01099,CMDB,CMDB-101099
OT-01099,PASSIVE,PLT-10-IED-047
OT-01099,CMMS,ASSET-201099
OT-01100,CMDB,CMDB-101100
OT-01100,PASSIVE,PLT-10-ENG_WORKSTATION-062
OT-01100,CMMS,ASSET-201100
OT-01101,CMDB,CMDB-101101
OT-01101,PASSIVE,PLT-10-OPC_SERVER-595
OT-01101,CMMS,ASSET-201101
OT-01102,CMDB,CMDB-101102
OT-01102,PASSIVE,PLT-10-RTU-117
OT-01102,CMMS,ASSET-201102
OT-01103,CMDB,CMDB-101103
OT-01103,PASSIVE,PLT-10-DCS_CONTROLLER-126
OT-01103,CMMS,ASSET-201103
OT-01104,CMDB,CMDB-101104
OT-01104,PASSIVE,PLT-11-PLC-791
OT-01104,CMMS,ASSET-201104
OT-01105,CMDB,CMDB-101105
OT-01105,PASSIVE,PLT-11-NETWORK_SWITCH-310
OT-01105,CMMS,ASSET-201105
OT-01106,CMDB,CMDB-101106
OT-01106,PASSIVE,PLT-11-IED-102
OT-01106,CMMS,ASSET-201106
OT-01107,CMDB,CMDB-101107
OT-01107,PASSIVE,PLT-11-GATEWAY-093
OT-01107,CMMS,ASSET-201107
OT-01108,CMDB,CMDB-101108
OT-01108,PASSIVE,PLT-11-NETWORK_SWITCH-827
OT-01108,CMMS,ASSET-201108
OT-01109,CMDB,CMDB-101109
OT-01109,PASSIVE,PLT-11-IED-259
OT-01109,CMMS,ASSET-201109
OT-01110,CMDB,CMDB-101110
OT-01110,PASSIVE,PLT-11-HMI-835
OT-01110,CMMS,ASSET-201110
OT-01111,CMDB,CMDB-101111
OT-01111,PASSIVE,PLT-11-IED-711
OT-01111,CMMS,ASSET-201111
OT-01112,CMDB,CMDB-101112
OT-01112,PASSIVE,PLT-11-NETWORK_SWITCH-900
OT-01112,CMMS,ASSET-201112
OT-01113,CMDB,CMDB-101113
OT-01113,PASSIVE,PLT-11-RTU-074
OT-01113,CMMS,ASSET-201113
OT-01114,CMDB,CMDB-101114
OT-01114,PASSIVE,PLT-11-DCS_CONTROLLER-620
OT-01114,CMMS,ASSET-201114
OT-01115,CMDB,CMDB-101115
OT-01115,PASSIVE,PLT-11-NETWORK_SWITCH-424
OT-01115,CMMS,ASSET-201115
OT-01116,CMDB,CMDB-101116
OT-01116,PASSIVE,PLT-11-OPC_SERVER-573
OT-01116,CMMS,ASSET-201116
OT-01117,CMDB,CMDB-101117
OT-01117,PASSIVE,PLT-11-ENG_WORKSTATION-143
OT-01117,CMMS,ASSET-201117
OT-01118,CMDB,CMDB-101118
OT-01118,PASSIVE,PLT-11-IED-498
OT-01118,CMMS,ASSET-201118
OT-01119,CMDB,CMDB-101119
OT-01119,PASSIVE,PLT-11-HISTORIAN-550
OT-01119,CMMS,ASSET-201119
OT-01120,CMDB,CMDB-101120
OT-01120,PASSIVE,PLT-11-HMI-051
OT-01120,CMMS,ASSET-201120
OT-01121,CMDB,CMDB-101121
OT-01121,PASSIVE,PLT-11-SENSOR-125
OT-01121,CMMS,ASSET-201121
OT-01122,CMDB,CMDB-101122
OT-01122,PASSIVE,PLT-11-DCS_CONTROLLER-819
OT-01122,CMMS,ASSET-201122
OT-01123,CMDB,CMDB-101123
OT-01123,PASSIVE,PLT-11-GATEWAY-854
OT-01123,CMMS,ASSET-201123
OT-01124,CMDB,CMDB-101124
OT-01124,PASSIVE,PLT-11-ENG_WORKSTATION-146
OT-01124,CMMS,ASSET-201124
OT-01125,CMDB,CMDB-101125
OT-01125,PASSIVE,PLT-11-NETWORK_SWITCH-908
OT-01125,CMMS,ASSET-201125
OT-01126,CMDB,CMDB-101126
OT-01126,PASSIVE,PLT-11-SENSOR-808
OT-01126,CMMS,ASSET-201126
OT-01127,CMDB,CMDB-101127
OT-01127,PASSIVE,PLT-11-PLC-838
OT-01127,CMMS,ASSET-201127
OT-01128,CMDB,CMDB-101128
OT-01128,PASSIVE,PLT-11-GATEWAY-459
OT-01128,CMMS,ASSET-201128
OT-01129,CMDB,CMDB-101129
OT-01129,PASSIVE,PLT-11-NETWORK_SWITCH-548
OT-01129,CMMS,ASSET-201129
OT-01130,CMDB,CMDB-101130
OT-01130,PASSIVE,PLT-11-IED-656
OT-01130,CMMS,ASSET-201130
OT-01131,CMDB,CMDB-101131
OT-01131,PASSIVE,PLT-11-HISTORIAN-416
OT-01131,CMMS,ASSET-201131
OT-01132,CMDB,CMDB-101132
OT-01132,PASSIVE,PLT-11-HISTORIAN-586
OT-01132,CMMS,ASSET-201132
OT-01133,CMDB,CMDB-101133
OT-01133,PASSIVE,PLT-11-OPC_SERVER-883
OT-01133,CMMS,ASSET-201133
OT-01134,CMDB,CMDB-101134
OT-01134,PASSIVE,PLT-11-DCS_CONTROLLER-368
OT-01134,CMMS,ASSET-201134
OT-01135,CMDB,CMDB-101135
OT-01135,PASSIVE,PLT-11-OPC_SERVER-083
OT-01135,CMMS,ASSET-201135
OT-01136,CMDB,CMDB-101136
OT-01136,PASSIVE,PLT-11-NETWORK_SWITCH-420
OT-01136,CMMS,ASSET-201136
OT-01137,CMDB,CMDB-101137
OT-01137,PASSIVE,PLT-11-DCS_CONTROLLER-687
OT-01137,CMMS,ASSET-201137
OT-01138,CMDB,CMDB-101138
OT-01138,PASSIVE,PLT-11-NETWORK_SWITCH-726
OT-01138,CMMS,ASSET-201138
OT-01139,CMDB,CMDB-101139
OT-01139,PASSIVE,PLT-11-HMI-513
OT-01139,CMMS,ASSET-201139
OT-01140,CMDB,CMDB-101140
OT-01140,PASSIVE,PLT-11-ENG_WORKSTATION-597
OT-01140,CMMS,ASSET-201140
OT-01141,CMDB,CMDB-101141
OT-01141,PASSIVE,PLT-11-SAFETY_PLC-050
OT-01141,CMMS,ASSET-201141
OT-01142,CMDB,CMDB-101142
OT-01142,PASSIVE,PLT-11-GATEWAY-037
OT-01142,CMMS,ASSET-201142
OT-01143,CMDB,CMDB-101143
OT-01143,PASSIVE,PLT-11-SENSOR-037
OT-01143,CMMS,ASSET-201143
OT-01144,CMDB,CMDB-101144
OT-01144,PASSIVE,PLT-11-HISTORIAN-361
OT-01144,CMMS,ASSET-201144
OT-01145,CMDB,CMDB-101145
OT-01145,PASSIVE,PLT-11-IED-119
OT-01145,CMMS,ASSET-201145
OT-01146,CMDB,CMDB-101146
OT-01146,PASSIVE,PLT-11-DCS_CONTROLLER-631
OT-01146,CMMS,ASSET-201146
OT-01147,CMDB,CMDB-101147
OT-01147,PASSIVE,PLT-11-IED-944
OT-01147,CMMS,ASSET-201147
OT-01148,CMDB,CMDB-101148
OT-01148,PASSIVE,PLT-11-HMI-946
OT-01148,CMMS,ASSET-201148
OT-01149,CMDB,CMDB-101149
OT-01149,PASSIVE,PLT-11-GATEWAY-120
OT-01149,CMMS,ASSET-201149
OT-01150,CMDB,CMDB-101150
OT-01150,PASSIVE,PLT-11-NETWORK_SWITCH-095
OT-01150,CMMS,ASSET-201150
OT-01151,CMDB,CMDB-101151
OT-01151,PASSIVE,PLT-11-HISTORIAN-111
OT-01151,CMMS,ASSET-201151
OT-01152,CMDB,CMDB-101152
OT-01152,PASSIVE,PLT-11-RTU-727
OT-01152,CMMS,ASSET-201152
OT-01153,CMDB,CMDB-101153
OT-01153,PASSIVE,PLT-11-GATEWAY-643
OT-01153,CMMS,ASSET-201153
OT-01154,CMDB,CMDB-101154
OT-01154,PASSIVE,PLT-11-NETWORK_SWITCH-599
OT-01154,CMMS,ASSET-201154
OT-01155,CMDB,CMDB-101155
OT-01155,PASSIVE,PLT-11-IED-689
OT-01155,CMMS,ASSET-201155
OT-01156,CMDB,CMDB-101156
OT-01156,PASSIVE,PLT-11-HMI-693
OT-01156,CMMS,ASSET-201156
OT-01157,CMDB,CMDB-101157
OT-01157,PASSIVE,PLT-11-SAFETY_PLC-798
OT-01157,CMMS,ASSET-201157
OT-01158,CMDB,CMDB-101158
OT-01158,PASSIVE,PLT-11-ENG_WORKSTATION-062
OT-01158,CMMS,ASSET-201158
OT-01159,CMDB,CMDB-101159
OT-01159,PASSIVE,PLT-11-SENSOR-159
OT-01159,CMMS,ASSET-201159
OT-01160,CMDB,CMDB-101160
OT-01160,PASSIVE,PLT-11-GATEWAY-594
OT-01160,CMMS,ASSET-201160
OT-01161,CMDB,CMDB-101161
OT-01161,PASSIVE,PLT-11-OPC_SERVER-620
OT-01161,CMMS,ASSET-201161
OT-01162,CMDB,CMDB-101162
OT-01162,PASSIVE,PLT-11-HISTORIAN-226
OT-01162,CMMS,ASSET-201162
OT-01163,CMDB,CMDB-101163
OT-01163,PASSIVE,PLT-11-SAFETY_PLC-086
OT-01163,CMMS,ASSET-201163
OT-01164,CMDB,CMDB-101164
OT-01164,PASSIVE,PLT-11-ENG_WORKSTATION-226
OT-01164,CMMS,ASSET-201164
OT-01165,CMDB,CMDB-101165
OT-01165,PASSIVE,PLT-11-SAFETY_PLC-338
OT-01165,CMMS,ASSET-201165
OT-01166,CMDB,CMDB-101166
OT-01166,PASSIVE,PLT-11-SAFETY_PLC-572
OT-01166,CMMS,ASSET-201166
OT-01167,CMDB,CMDB-101167
OT-01167,PASSIVE,PLT-11-SAFETY_PLC-149
OT-01167,CMMS,ASSET-201167
OT-01168,CMDB,CMDB-101168
OT-01168,PASSIVE,PLT-11-HISTORIAN-737
OT-01168,CMMS,ASSET-201168
OT-01169,CMDB,CMDB-101169
OT-01169,PASSIVE,PLT-11-ENG_WORKSTATION-494
OT-01169,CMMS,ASSET-201169
OT-01170,CMDB,CMDB-101170
OT-01170,PASSIVE,PLT-11-DCS_CONTROLLER-271
OT-01170,CMMS,ASSET-201170
OT-01171,CMDB,CMDB-101171
OT-01171,PASSIVE,PLT-11-PLC-844
OT-01171,CMMS,ASSET-201171
OT-01172,CMDB,CMDB-101172
OT-01172,PASSIVE,PLT-11-NETWORK_SWITCH-198
OT-01172,CMMS,ASSET-201172
OT-01173,CMDB,CMDB-101173
OT-01173,PASSIVE,PLT-11-VFD-412
OT-01173,CMMS,ASSET-201173
OT-01174,CMDB,CMDB-101174
OT-01174,PASSIVE,PLT-11-HISTORIAN-975
OT-01174,CMMS,ASSET-201174
OT-01175,CMDB,CMDB-101175
OT-01175,PASSIVE,PLT-11-VFD-307
OT-01175,CMMS,ASSET-201175
OT-01176,CMDB,CMDB-101176
OT-01176,PASSIVE,PLT-11-DCS_CONTROLLER-039
OT-01176,CMMS,ASSET-201176
OT-01177,CMDB,CMDB-101177
OT-01177,PASSIVE,PLT-11-HISTORIAN-370
OT-01177,CMMS,ASSET-201177
OT-01178,CMDB,CMDB-101178
OT-01178,PASSIVE,PLT-11-HMI-043
OT-01178,CMMS,ASSET-201178
OT-01179,CMDB,CMDB-101179
OT-01179,PASSIVE,PLT-11-SENSOR-569
OT-01179,CMMS,ASSET-201179
OT-01180,CMDB,CMDB-101180
OT-01180,PASSIVE,PLT-11-SENSOR-606
OT-01180,CMMS,ASSET-201180
OT-01181,CMDB,CMDB-101181
OT-01181,PASSIVE,PLT-11-OPC_SERVER-457
OT-01181,CMMS,ASSET-201181
OT-01182,CMDB,CMDB-101182
OT-01182,PASSIVE,PLT-11-ENG_WORKSTATION-465
OT-01182,CMMS,ASSET-201182
OT-01183,CMDB,CMDB-101183
OT-01183,PASSIVE,PLT-11-OPC_SERVER-814
OT-01183,CMMS,ASSET-201183
OT-01184,CMDB,CMDB-101184
OT-01184,PASSIVE,PLT-11-NETWORK_SWITCH-343
OT-01184,CMMS,ASSET-201184
OT-01185,CMDB,CMDB-101185
OT-01185,PASSIVE,PLT-11-DCS_CONTROLLER-665
OT-01185,CMMS,ASSET-201185
OT-01186,CMDB,CMDB-101186
OT-01186,PASSIVE,PLT-11-RTU-287
OT-01186,CMMS,ASSET-201186
OT-01187,CMDB,CMDB-101187
OT-01187,PASSIVE,PLT-11-SAFETY_PLC-883
OT-01187,CMMS,ASSET-201187
OT-01188,CMDB,CMDB-101188
OT-01188,PASSIVE,PLT-11-GATEWAY-366
OT-01188,CMMS,ASSET-201188
OT-01189,CMDB,CMDB-101189
OT-01189,PASSIVE,PLT-11-ENG_WORKSTATION-813
OT-01189,CMMS,ASSET-201189
OT-01190,CMDB,CMDB-101190
OT-01190,PASSIVE,PLT-11-DCS_CONTROLLER-425
OT-01190,CMMS,ASSET-201190
OT-01191,CMDB,CMDB-101191
OT-01191,PASSIVE,PLT-11-IED-832
OT-01191,CMMS,ASSET-201191
OT-01192,CMDB,CMDB-101192
OT-01192,PASSIVE,PLT-11-VFD-530
OT-01192,CMMS,ASSET-201192
OT-01193,CMDB,CMDB-101193
OT-01193,PASSIVE,PLT-11-SENSOR-782
OT-01193,CMMS,ASSET-201193
OT-01194,CMDB,CMDB-101194
OT-01194,PASSIVE,PLT-11-OPC_SERVER-201
OT-01194,CMMS,ASSET-201194
OT-01195,CMDB,CMDB-101195
OT-01195,PASSIVE,PLT-11-SENSOR-425
OT-01195,CMMS,ASSET-201195
OT-01196,CMDB,CMDB-101196
OT-01196,PASSIVE,PLT-11-DCS_CONTROLLER-501
OT-01196,CMMS,ASSET-201196
OT-01197,CMDB,CMDB-101197
OT-01197,PASSIVE,PLT-11-PLC-310
OT-01197,CMMS,ASSET-201197
OT-01198,CMDB,CMDB-101198
OT-01198,PASSIVE,PLT-11-IED-652
OT-01198,CMMS,ASSET-201198
OT-01199,CMDB,CMDB-101199
OT-01199,PASSIVE,PLT-11-OPC_SERVER-363
OT-01199,CMMS,ASSET-201199
OT-01200,CMDB,CMDB-101200
OT-01200,PASSIVE,PLT-11-ENG_WORKSTATION-622
OT-01200,CMMS,ASSET-201200
OT-01201,CMDB,CMDB-101201
OT-01201,PASSIVE,PLT-11-DCS_CONTROLLER-211
OT-01201,CMMS,ASSET-201201
OT-01202,CMDB,CMDB-101202
OT-01202,PASSIVE,PLT-11-VFD-296
OT-01202,CMMS,ASSET-201202
OT-01203,CMDB,CMDB-101203
OT-01203,PASSIVE,PLT-11-GATEWAY-341
OT-01203,CMMS,ASSET-201203
OT-01204,CMDB,CMDB-101204
OT-01204,PASSIVE,PLT-11-HMI-589
OT-01204,CMMS,ASSET-201204
OT-01205,CMDB,CMDB-101205
OT-01205,PASSIVE,PLT-11-IED-067
OT-01205,CMMS,ASSET-201205
OT-01206,CMDB,CMDB-101206
OT-01206,PASSIVE,PLT-11-HMI-274
OT-01206,CMMS,ASSET-201206
OT-01207,CMDB,CMDB-101207
OT-01207,PASSIVE,PLT-12-OPC_SERVER-603
OT-01207,CMMS,ASSET-201207
OT-01208,CMDB,CMDB-101208
OT-01208,PASSIVE,PLT-12-VFD-740
OT-01208,CMMS,ASSET-201208
OT-01209,CMDB,CMDB-101209
OT-01209,PASSIVE,PLT-12-GATEWAY-442
OT-01209,CMMS,ASSET-201209
OT-01210,CMDB,CMDB-101210
OT-01210,PASSIVE,PLT-12-SENSOR-317
OT-01210,CMMS,ASSET-201210
OT-01211,CMDB,CMDB-101211
OT-01211,PASSIVE,PLT-12-PLC-622
OT-01211,CMMS,ASSET-201211
OT-01212,CMDB,CMDB-101212
OT-01212,PASSIVE,PLT-12-DCS_CONTROLLER-515
OT-01212,CMMS,ASSET-201212
OT-01213,CMDB,CMDB-101213
OT-01213,PASSIVE,PLT-12-OPC_SERVER-579
OT-01213,CMMS,ASSET-201213
OT-01214,CMDB,CMDB-101214
OT-01214,PASSIVE,PLT-12-IED-063
OT-01214,CMMS,ASSET-201214
OT-01215,CMDB,CMDB-101215
OT-01215,PASSIVE,PLT-12-HISTORIAN-318
OT-01215,CMMS,ASSET-201215
OT-01216,CMDB,CMDB-101216
OT-01216,PASSIVE,PLT-12-GATEWAY-859
OT-01216,CMMS,ASSET-201216
OT-01217,CMDB,CMDB-101217
OT-01217,PASSIVE,PLT-12-SENSOR-381
OT-01217,CMMS,ASSET-201217
OT-01218,CMDB,CMDB-101218
OT-01218,PASSIVE,PLT-12-HMI-761
OT-01218,CMMS,ASSET-201218
OT-01219,CMDB,CMDB-101219
OT-01219,PASSIVE,PLT-12-OPC_SERVER-763
OT-01219,CMMS,ASSET-201219
OT-01220,CMDB,CMDB-101220
OT-01220,PASSIVE,PLT-12-HMI-283
OT-01220,CMMS,ASSET-201220
OT-01221,CMDB,CMDB-101221
OT-01221,PASSIVE,PLT-12-HMI-421
OT-01221,CMMS,ASSET-201221
OT-01222,CMDB,CMDB-101222
OT-01222,PASSIVE,PLT-12-GATEWAY-241
OT-01222,CMMS,ASSET-201222
OT-01223,CMDB,CMDB-101223
OT-01223,PASSIVE,PLT-12-SENSOR-341
OT-01223,CMMS,ASSET-201223
OT-01224,CMDB,CMDB-101224
OT-01224,PASSIVE,PLT-12-SENSOR-710
OT-01224,CMMS,ASSET-201224
OT-01225,CMDB,CMDB-101225
OT-01225,PASSIVE,PLT-12-RTU-200
OT-01225,CMMS,ASSET-201225
OT-01226,CMDB,CMDB-101226
OT-01226,PASSIVE,PLT-12-PLC-945
OT-01226,CMMS,ASSET-201226
OT-01227,CMDB,CMDB-101227
OT-01227,PASSIVE,PLT-12-RTU-518
OT-01227,CMMS,ASSET-201227
OT-01228,CMDB,CMDB-101228
OT-01228,PASSIVE,PLT-12-RTU-140
OT-01228,CMMS,ASSET-201228
OT-01229,CMDB,CMDB-101229
OT-01229,PASSIVE,PLT-12-DCS_CONTROLLER-068
OT-01229,CMMS,ASSET-201229
OT-01230,CMDB,CMDB-101230
OT-01230,PASSIVE,PLT-12-HISTORIAN-310
OT-01230,CMMS,ASSET-201230
OT-01231,CMDB,CMDB-101231
OT-01231,PASSIVE,PLT-12-RTU-983
OT-01231,CMMS,ASSET-201231
OT-01232,CMDB,CMDB-101232
OT-01232,PASSIVE,PLT-12-GATEWAY-278
OT-01232,CMMS,ASSET-201232
OT-01233,CMDB,CMDB-101233
OT-01233,PASSIVE,PLT-12-IED-652
OT-01233,CMMS,ASSET-201233
OT-01234,CMDB,CMDB-101234
OT-01234,PASSIVE,PLT-12-DCS_CONTROLLER-407
OT-01234,CMMS,ASSET-201234
OT-01235,CMDB,CMDB-101235
OT-01235,PASSIVE,PLT-12-SAFETY_PLC-910
OT-01235,CMMS,ASSET-201235
OT-01236,CMDB,CMDB-101236
OT-01236,PASSIVE,PLT-12-ENG_WORKSTATION-505
OT-01236,CMMS,ASSET-201236
OT-01237,CMDB,CMDB-101237
OT-01237,PASSIVE,PLT-12-NETWORK_SWITCH-796
OT-01237,CMMS,ASSET-201237
OT-01238,CMDB,CMDB-101238
OT-01238,PASSIVE,PLT-12-RTU-562
OT-01238,CMMS,ASSET-201238
OT-01239,CMDB,CMDB-101239
OT-01239,PASSIVE,PLT-12-NETWORK_SWITCH-303
OT-01239,CMMS,ASSET-201239
OT-01240,CMDB,CMDB-101240
OT-01240,PASSIVE,PLT-12-ENG_WORKSTATION-266
OT-01240,CMMS,ASSET-201240
OT-01241,CMDB,CMDB-101241
OT-01241,PASSIVE,PLT-12-VFD-174
OT-01241,CMMS,ASSET-201241
OT-01242,CMDB,CMDB-101242
OT-01242,PASSIVE,PLT-12-RTU-971
OT-01242,CMMS,ASSET-201242
OT-01243,CMDB,CMDB-101243
OT-01243,PASSIVE,PLT-12-ENG_WORKSTATION-588
OT-01243,CMMS,ASSET-201243
OT-01244,CMDB,CMDB-101244
OT-01244,PASSIVE,PLT-12-PLC-887
OT-01244,CMMS,ASSET-201244
OT-01245,CMDB,CMDB-101245
OT-01245,PASSIVE,PLT-12-IED-767
OT-01245,CMMS,ASSET-201245
OT-01246,CMDB,CMDB-101246
OT-01246,PASSIVE,PLT-12-SAFETY_PLC-473
OT-01246,CMMS,ASSET-201246
OT-01247,CMDB,CMDB-101247
OT-01247,PASSIVE,PLT-12-OPC_SERVER-730
OT-01247,CMMS,ASSET-201247
OT-01248,CMDB,CMDB-101248
OT-01248,PASSIVE,PLT-12-HISTORIAN-807
OT-01248,CMMS,ASSET-201248
OT-01249,CMDB,CMDB-101249
OT-01249,PASSIVE,PLT-12-PLC-745
OT-01249,CMMS,ASSET-201249
OT-01250,CMDB,CMDB-101250
OT-01250,PASSIVE,PLT-12-HMI-363
OT-01250,CMMS,ASSET-201250
OT-01251,CMDB,CMDB-101251
OT-01251,PASSIVE,PLT-12-HMI-638
OT-01251,CMMS,ASSET-201251
OT-01252,CMDB,CMDB-101252
OT-01252,PASSIVE,PLT-12-VFD-342
OT-01252,CMMS,ASSET-201252
OT-01253,CMDB,CMDB-101253
OT-01253,PASSIVE,PLT-12-VFD-252
OT-01253,CMMS,ASSET-201253
OT-01254,CMDB,CMDB-101254
OT-01254,PASSIVE,PLT-12-HISTORIAN-183
OT-01254,CMMS,ASSET-201254
OT-01255,CMDB,CMDB-101255
OT-01255,PASSIVE,PLT-12-OPC_SERVER-303
OT-01255,CMMS,ASSET-201255
OT-01256,CMDB,CMDB-101256
OT-01256,PASSIVE,PLT-12-IED-599
OT-01256,CMMS,ASSET-201256
OT-01257,CMDB,CMDB-101257
OT-01257,PASSIVE,PLT-12-HMI-617
OT-01257,CMMS,ASSET-201257
OT-01258,CMDB,CMDB-101258
OT-01258,PASSIVE,PLT-12-SAFETY_PLC-221
OT-01258,CMMS,ASSET-201258
OT-01259,CMDB,CMDB-101259
OT-01259,PASSIVE,PLT-12-NETWORK_SWITCH-234
OT-01259,CMMS,ASSET-201259
OT-01260,CMDB,CMDB-101260
OT-01260,PASSIVE,PLT-12-IED-501
OT-01260,CMMS,ASSET-201260
OT-01261,CMDB,CMDB-101261
OT-01261,PASSIVE,PLT-12-ENG_WORKSTATION-629
OT-01261,CMMS,ASSET-201261
OT-01262,CMDB,CMDB-101262
OT-01262,PASSIVE,PLT-12-RTU-748
OT-01262,CMMS,ASSET-201262
OT-01263,CMDB,CMDB-101263
OT-01263,PASSIVE,PLT-12-NETWORK_SWITCH-115
OT-01263,CMMS,ASSET-201263
OT-01264,CMDB,CMDB-101264
OT-01264,PASSIVE,PLT-12-IED-103
OT-01264,CMMS,ASSET-201264
OT-01265,CMDB,CMDB-101265
OT-01265,PASSIVE,PLT-12-HMI-232
OT-01265,CMMS,ASSET-201265
OT-01266,CMDB,CMDB-101266
OT-01266,PASSIVE,PLT-12-GATEWAY-470
OT-01266,CMMS,ASSET-201266
OT-01267,CMDB,CMDB-101267
OT-01267,PASSIVE,PLT-12-GATEWAY-238
OT-01267,CMMS,ASSET-201267
OT-01268,CMDB,CMDB-101268
OT-01268,PASSIVE,PLT-12-VFD-067
OT-01268,CMMS,ASSET-201268
OT-01269,CMDB,CMDB-101269
OT-01269,PASSIVE,PLT-12-HISTORIAN-120
OT-01269,CMMS,ASSET-201269
OT-01270,CMDB,CMDB-101270
OT-01270,PASSIVE,PLT-12-NETWORK_SWITCH-281
OT-01270,CMMS,ASSET-201270
OT-01271,CMDB,CMDB-101271
OT-01271,PASSIVE,PLT-12-OPC_SERVER-476
OT-01271,CMMS,ASSET-201271
OT-01272,CMDB,CMDB-101272
OT-01272,PASSIVE,PLT-12-SENSOR-221
OT-01272,CMMS,ASSET-201272
OT-01273,CMDB,CMDB-101273
OT-01273,PASSIVE,PLT-12-VFD-415
OT-01273,CMMS,ASSET-201273
OT-01274,CMDB,CMDB-101274
OT-01274,PASSIVE,PLT-12-NETWORK_SWITCH-348
OT-01274,CMMS,ASSET-201274
OT-01275,CMDB,CMDB-101275
OT-01275,PASSIVE,PLT-12-VFD-368
OT-01275,CMMS,ASSET-201275
OT-01276,CMDB,CMDB-101276
OT-01276,PASSIVE,PLT-12-RTU-650
OT-01276,CMMS,ASSET-201276
OT-01277,CMDB,CMDB-101277
OT-01277,PASSIVE,PLT-12-HMI-750
OT-01277,CMMS,ASSET-201277
OT-01278,CMDB,CMDB-101278
OT-01278,PASSIVE,PLT-12-IED-299
OT-01278,CMMS,ASSET-201278
OT-01279,CMDB,CMDB-101279
OT-01279,PASSIVE,PLT-12-SAFETY_PLC-113
OT-01279,CMMS,ASSET-201279
OT-01280,CMDB,CMDB-101280
OT-01280,PASSIVE,PLT-12-NETWORK_SWITCH-877
OT-01280,CMMS,ASSET-201280
OT-01281,CMDB,CMDB-101281
OT-01281,PASSIVE,PLT-12-OPC_SERVER-281
OT-01281,CMMS,ASSET-201281
OT-01282,CMDB,CMDB-101282
OT-01282,PASSIVE,PLT-12-GATEWAY-545
OT-01282,CMMS,ASSET-201282
OT-01283,CMDB,CMDB-101283
OT-01283,PASSIVE,PLT-12-RTU-636
OT-01283,CMMS,ASSET-201283
OT-01284,CMDB,CMDB-101284
OT-01284,PASSIVE,PLT-12-RTU-911
OT-01284,CMMS,ASSET-201284
OT-01285,CMDB,CMDB-101285
OT-01285,PASSIVE,PLT-12-HMI-917
OT-01285,CMMS,ASSET-201285
OT-01286,CMDB,CMDB-101286
OT-01286,PASSIVE,PLT-12-GATEWAY-473
OT-01286,CMMS,ASSET-201286
OT-01287,CMDB,CMDB-101287
OT-01287,PASSIVE,PLT-12-SENSOR-485
OT-01287,CMMS,ASSET-201287
OT-01288,CMDB,CMDB-101288
OT-01288,PASSIVE,PLT-12-IED-793
OT-01288,CMMS,ASSET-201288
OT-01289,CMDB,CMDB-101289
OT-01289,PASSIVE,PLT-12-HMI-826
OT-01289,CMMS,ASSET-201289
OT-01290,CMDB,CMDB-101290
OT-01290,PASSIVE,PLT-12-SENSOR-988
OT-01290,CMMS,ASSET-201290
OT-01291,CMDB,CMDB-101291
OT-01291,PASSIVE,PLT-12-DCS_CONTROLLER-456
OT-01291,CMMS,ASSET-201291
OT-01292,CMDB,CMDB-101292
OT-01292,PASSIVE,PLT-12-DCS_CONTROLLER-929
OT-01292,CMMS,ASSET-201292
OT-01293,CMDB,CMDB-101293
OT-01293,PASSIVE,PLT-12-DCS_CONTROLLER-400
OT-01293,CMMS,ASSET-201293
OT-01294,CMDB,CMDB-101294
OT-01294,PASSIVE,PLT-12-DCS_CONTROLLER-043
OT-01294,CMMS,ASSET-201294
OT-01295,CMDB,CMDB-101295
OT-01295,PASSIVE,PLT-12-DCS_CONTROLLER-544
OT-01295,CMMS,ASSET-201295
OT-01296,CMDB,CMDB-101296
OT-01296,PASSIVE,PLT-12-RTU-570
OT-01296,CMMS,ASSET-201296
OT-01297,CMDB,CMDB-101297
OT-01297,PASSIVE,PLT-12-PLC-039
OT-01297,CMMS,ASSET-201297
OT-01298,CMDB,CMDB-101298
OT-01298,PASSIVE,PLT-12-RTU-547
OT-01298,CMMS,ASSET-201298
OT-01299,CMDB,CMDB-101299
OT-01299,PASSIVE,PLT-12-IED-374
OT-01299,CMMS,ASSET-201299
OT-01300,CMDB,CMDB-101300
OT-01300,PASSIVE,PLT-12-NETWORK_SWITCH-428
OT-01300,CMMS,ASSET-201300
OT-01301,CMDB,CMDB-101301
OT-01301,PASSIVE,PLT-12-ENG_WORKSTATION-756
OT-01301,CMMS,ASSET-201301
OT-01302,CMDB,CMDB-101302
OT-01302,PASSIVE,PLT-12-NETWORK_SWITCH-801
OT-01302,CMMS,ASSET-201302
OT-01303,CMDB,CMDB-101303
OT-01303,PASSIVE,PLT-12-ENG_WORKSTATION-158
OT-01303,CMMS,ASSET-201303
OT-01304,CMDB,CMDB-101304
OT-01304,PASSIVE,PLT-12-NETWORK_SWITCH-596
OT-01304,CMMS,ASSET-201304
OT-01305,CMDB,CMDB-101305
OT-01305,PASSIVE,PLT-12-HISTORIAN-818
OT-01305,CMMS,ASSET-201305
OT-01306,CMDB,CMDB-101306
OT-01306,PASSIVE,PLT-12-HISTORIAN-912
OT-01306,CMMS,ASSET-201306
OT-01307,CMDB,CMDB-101307
OT-01307,PASSIVE,PLT-12-GATEWAY-519
OT-01307,CMMS,ASSET-201307
OT-01308,CMDB,CMDB-101308
OT-01308,PASSIVE,PLT-13-VFD-198
OT-01308,CMMS,ASSET-201308
OT-01309,CMDB,CMDB-101309
OT-01309,PASSIVE,PLT-13-RTU-470
OT-01309,CMMS,ASSET-201309
OT-01310,CMDB,CMDB-101310
OT-01310,PASSIVE,PLT-13-NETWORK_SWITCH-687
OT-01310,CMMS,ASSET-201310
OT-01311,CMDB,CMDB-101311
OT-01311,PASSIVE,PLT-13-DCS_CONTROLLER-265
OT-01311,CMMS,ASSET-201311
OT-01312,CMDB,CMDB-101312
OT-01312,PASSIVE,PLT-13-ENG_WORKSTATION-257
OT-01312,CMMS,ASSET-201312
OT-01313,CMDB,CMDB-101313
OT-01313,PASSIVE,PLT-13-RTU-977
OT-01313,CMMS,ASSET-201313
OT-01314,CMDB,CMDB-101314
OT-01314,PASSIVE,PLT-13-SENSOR-076
OT-01314,CMMS,ASSET-201314
OT-01315,CMDB,CMDB-101315
OT-01315,PASSIVE,PLT-13-SENSOR-707
OT-01315,CMMS,ASSET-201315
OT-01316,CMDB,CMDB-101316
OT-01316,PASSIVE,PLT-13-DCS_CONTROLLER-428
OT-01316,CMMS,ASSET-201316
OT-01317,CMDB,CMDB-101317
OT-01317,PASSIVE,PLT-13-DCS_CONTROLLER-626
OT-01317,CMMS,ASSET-201317
OT-01318,CMDB,CMDB-101318
OT-01318,PASSIVE,PLT-13-VFD-184
OT-01318,CMMS,ASSET-201318
OT-01319,CMDB,CMDB-101319
OT-01319,PASSIVE,PLT-13-HMI-491
OT-01319,CMMS,ASSET-201319
OT-01320,CMDB,CMDB-101320
OT-01320,PASSIVE,PLT-13-ENG_WORKSTATION-025
OT-01320,CMMS,ASSET-201320
OT-01321,CMDB,CMDB-101321
OT-01321,PASSIVE,PLT-13-HISTORIAN-529
OT-01321,CMMS,ASSET-201321
OT-01322,CMDB,CMDB-101322
OT-01322,PASSIVE,PLT-13-SAFETY_PLC-597
OT-01322,CMMS,ASSET-201322
OT-01323,CMDB,CMDB-101323
OT-01323,PASSIVE,PLT-13-ENG_WORKSTATION-241
OT-01323,CMMS,ASSET-201323
OT-01324,CMDB,CMDB-101324
OT-01324,PASSIVE,PLT-13-NETWORK_SWITCH-562
OT-01324,CMMS,ASSET-201324
OT-01325,CMDB,CMDB-101325
OT-01325,PASSIVE,PLT-13-HMI-787
OT-01325,CMMS,ASSET-201325
OT-01326,CMDB,CMDB-101326
OT-01326,PASSIVE,PLT-13-DCS_CONTROLLER-127
OT-01326,CMMS,ASSET-201326
OT-01327,CMDB,CMDB-101327
OT-01327,PASSIVE,PLT-13-GATEWAY-169
OT-01327,CMMS,ASSET-201327
OT-01328,CMDB,CMDB-101328
OT-01328,PASSIVE,PLT-13-IED-109
OT-01328,CMMS,ASSET-201328
OT-01329,CMDB,CMDB-101329
OT-01329,PASSIVE,PLT-13-HMI-561
OT-01329,CMMS,ASSET-201329
OT-01330,CMDB,CMDB-101330
OT-01330,PASSIVE,PLT-13-DCS_CONTROLLER-751
OT-01330,CMMS,ASSET-201330
OT-01331,CMDB,CMDB-101331
OT-01331,PASSIVE,PLT-13-DCS_CONTROLLER-713
OT-01331,CMMS,ASSET-201331
OT-01332,CMDB,CMDB-101332
OT-01332,PASSIVE,PLT-13-SAFETY_PLC-517
OT-01332,CMMS,ASSET-201332
OT-01333,CMDB,CMDB-101333
OT-01333,PASSIVE,PLT-13-SAFETY_PLC-049
OT-01333,CMMS,ASSET-201333
OT-01334,CMDB,CMDB-101334
OT-01334,PASSIVE,PLT-13-ENG_WORKSTATION-259
OT-01334,CMMS,ASSET-201334
OT-01335,CMDB,CMDB-101335
OT-01335,PASSIVE,PLT-13-OPC_SERVER-083
OT-01335,CMMS,ASSET-201335
OT-01336,CMDB,CMDB-101336
OT-01336,PASSIVE,PLT-13-SENSOR-719
OT-01336,CMMS,ASSET-201336
OT-01337,CMDB,CMDB-101337
OT-01337,PASSIVE,PLT-13-ENG_WORKSTATION-703
OT-01337,CMMS,ASSET-201337
OT-01338,CMDB,CMDB-101338
OT-01338,PASSIVE,PLT-13-ENG_WORKSTATION-158
OT-01338,CMMS,ASSET-201338
OT-01339,CMDB,CMDB-101339
OT-01339,PASSIVE,PLT-13-RTU-598
OT-01339,CMMS,ASSET-201339
OT-01340,CMDB,CMDB-101340
OT-01340,PASSIVE,PLT-13-RTU-382
OT-01340,CMMS,ASSET-201340
OT-01341,CMDB,CMDB-101341
OT-01341,PASSIVE,PLT-13-SAFETY_PLC-029
OT-01341,CMMS,ASSET-201341
OT-01342,CMDB,CMDB-101342
OT-01342,PASSIVE,PLT-13-DCS_CONTROLLER-319
OT-01342,CMMS,ASSET-201342
OT-01343,CMDB,CMDB-101343
OT-01343,PASSIVE,PLT-13-PLC-324
OT-01343,CMMS,ASSET-201343
OT-01344,CMDB,CMDB-101344
OT-01344,PASSIVE,PLT-13-IED-538
OT-01344,CMMS,ASSET-201344
OT-01345,CMDB,CMDB-101345
OT-01345,PASSIVE,PLT-13-NETWORK_SWITCH-003
OT-01345,CMMS,ASSET-201345
OT-01346,CMDB,CMDB-101346
OT-01346,PASSIVE,PLT-13-SENSOR-020
OT-01346,CMMS,ASSET-201346
OT-01347,CMDB,CMDB-101347
OT-01347,PASSIVE,PLT-13-GATEWAY-334
OT-01347,CMMS,ASSET-201347
OT-01348,CMDB,CMDB-101348
OT-01348,PASSIVE,PLT-13-IED-822
OT-01348,CMMS,ASSET-201348
OT-01349,CMDB,CMDB-101349
OT-01349,PASSIVE,PLT-13-VFD-901
OT-01349,CMMS,ASSET-201349
OT-01350,CMDB,CMDB-101350
OT-01350,PASSIVE,PLT-13-OPC_SERVER-885
OT-01350,CMMS,ASSET-201350
OT-01351,CMDB,CMDB-101351
OT-01351,PASSIVE,PLT-13-VFD-418
OT-01351,CMMS,ASSET-201351
OT-01352,CMDB,CMDB-101352
OT-01352,PASSIVE,PLT-13-OPC_SERVER-697
OT-01352,CMMS,ASSET-201352
OT-01353,CMDB,CMDB-101353
OT-01353,PASSIVE,PLT-13-ENG_WORKSTATION-371
OT-01353,CMMS,ASSET-201353
OT-01354,CMDB,CMDB-101354
OT-01354,PASSIVE,PLT-13-OPC_SERVER-978
OT-01354,CMMS,ASSET-201354
OT-01355,CMDB,CMDB-101355
OT-01355,PASSIVE,PLT-13-RTU-230
OT-01355,CMMS,ASSET-201355
OT-01356,CMDB,CMDB-101356
OT-01356,PASSIVE,PLT-13-NETWORK_SWITCH-605
OT-01356,CMMS,ASSET-201356
OT-01357,CMDB,CMDB-101357
OT-01357,PASSIVE,PLT-13-HISTORIAN-051
OT-01357,CMMS,ASSET-201357
OT-01358,CMDB,CMDB-101358
OT-01358,PASSIVE,PLT-13-GATEWAY-684
OT-01358,CMMS,ASSET-201358
OT-01359,CMDB,CMDB-101359
OT-01359,PASSIVE,PLT-13-GATEWAY-751
OT-01359,CMMS,ASSET-201359
OT-01360,CMDB,CMDB-101360
OT-01360,PASSIVE,PLT-13-NETWORK_SWITCH-591
OT-01360,CMMS,ASSET-201360
OT-01361,CMDB,CMDB-101361
OT-01361,PASSIVE,PLT-13-DCS_CONTROLLER-962
OT-01361,CMMS,ASSET-201361
OT-01362,CMDB,CMDB-101362
OT-01362,PASSIVE,PLT-13-SAFETY_PLC-123
OT-01362,CMMS,ASSET-201362
OT-01363,CMDB,CMDB-101363
OT-01363,PASSIVE,PLT-13-HISTORIAN-766
OT-01363,CMMS,ASSET-201363
OT-01364,CMDB,CMDB-101364
OT-01364,PASSIVE,PLT-13-OPC_SERVER-174
OT-01364,CMMS,ASSET-201364
OT-01365,CMDB,CMDB-101365
OT-01365,PASSIVE,PLT-13-SAFETY_PLC-291
OT-01365,CMMS,ASSET-201365
OT-01366,CMDB,CMDB-101366
OT-01366,PASSIVE,PLT-13-PLC-010
OT-01366,CMMS,ASSET-201366
OT-01367,CMDB,CMDB-101367
OT-01367,PASSIVE,PLT-13-NETWORK_SWITCH-384
OT-01367,CMMS,ASSET-201367
OT-01368,CMDB,CMDB-101368
OT-01368,PASSIVE,PLT-13-SAFETY_PLC-325
OT-01368,CMMS,ASSET-201368
OT-01369,CMDB,CMDB-101369
OT-01369,PASSIVE,PLT-13-PLC-749
OT-01369,CMMS,ASSET-201369
OT-01370,CMDB,CMDB-101370
OT-01370,PASSIVE,PLT-13-ENG_WORKSTATION-395
OT-01370,CMMS,ASSET-201370
OT-01371,CMDB,CMDB-101371
OT-01371,PASSIVE,PLT-13-PLC-331
OT-01371,CMMS,ASSET-201371
OT-01372,CMDB,CMDB-101372
OT-01372,PASSIVE,PLT-13-HISTORIAN-267
OT-01372,CMMS,ASSET-201372
OT-01373,CMDB,CMDB-101373
OT-01373,PASSIVE,PLT-13-VFD-261
OT-01373,CMMS,ASSET-201373
OT-01374,CMDB,CMDB-101374
OT-01374,PASSIVE,PLT-13-VFD-595
OT-01374,CMMS,ASSET-201374
OT-01375,CMDB,CMDB-101375
OT-01375,PASSIVE,PLT-13-OPC_SERVER-914
OT-01375,CMMS,ASSET-201375
OT-01376,CMDB,CMDB-101376
OT-01376,PASSIVE,PLT-13-GATEWAY-288
OT-01376,CMMS,ASSET-201376
OT-01377,CMDB,CMDB-101377
OT-01377,PASSIVE,PLT-13-PLC-850
OT-01377,CMMS,ASSET-201377
OT-01378,CMDB,CMDB-101378
OT-01378,PASSIVE,PLT-13-PLC-438
OT-01378,CMMS,ASSET-201378
OT-01379,CMDB,CMDB-101379
OT-01379,PASSIVE,PLT-13-OPC_SERVER-618
OT-01379,CMMS,ASSET-201379
OT-01380,CMDB,CMDB-101380
OT-01380,PASSIVE,PLT-13-NETWORK_SWITCH-335
OT-01380,CMMS,ASSET-201380
OT-01381,CMDB,CMDB-101381
OT-01381,PASSIVE,PLT-13-HMI-047
OT-01381,CMMS,ASSET-201381
OT-01382,CMDB,CMDB-101382
OT-01382,PASSIVE,PLT-13-VFD-968
OT-01382,CMMS,ASSET-201382
OT-01383,CMDB,CMDB-101383
OT-01383,PASSIVE,PLT-13-GATEWAY-746
OT-01383,CMMS,ASSET-201383
OT-01384,CMDB,CMDB-101384
OT-01384,PASSIVE,PLT-13-HMI-202
OT-01384,CMMS,ASSET-201384
OT-01385,CMDB,CMDB-101385
OT-01385,PASSIVE,PLT-13-OPC_SERVER-289
OT-01385,CMMS,ASSET-201385
OT-01386,CMDB,CMDB-101386
OT-01386,PASSIVE,PLT-13-GATEWAY-812
OT-01386,CMMS,ASSET-201386
OT-01387,CMDB,CMDB-101387
OT-01387,PASSIVE,PLT-13-DCS_CONTROLLER-794
OT-01387,CMMS,ASSET-201387
OT-01388,CMDB,CMDB-101388
OT-01388,PASSIVE,PLT-13-RTU-572
OT-01388,CMMS,ASSET-201388
OT-01389,CMDB,CMDB-101389
OT-01389,PASSIVE,PLT-13-SAFETY_PLC-658
OT-01389,CMMS,ASSET-201389
OT-01390,CMDB,CMDB-101390
OT-01390,PASSIVE,PLT-13-ENG_WORKSTATION-688
OT-01390,CMMS,ASSET-201390
OT-01391,CMDB,CMDB-101391
OT-01391,PASSIVE,PLT-13-SAFETY_PLC-827
OT-01391,CMMS,ASSET-201391
OT-01392,CMDB,CMDB-101392
OT-01392,PASSIVE,PLT-13-HISTORIAN-415
OT-01392,CMMS,ASSET-201392
OT-01393,CMDB,CMDB-101393
OT-01393,PASSIVE,PLT-13-SAFETY_PLC-104
OT-01393,CMMS,ASSET-201393
OT-01394,CMDB,CMDB-101394
OT-01394,PASSIVE,PLT-13-DCS_CONTROLLER-129
OT-01394,CMMS,ASSET-201394
OT-01395,CMDB,CMDB-101395
OT-01395,PASSIVE,PLT-13-IED-116
OT-01395,CMMS,ASSET-201395
OT-01396,CMDB,CMDB-101396
OT-01396,PASSIVE,PLT-13-HISTORIAN-145
OT-01396,CMMS,ASSET-201396
OT-01397,CMDB,CMDB-101397
OT-01397,PASSIVE,PLT-13-OPC_SERVER-007
OT-01397,CMMS,ASSET-201397
OT-01398,CMDB,CMDB-101398
OT-01398,PASSIVE,PLT-13-HISTORIAN-763
OT-01398,CMMS,ASSET-201398
OT-01399,CMDB,CMDB-101399
OT-01399,PASSIVE,PLT-13-PLC-850
OT-01399,CMMS,ASSET-201399
OT-01400,CMDB,CMDB-101400
OT-01400,PASSIVE,PLT-13-SENSOR-390
OT-01400,CMMS,ASSET-201400
OT-01401,CMDB,CMDB-101401
OT-01401,PASSIVE,PLT-13-DCS_CONTROLLER-730
OT-01401,CMMS,ASSET-201401
OT-01402,CMDB,CMDB-101402
OT-01402,PASSIVE,PLT-13-DCS_CONTROLLER-554
OT-01402,CMMS,ASSET-201402
OT-01403,CMDB,CMDB-101403
OT-01403,PASSIVE,PLT-13-DCS_CONTROLLER-663
OT-01403,CMMS,ASSET-201403
OT-01404,CMDB,CMDB-101404
OT-01404,PASSIVE,PLT-13-NETWORK_SWITCH-754
OT-01404,CMMS,ASSET-201404
OT-01405,CMDB,CMDB-101405
OT-01405,PASSIVE,PLT-13-HMI-665
OT-01405,CMMS,ASSET-201405
OT-01406,CMDB,CMDB-101406
OT-01406,PASSIVE,PLT-13-IED-022
OT-01406,CMMS,ASSET-201406
OT-01407,CMDB,CMDB-101407
OT-01407,PASSIVE,PLT-13-HMI-209
OT-01407,CMMS,ASSET-201407
OT-01408,CMDB,CMDB-101408
OT-01408,PASSIVE,PLT-13-SENSOR-217
OT-01408,CMMS,ASSET-201408
OT-01409,CMDB,CMDB-101409
OT-01409,PASSIVE,PLT-13-ENG_WORKSTATION-419
OT-01409,CMMS,ASSET-201409
OT-01410,CMDB,CMDB-101410
OT-01410,PASSIVE,PLT-13-NETWORK_SWITCH-355
OT-01410,CMMS,ASSET-201410
OT-01411,CMDB,CMDB-101411
OT-01411,PASSIVE,PLT-13-OPC_SERVER-279
OT-01411,CMMS,ASSET-201411
OT-01412,CMDB,CMDB-101412
OT-01412,PASSIVE,PLT-13-IED-727
OT-01412,CMMS,ASSET-201412
OT-01413,CMDB,CMDB-101413
OT-01413,PASSIVE,PLT-13-IED-442
OT-01413,CMMS,ASSET-201413
OT-01414,CMDB,CMDB-101414
OT-01414,PASSIVE,PLT-13-IED-325
OT-01414,CMMS,ASSET-201414
OT-01415,CMDB,CMDB-101415
OT-01415,PASSIVE,PLT-13-SAFETY_PLC-374
OT-01415,CMMS,ASSET-201415
OT-01416,CMDB,CMDB-101416
OT-01416,PASSIVE,PLT-13-GATEWAY-361
OT-01416,CMMS,ASSET-201416
OT-01417,CMDB,CMDB-101417
OT-01417,PASSIVE,PLT-13-HISTORIAN-858
OT-01417,CMMS,ASSET-201417
OT-01418,CMDB,CMDB-101418
OT-01418,PASSIVE,PLT-13-SENSOR-212
OT-01418,CMMS,ASSET-201418
OT-01419,CMDB,CMDB-101419
OT-01419,PASSIVE,PLT-13-ENG_WORKSTATION-028
OT-01419,CMMS,ASSET-201419
OT-01420,CMDB,CMDB-101420
OT-01420,PASSIVE,PLT-13-PLC-724
OT-01420,CMMS,ASSET-201420
OT-01421,CMDB,CMDB-101421
OT-01421,PASSIVE,PLT-13-GATEWAY-199
OT-01421,CMMS,ASSET-201421
OT-01422,CMDB,CMDB-101422
OT-01422,PASSIVE,PLT-13-SAFETY_PLC-258
OT-01422,CMMS,ASSET-201422
OT-01423,CMDB,CMDB-101423
OT-01423,PASSIVE,PLT-13-ENG_WORKSTATION-653
OT-01423,CMMS,ASSET-201423
OT-01424,CMDB,CMDB-101424
OT-01424,PASSIVE,PLT-13-PLC-242
OT-01424,CMMS,ASSET-201424
OT-01425,CMDB,CMDB-101425
OT-01425,PASSIVE,PLT-14-NETWORK_SWITCH-251
OT-01425,CMMS,ASSET-201425
OT-01426,CMDB,CMDB-101426
OT-01426,PASSIVE,PLT-14-PLC-390
OT-01426,CMMS,ASSET-201426
OT-01427,CMDB,CMDB-101427
OT-01427,PASSIVE,PLT-14-SENSOR-600
OT-01427,CMMS,ASSET-201427
OT-01428,CMDB,CMDB-101428
OT-01428,PASSIVE,PLT-14-HMI-691
OT-01428,CMMS,ASSET-201428
OT-01429,CMDB,CMDB-101429
OT-01429,PASSIVE,PLT-14-HISTORIAN-052
OT-01429,CMMS,ASSET-201429
OT-01430,CMDB,CMDB-101430
OT-01430,PASSIVE,PLT-14-DCS_CONTROLLER-805
OT-01430,CMMS,ASSET-201430
OT-01431,CMDB,CMDB-101431
OT-01431,PASSIVE,PLT-14-PLC-103
OT-01431,CMMS,ASSET-201431
OT-01432,CMDB,CMDB-101432
OT-01432,PASSIVE,PLT-14-PLC-205
OT-01432,CMMS,ASSET-201432
OT-01433,CMDB,CMDB-101433
OT-01433,PASSIVE,PLT-14-IED-364
OT-01433,CMMS,ASSET-201433
OT-01434,CMDB,CMDB-101434
OT-01434,PASSIVE,PLT-14-ENG_WORKSTATION-492
OT-01434,CMMS,ASSET-201434
OT-01435,CMDB,CMDB-101435
OT-01435,PASSIVE,PLT-14-SENSOR-150
OT-01435,CMMS,ASSET-201435
OT-01436,CMDB,CMDB-101436
OT-01436,PASSIVE,PLT-14-ENG_WORKSTATION-507
OT-01436,CMMS,ASSET-201436
OT-01437,CMDB,CMDB-101437
OT-01437,PASSIVE,PLT-14-OPC_SERVER-620
OT-01437,CMMS,ASSET-201437
OT-01438,CMDB,CMDB-101438
OT-01438,PASSIVE,PLT-14-VFD-173
OT-01438,CMMS,ASSET-201438
OT-01439,CMDB,CMDB-101439
OT-01439,PASSIVE,PLT-14-HISTORIAN-932
OT-01439,CMMS,ASSET-201439
OT-01440,CMDB,CMDB-101440
OT-01440,PASSIVE,PLT-14-SAFETY_PLC-697
OT-01440,CMMS,ASSET-201440
OT-01441,CMDB,CMDB-101441
OT-01441,PASSIVE,PLT-14-GATEWAY-737
OT-01441,CMMS,ASSET-201441
OT-01442,CMDB,CMDB-101442
OT-01442,PASSIVE,PLT-14-PLC-112
OT-01442,CMMS,ASSET-201442
OT-01443,CMDB,CMDB-101443
OT-01443,PASSIVE,PLT-14-SENSOR-985
OT-01443,CMMS,ASSET-201443
OT-01444,CMDB,CMDB-101444
OT-01444,PASSIVE,PLT-14-HMI-658
OT-01444,CMMS,ASSET-201444
OT-01445,CMDB,CMDB-101445
OT-01445,PASSIVE,PLT-14-VFD-919
OT-01445,CMMS,ASSET-201445
OT-01446,CMDB,CMDB-101446
OT-01446,PASSIVE,PLT-14-RTU-660
OT-01446,CMMS,ASSET-201446
OT-01447,CMDB,CMDB-101447
OT-01447,PASSIVE,PLT-14-DCS_CONTROLLER-463
OT-01447,CMMS,ASSET-201447
OT-01448,CMDB,CMDB-101448
OT-01448,PASSIVE,PLT-14-IED-223
OT-01448,CMMS,ASSET-201448
OT-01449,CMDB,CMDB-101449
OT-01449,PASSIVE,PLT-14-VFD-608
OT-01449,CMMS,ASSET-201449
OT-01450,CMDB,CMDB-101450
OT-01450,PASSIVE,PLT-14-SAFETY_PLC-708
OT-01450,CMMS,ASSET-201450
OT-01451,CMDB,CMDB-101451
OT-01451,PASSIVE,PLT-14-SAFETY_PLC-051
OT-01451,CMMS,ASSET-201451
OT-01452,CMDB,CMDB-101452
OT-01452,PASSIVE,PLT-14-HISTORIAN-880
OT-01452,CMMS,ASSET-201452
OT-01453,CMDB,CMDB-101453
OT-01453,PASSIVE,PLT-14-IED-884
OT-01453,CMMS,ASSET-201453
OT-01454,CMDB,CMDB-101454
OT-01454,PASSIVE,PLT-14-SENSOR-192
OT-01454,CMMS,ASSET-201454
OT-01455,CMDB,CMDB-101455
OT-01455,PASSIVE,PLT-14-HISTORIAN-579
OT-01455,CMMS,ASSET-201455
OT-01456,CMDB,CMDB-101456
OT-01456,PASSIVE,PLT-14-SENSOR-022
OT-01456,CMMS,ASSET-201456
OT-01457,CMDB,CMDB-101457
OT-01457,PASSIVE,PLT-14-OPC_SERVER-225
OT-01457,CMMS,ASSET-201457
OT-01458,CMDB,CMDB-101458
OT-01458,PASSIVE,PLT-14-HMI-354
OT-01458,CMMS,ASSET-201458
OT-01459,CMDB,CMDB-101459
OT-01459,PASSIVE,PLT-14-HMI-211
OT-01459,CMMS,ASSET-201459
OT-01460,CMDB,CMDB-101460
OT-01460,PASSIVE,PLT-14-HMI-952
OT-01460,CMMS,ASSET-201460
OT-01461,CMDB,CMDB-101461
OT-01461,PASSIVE,PLT-14-SAFETY_PLC-524
OT-01461,CMMS,ASSET-201461
OT-01462,CMDB,CMDB-101462
OT-01462,PASSIVE,PLT-14-PLC-747
OT-01462,CMMS,ASSET-201462
OT-01463,CMDB,CMDB-101463
OT-01463,PASSIVE,PLT-14-HISTORIAN-955
OT-01463,CMMS,ASSET-201463
OT-01464,CMDB,CMDB-101464
OT-01464,PASSIVE,PLT-14-VFD-201
OT-01464,CMMS,ASSET-201464
OT-01465,CMDB,CMDB-101465
OT-01465,PASSIVE,PLT-14-GATEWAY-908
OT-01465,CMMS,ASSET-201465
OT-01466,CMDB,CMDB-101466
OT-01466,PASSIVE,PLT-14-DCS_CONTROLLER-704
OT-01466,CMMS,ASSET-201466
OT-01467,CMDB,CMDB-101467
OT-01467,PASSIVE,PLT-14-DCS_CONTROLLER-522
OT-01467,CMMS,ASSET-201467
OT-01468,CMDB,CMDB-101468
OT-01468,PASSIVE,PLT-14-VFD-217
OT-01468,CMMS,ASSET-201468
OT-01469,CMDB,CMDB-101469
OT-01469,PASSIVE,PLT-14-VFD-176
OT-01469,CMMS,ASSET-201469
OT-01470,CMDB,CMDB-101470
OT-01470,PASSIVE,PLT-14-OPC_SERVER-513
OT-01470,CMMS,ASSET-201470
OT-01471,CMDB,CMDB-101471
OT-01471,PASSIVE,PLT-14-DCS_CONTROLLER-733
OT-01471,CMMS,ASSET-201471
OT-01472,CMDB,CMDB-101472
OT-01472,PASSIVE,PLT-14-HMI-233
OT-01472,CMMS,ASSET-201472
OT-01473,CMDB,CMDB-101473
OT-01473,PASSIVE,PLT-14-SAFETY_PLC-008
OT-01473,CMMS,ASSET-201473
OT-01474,CMDB,CMDB-101474
OT-01474,PASSIVE,PLT-14-NETWORK_SWITCH-309
OT-01474,CMMS,ASSET-201474
OT-01475,CMDB,CMDB-101475
OT-01475,PASSIVE,PLT-14-DCS_CONTROLLER-842
OT-01475,CMMS,ASSET-201475
OT-01476,CMDB,CMDB-101476
OT-01476,PASSIVE,PLT-14-GATEWAY-737
OT-01476,CMMS,ASSET-201476
OT-01477,CMDB,CMDB-101477
OT-01477,PASSIVE,PLT-14-HISTORIAN-307
OT-01477,CMMS,ASSET-201477
OT-01478,CMDB,CMDB-101478
OT-01478,PASSIVE,PLT-14-GATEWAY-473
OT-01478,CMMS,ASSET-201478
OT-01479,CMDB,CMDB-101479
OT-01479,PASSIVE,PLT-14-OPC_SERVER-095
OT-01479,CMMS,ASSET-201479
OT-01480,CMDB,CMDB-101480
OT-01480,PASSIVE,PLT-14-HMI-764
OT-01480,CMMS,ASSET-201480
OT-01481,CMDB,CMDB-101481
OT-01481,PASSIVE,PLT-14-GATEWAY-011
OT-01481,CMMS,ASSET-201481
OT-01482,CMDB,CMDB-101482
OT-01482,PASSIVE,PLT-14-DCS_CONTROLLER-454
OT-01482,CMMS,ASSET-201482
OT-01483,CMDB,CMDB-101483
OT-01483,PASSIVE,PLT-14-SENSOR-316
OT-01483,CMMS,ASSET-201483
OT-01484,CMDB,CMDB-101484
OT-01484,PASSIVE,PLT-14-GATEWAY-323
OT-01484,CMMS,ASSET-201484
OT-01485,CMDB,CMDB-101485
OT-01485,PASSIVE,PLT-14-IED-945
OT-01485,CMMS,ASSET-201485
OT-01486,CMDB,CMDB-101486
OT-01486,PASSIVE,PLT-14-SENSOR-930
OT-01486,CMMS,ASSET-201486
OT-01487,CMDB,CMDB-101487
OT-01487,PASSIVE,PLT-14-GATEWAY-794
OT-01487,CMMS,ASSET-201487
OT-01488,CMDB,CMDB-101488
OT-01488,PASSIVE,PLT-14-GATEWAY-817
OT-01488,CMMS,ASSET-201488
OT-01489,CMDB,CMDB-101489
OT-01489,PASSIVE,PLT-14-SENSOR-682
OT-01489,CMMS,ASSET-201489
OT-01490,CMDB,CMDB-101490
OT-01490,PASSIVE,PLT-14-RTU-367
OT-01490,CMMS,ASSET-201490
OT-01491,CMDB,CMDB-101491
OT-01491,PASSIVE,PLT-14-HMI-362
OT-01491,CMMS,ASSET-201491
OT-01492,CMDB,CMDB-101492
OT-01492,PASSIVE,PLT-14-VFD-312
OT-01492,CMMS,ASSET-201492
OT-01493,CMDB,CMDB-101493
OT-01493,PASSIVE,PLT-14-VFD-848
OT-01493,CMMS,ASSET-201493
OT-01494,CMDB,CMDB-101494
OT-01494,PASSIVE,PLT-14-DCS_CONTROLLER-789
OT-01494,CMMS,ASSET-201494
OT-01495,CMDB,CMDB-101495
OT-01495,PASSIVE,PLT-14-HISTORIAN-510
OT-01495,CMMS,ASSET-201495
OT-01496,CMDB,CMDB-101496
OT-01496,PASSIVE,PLT-14-SENSOR-607
OT-01496,CMMS,ASSET-201496
OT-01497,CMDB,CMDB-101497
OT-01497,PASSIVE,PLT-14-HMI-300
OT-01497,CMMS,ASSET-201497
OT-01498,CMDB,CMDB-101498
OT-01498,PASSIVE,PLT-14-HISTORIAN-668
OT-01498,CMMS,ASSET-201498
OT-01499,CMDB,CMDB-101499
OT-01499,PASSIVE,PLT-14-GATEWAY-838
OT-01499,CMMS,ASSET-201499
OT-01500,CMDB,CMDB-101500
OT-01500,PASSIVE,PLT-14-OPC_SERVER-146
OT-01500,CMMS,ASSET-201500
OT-01501,CMDB,CMDB-101501
OT-01501,PASSIVE,PLT-14-ENG_WORKSTATION-945
OT-01501,CMMS,ASSET-201501
OT-01502,CMDB,CMDB-101502
OT-01502,PASSIVE,PLT-14-GATEWAY-205
OT-01502,CMMS,ASSET-201502
OT-01503,CMDB,CMDB-101503
OT-01503,PASSIVE,PLT-14-SENSOR-380
OT-01503,CMMS,ASSET-201503
OT-01504,CMDB,CMDB-101504
OT-01504,PASSIVE,PLT-14-HISTORIAN-735
OT-01504,CMMS,ASSET-201504
OT-01505,CMDB,CMDB-101505
OT-01505,PASSIVE,PLT-14-RTU-236
OT-01505,CMMS,ASSET-201505
OT-01506,CMDB,CMDB-101506
OT-01506,PASSIVE,PLT-14-HISTORIAN-287
OT-01506,CMMS,ASSET-201506
OT-01507,CMDB,CMDB-101507
OT-01507,PASSIVE,PLT-14-GATEWAY-167
OT-01507,CMMS,ASSET-201507
OT-01508,CMDB,CMDB-101508
OT-01508,PASSIVE,PLT-14-PLC-137
OT-01508,CMMS,ASSET-201508
OT-01509,CMDB,CMDB-101509
OT-01509,PASSIVE,PLT-14-RTU-496
OT-01509,CMMS,ASSET-201509
OT-01510,CMDB,CMDB-101510
OT-01510,PASSIVE,PLT-14-IED-228
OT-01510,CMMS,ASSET-201510
OT-01511,CMDB,CMDB-101511
OT-01511,PASSIVE,PLT-14-ENG_WORKSTATION-572
OT-01511,CMMS,ASSET-201511
OT-01512,CMDB,CMDB-101512
OT-01512,PASSIVE,PLT-14-ENG_WORKSTATION-068
OT-01512,CMMS,ASSET-201512
OT-01513,CMDB,CMDB-101513
OT-01513,PASSIVE,PLT-14-SAFETY_PLC-927
OT-01513,CMMS,ASSET-201513
OT-01514,CMDB,CMDB-101514
OT-01514,PASSIVE,PLT-14-SAFETY_PLC-692
OT-01514,CMMS,ASSET-201514
OT-01515,CMDB,CMDB-101515
OT-01515,PASSIVE,PLT-14-HMI-228
OT-01515,CMMS,ASSET-201515
OT-01516,CMDB,CMDB-101516
OT-01516,PASSIVE,PLT-14-SENSOR-080
OT-01516,CMMS,ASSET-201516
OT-01517,CMDB,CMDB-101517
OT-01517,PASSIVE,PLT-14-NETWORK_SWITCH-960
OT-01517,CMMS,ASSET-201517
OT-01518,CMDB,CMDB-101518
OT-01518,PASSIVE,PLT-14-SENSOR-493
OT-01518,CMMS,ASSET-201518
OT-01519,CMDB,CMDB-101519
OT-01519,PASSIVE,PLT-14-PLC-567
OT-01519,CMMS,ASSET-201519
OT-01520,CMDB,CMDB-101520
OT-01520,PASSIVE,PLT-14-HMI-994
OT-01520,CMMS,ASSET-201520
OT-01521,CMDB,CMDB-101521
OT-01521,PASSIVE,PLT-14-NETWORK_SWITCH-396
OT-01521,CMMS,ASSET-201521
OT-01522,CMDB,CMDB-101522
OT-01522,PASSIVE,PLT-14-IED-676
OT-01522,CMMS,ASSET-201522
OT-01523,CMDB,CMDB-101523
OT-01523,PASSIVE,PLT-14-ENG_WORKSTATION-870
OT-01523,CMMS,ASSET-201523
OT-01524,CMDB,CMDB-101524
OT-01524,PASSIVE,PLT-14-IED-052
OT-01524,CMMS,ASSET-201524
OT-01525,CMDB,CMDB-101525
OT-01525,PASSIVE,PLT-14-IED-450
OT-01525,CMMS,ASSET-201525
OT-01526,CMDB,CMDB-101526
OT-01526,PASSIVE,PLT-14-SENSOR-249
OT-01526,CMMS,ASSET-201526
OT-01527,CMDB,CMDB-101527
OT-01527,PASSIVE,PLT-14-HMI-749
OT-01527,CMMS,ASSET-201527
OT-01528,CMDB,CMDB-101528
OT-01528,PASSIVE,PLT-14-HISTORIAN-582
OT-01528,CMMS,ASSET-201528
OT-01529,CMDB,CMDB-101529
OT-01529,PASSIVE,PLT-14-IED-183
OT-01529,CMMS,ASSET-201529
OT-01530,CMDB,CMDB-101530
OT-01530,PASSIVE,PLT-14-HMI-931
OT-01530,CMMS,ASSET-201530
OT-01531,CMDB,CMDB-101531
OT-01531,PASSIVE,PLT-14-SENSOR-598
OT-01531,CMMS,ASSET-201531
OT-01532,CMDB,CMDB-101532
OT-01532,PASSIVE,PLT-14-ENG_WORKSTATION-585
OT-01532,CMMS,ASSET-201532
OT-01533,CMDB,CMDB-101533
OT-01533,PASSIVE,PLT-14-SENSOR-988
OT-01533,CMMS,ASSET-201533
OT-01534,CMDB,CMDB-101534
OT-01534,PASSIVE,PLT-14-SENSOR-953
OT-01534,CMMS,ASSET-201534
OT-01535,CMDB,CMDB-101535
OT-01535,PASSIVE,PLT-14-PLC-240
OT-01535,CMMS,ASSET-201535
OT-01536,CMDB,CMDB-101536
OT-01536,PASSIVE,PLT-14-HISTORIAN-371
OT-01536,CMMS,ASSET-201536
OT-01537,CMDB,CMDB-101537
OT-01537,PASSIVE,PLT-14-RTU-488
OT-01537,CMMS,ASSET-201537
OT-01538,CMDB,CMDB-101538
OT-01538,PASSIVE,PLT-14-SENSOR-705
OT-01538,CMMS,ASSET-201538
OT-01539,CMDB,CMDB-101539
OT-01539,PASSIVE,PLT-14-IED-699
OT-01539,CMMS,ASSET-201539
OT-01540,CMDB,CMDB-101540
OT-01540,PASSIVE,PLT-14-PLC-786
OT-01540,CMMS,ASSET-201540
OT-01541,CMDB,CMDB-101541
OT-01541,PASSIVE,PLT-14-GATEWAY-467
OT-01541,CMMS,ASSET-201541
OT-01542,CMDB,CMDB-101542
OT-01542,PASSIVE,PLT-14-SENSOR-566
OT-01542,CMMS,ASSET-201542
OT-01543,CMDB,CMDB-101543
OT-01543,PASSIVE,PLT-14-OPC_SERVER-302
OT-01543,CMMS,ASSET-201543
OT-01544,CMDB,CMDB-101544
OT-01544,PASSIVE,PLT-14-NETWORK_SWITCH-872
OT-01544,CMMS,ASSET-201544
OT-01545,CMDB,CMDB-101545
OT-01545,PASSIVE,PLT-14-DCS_CONTROLLER-657
OT-01545,CMMS,ASSET-201545
OT-01546,CMDB,CMDB-101546
OT-01546,PASSIVE,PLT-14-RTU-064
OT-01546,CMMS,ASSET-201546
OT-01547,CMDB,CMDB-101547
OT-01547,PASSIVE,PLT-14-SENSOR-753
OT-01547,CMMS,ASSET-201547
OT-01548,CMDB,CMDB-101548
OT-01548,PASSIVE,PLT-14-NETWORK_SWITCH-668
OT-01548,CMMS,ASSET-201548
OT-01549,CMDB,CMDB-101549
OT-01549,PASSIVE,PLT-14-SAFETY_PLC-569
OT-01549,CMMS,ASSET-201549
OT-01550,CMDB,CMDB-101550
OT-01550,PASSIVE,PLT-14-NETWORK_SWITCH-859
OT-01550,CMMS,ASSET-201550
OT-01551,CMDB,CMDB-101551
OT-01551,PASSIVE,PLT-14-OPC_SERVER-121
OT-01551,CMMS,ASSET-201551
OT-01552,CMDB,CMDB-101552
OT-01552,PASSIVE,PLT-14-SAFETY_PLC-041
OT-01552,CMMS,ASSET-201552
OT-01553,CMDB,CMDB-101553
OT-01553,PASSIVE,PLT-15-DCS_CONTROLLER-240
OT-01553,CMMS,ASSET-201553
OT-01554,CMDB,CMDB-101554
OT-01554,PASSIVE,PLT-15-HISTORIAN-547
OT-01554,CMMS,ASSET-201554
OT-01555,CMDB,CMDB-101555
OT-01555,PASSIVE,PLT-15-SENSOR-602
OT-01555,CMMS,ASSET-201555
OT-01556,CMDB,CMDB-101556
OT-01556,PASSIVE,PLT-15-HMI-296
OT-01556,CMMS,ASSET-201556
OT-01557,CMDB,CMDB-101557
OT-01557,PASSIVE,PLT-15-OPC_SERVER-793
OT-01557,CMMS,ASSET-201557
OT-01558,CMDB,CMDB-101558
OT-01558,PASSIVE,PLT-15-HMI-585
OT-01558,CMMS,ASSET-201558
OT-01559,CMDB,CMDB-101559
OT-01559,PASSIVE,PLT-15-SAFETY_PLC-892
OT-01559,CMMS,ASSET-201559
OT-01560,CMDB,CMDB-101560
OT-01560,PASSIVE,PLT-15-SAFETY_PLC-493
OT-01560,CMMS,ASSET-201560
OT-01561,CMDB,CMDB-101561
OT-01561,PASSIVE,PLT-15-SAFETY_PLC-107
OT-01561,CMMS,ASSET-201561
OT-01562,CMDB,CMDB-101562
OT-01562,PASSIVE,PLT-15-SENSOR-215
OT-01562,CMMS,ASSET-201562
OT-01563,CMDB,CMDB-101563
OT-01563,PASSIVE,PLT-15-HISTORIAN-232
OT-01563,CMMS,ASSET-201563
OT-01564,CMDB,CMDB-101564
OT-01564,PASSIVE,PLT-15-NETWORK_SWITCH-161
OT-01564,CMMS,ASSET-201564
OT-01565,CMDB,CMDB-101565
OT-01565,PASSIVE,PLT-15-PLC-690
OT-01565,CMMS,ASSET-201565
OT-01566,CMDB,CMDB-101566
OT-01566,PASSIVE,PLT-15-NETWORK_SWITCH-854
OT-01566,CMMS,ASSET-201566
OT-01567,CMDB,CMDB-101567
OT-01567,PASSIVE,PLT-15-PLC-524
OT-01567,CMMS,ASSET-201567
OT-01568,CMDB,CMDB-101568
OT-01568,PASSIVE,PLT-15-RTU-360
OT-01568,CMMS,ASSET-201568
OT-01569,CMDB,CMDB-101569
OT-01569,PASSIVE,PLT-15-IED-169
OT-01569,CMMS,ASSET-201569
OT-01570,CMDB,CMDB-101570
OT-01570,PASSIVE,PLT-15-DCS_CONTROLLER-704
OT-01570,CMMS,ASSET-201570
OT-01571,CMDB,CMDB-101571
OT-01571,PASSIVE,PLT-15-VFD-157
OT-01571,CMMS,ASSET-201571
OT-01572,CMDB,CMDB-101572
OT-01572,PASSIVE,PLT-15-NETWORK_SWITCH-753
OT-01572,CMMS,ASSET-201572
OT-01573,CMDB,CMDB-101573
OT-01573,PASSIVE,PLT-15-NETWORK_SWITCH-707
OT-01573,CMMS,ASSET-201573
OT-01574,CMDB,CMDB-101574
OT-01574,PASSIVE,PLT-15-HISTORIAN-668
OT-01574,CMMS,ASSET-201574
OT-01575,CMDB,CMDB-101575
OT-01575,PASSIVE,PLT-15-OPC_SERVER-505
OT-01575,CMMS,ASSET-201575
OT-01576,CMDB,CMDB-101576
OT-01576,PASSIVE,PLT-15-RTU-362
OT-01576,CMMS,ASSET-201576
OT-01577,CMDB,CMDB-101577
OT-01577,PASSIVE,PLT-15-ENG_WORKSTATION-620
OT-01577,CMMS,ASSET-201577
OT-01578,CMDB,CMDB-101578
OT-01578,PASSIVE,PLT-15-PLC-162
OT-01578,CMMS,ASSET-201578
OT-01579,CMDB,CMDB-101579
OT-01579,PASSIVE,PLT-15-SAFETY_PLC-807
OT-01579,CMMS,ASSET-201579
OT-01580,CMDB,CMDB-101580
OT-01580,PASSIVE,PLT-15-OPC_SERVER-727
OT-01580,CMMS,ASSET-201580
OT-01581,CMDB,CMDB-101581
OT-01581,PASSIVE,PLT-15-ENG_WORKSTATION-898
OT-01581,CMMS,ASSET-201581
OT-01582,CMDB,CMDB-101582
OT-01582,PASSIVE,PLT-15-RTU-044
OT-01582,CMMS,ASSET-201582
OT-01583,CMDB,CMDB-101583
OT-01583,PASSIVE,PLT-15-DCS_CONTROLLER-839
OT-01583,CMMS,ASSET-201583
OT-01584,CMDB,CMDB-101584
OT-01584,PASSIVE,PLT-15-RTU-538
OT-01584,CMMS,ASSET-201584
OT-01585,CMDB,CMDB-101585
OT-01585,PASSIVE,PLT-15-NETWORK_SWITCH-726
OT-01585,CMMS,ASSET-201585
OT-01586,CMDB,CMDB-101586
OT-01586,PASSIVE,PLT-15-PLC-958
OT-01586,CMMS,ASSET-201586
OT-01587,CMDB,CMDB-101587
OT-01587,PASSIVE,PLT-15-SAFETY_PLC-936
OT-01587,CMMS,ASSET-201587
OT-01588,CMDB,CMDB-101588
OT-01588,PASSIVE,PLT-15-PLC-062
OT-01588,CMMS,ASSET-201588
OT-01589,CMDB,CMDB-101589
OT-01589,PASSIVE,PLT-15-SENSOR-512
OT-01589,CMMS,ASSET-201589
OT-01590,CMDB,CMDB-101590
OT-01590,PASSIVE,PLT-15-HISTORIAN-420
OT-01590,CMMS,ASSET-201590
OT-01591,CMDB,CMDB-101591
OT-01591,PASSIVE,PLT-15-IED-915
OT-01591,CMMS,ASSET-201591
OT-01592,CMDB,CMDB-101592
OT-01592,PASSIVE,PLT-15-SAFETY_PLC-129
OT-01592,CMMS,ASSET-201592
OT-01593,CMDB,CMDB-101593
OT-01593,PASSIVE,PLT-15-GATEWAY-758
OT-01593,CMMS,ASSET-201593
OT-01594,CMDB,CMDB-101594
OT-01594,PASSIVE,PLT-15-SENSOR-619
OT-01594,CMMS,ASSET-201594
OT-01595,CMDB,CMDB-101595
OT-01595,PASSIVE,PLT-15-OPC_SERVER-679
OT-01595,CMMS,ASSET-201595
OT-01596,CMDB,CMDB-101596
OT-01596,PASSIVE,PLT-15-HISTORIAN-621
OT-01596,CMMS,ASSET-201596
OT-01597,CMDB,CMDB-101597
OT-01597,PASSIVE,PLT-15-OPC_SERVER-221
OT-01597,CMMS,ASSET-201597
OT-01598,CMDB,CMDB-101598
OT-01598,PASSIVE,PLT-15-RTU-599
OT-01598,CMMS,ASSET-201598
OT-01599,CMDB,CMDB-101599
OT-01599,PASSIVE,PLT-15-NETWORK_SWITCH-556
OT-01599,CMMS,ASSET-201599
OT-01600,CMDB,CMDB-101600
OT-01600,PASSIVE,PLT-15-HISTORIAN-634
OT-01600,CMMS,ASSET-201600
OT-01601,CMDB,CMDB-101601
OT-01601,PASSIVE,PLT-15-SAFETY_PLC-202
OT-01601,CMMS,ASSET-201601
OT-01602,CMDB,CMDB-101602
OT-01602,PASSIVE,PLT-15-ENG_WORKSTATION-092
OT-01602,CMMS,ASSET-201602
OT-01603,CMDB,CMDB-101603
OT-01603,PASSIVE,PLT-15-DCS_CONTROLLER-422
OT-01603,CMMS,ASSET-201603
OT-01604,CMDB,CMDB-101604
OT-01604,PASSIVE,PLT-15-VFD-444
OT-01604,CMMS,ASSET-201604
OT-01605,CMDB,CMDB-101605
OT-01605,PASSIVE,PLT-15-OPC_SERVER-676
OT-01605,CMMS,ASSET-201605
OT-01606,CMDB,CMDB-101606
OT-01606,PASSIVE,PLT-15-GATEWAY-127
OT-01606,CMMS,ASSET-201606
OT-01607,CMDB,CMDB-101607
OT-01607,PASSIVE,PLT-15-SAFETY_PLC-051
OT-01607,CMMS,ASSET-201607
OT-01608,CMDB,CMDB-101608
OT-01608,PASSIVE,PLT-15-RTU-036
OT-01608,CMMS,ASSET-201608
OT-01609,CMDB,CMDB-101609
OT-01609,PASSIVE,PLT-15-RTU-531
OT-01609,CMMS,ASSET-201609
OT-01610,CMDB,CMDB-101610
OT-01610,PASSIVE,PLT-15-GATEWAY-767
OT-01610,CMMS,ASSET-201610
OT-01611,CMDB,CMDB-101611
OT-01611,PASSIVE,PLT-15-SAFETY_PLC-247
OT-01611,CMMS,ASSET-201611
OT-01612,CMDB,CMDB-101612
OT-01612,PASSIVE,PLT-15-NETWORK_SWITCH-239
OT-01612,CMMS,ASSET-201612
OT-01613,CMDB,CMDB-101613
OT-01613,PASSIVE,PLT-15-IED-558
OT-01613,CMMS,ASSET-201613
OT-01614,CMDB,CMDB-101614
OT-01614,PASSIVE,PLT-15-VFD-444
OT-01614,CMMS,ASSET-201614
OT-01615,CMDB,CMDB-101615
OT-01615,PASSIVE,PLT-15-GATEWAY-038
OT-01615,CMMS,ASSET-201615
OT-01616,CMDB,CMDB-101616
OT-01616,PASSIVE,PLT-15-NETWORK_SWITCH-872
OT-01616,CMMS,ASSET-201616
OT-01617,CMDB,CMDB-101617
OT-01617,PASSIVE,PLT-15-IED-607
OT-01617,CMMS,ASSET-201617
OT-01618,CMDB,CMDB-101618
OT-01618,PASSIVE,PLT-15-HISTORIAN-096
OT-01618,CMMS,ASSET-201618
OT-01619,CMDB,CMDB-101619
OT-01619,PASSIVE,PLT-15-NETWORK_SWITCH-732
OT-01619,CMMS,ASSET-201619
OT-01620,CMDB,CMDB-101620
OT-01620,PASSIVE,PLT-15-RTU-198
OT-01620,CMMS,ASSET-201620
OT-01621,CMDB,CMDB-101621
OT-01621,PASSIVE,PLT-15-GATEWAY-930
OT-01621,CMMS,ASSET-201621
OT-01622,CMDB,CMDB-101622
OT-01622,PASSIVE,PLT-15-PLC-528
OT-01622,CMMS,ASSET-201622
OT-01623,CMDB,CMDB-101623
OT-01623,PASSIVE,PLT-15-VFD-154
OT-01623,CMMS,ASSET-201623
OT-01624,CMDB,CMDB-101624
OT-01624,PASSIVE,PLT-15-DCS_CONTROLLER-456
OT-01624,CMMS,ASSET-201624
OT-01625,CMDB,CMDB-101625
OT-01625,PASSIVE,PLT-15-HISTORIAN-141
OT-01625,CMMS,ASSET-201625
OT-01626,CMDB,CMDB-101626
OT-01626,PASSIVE,PLT-15-VFD-430
OT-01626,CMMS,ASSET-201626
OT-01627,CMDB,CMDB-101627
OT-01627,PASSIVE,PLT-15-DCS_CONTROLLER-607
OT-01627,CMMS,ASSET-201627
OT-01628,CMDB,CMDB-101628
OT-01628,PASSIVE,PLT-15-IED-731
OT-01628,CMMS,ASSET-201628
OT-01629,CMDB,CMDB-101629
OT-01629,PASSIVE,PLT-15-SENSOR-079
OT-01629,CMMS,ASSET-201629
OT-01630,CMDB,CMDB-101630
OT-01630,PASSIVE,PLT-15-ENG_WORKSTATION-007
OT-01630,CMMS,ASSET-201630
OT-01631,CMDB,CMDB-101631
OT-01631,PASSIVE,PLT-15-RTU-120
OT-01631,CMMS,ASSET-201631
OT-01632,CMDB,CMDB-101632
OT-01632,PASSIVE,PLT-15-OPC_SERVER-254
OT-01632,CMMS,ASSET-201632
OT-01633,CMDB,CMDB-101633
OT-01633,PASSIVE,PLT-15-SAFETY_PLC-011
OT-01633,CMMS,ASSET-201633
OT-01634,CMDB,CMDB-101634
OT-01634,PASSIVE,PLT-15-GATEWAY-074
OT-01634,CMMS,ASSET-201634
OT-01635,CMDB,CMDB-101635
OT-01635,PASSIVE,PLT-15-HISTORIAN-649
OT-01635,CMMS,ASSET-201635
OT-01636,CMDB,CMDB-101636
OT-01636,PASSIVE,PLT-15-NETWORK_SWITCH-128
OT-01636,CMMS,ASSET-201636
OT-01637,CMDB,CMDB-101637
OT-01637,PASSIVE,PLT-15-NETWORK_SWITCH-480
OT-01637,CMMS,ASSET-201637
OT-01638,CMDB,CMDB-101638
OT-01638,PASSIVE,PLT-15-NETWORK_SWITCH-641
OT-01638,CMMS,ASSET-201638
OT-01639,CMDB,CMDB-101639
OT-01639,PASSIVE,PLT-15-NETWORK_SWITCH-050
OT-01639,CMMS,ASSET-201639
OT-01640,CMDB,CMDB-101640
OT-01640,PASSIVE,PLT-15-OPC_SERVER-767
OT-01640,CMMS,ASSET-201640
OT-01641,CMDB,CMDB-101641
OT-01641,PASSIVE,PLT-15-SENSOR-638
OT-01641,CMMS,ASSET-201641
OT-01642,CMDB,CMDB-101642
OT-01642,PASSIVE,PLT-15-PLC-787
OT-01642,CMMS,ASSET-201642
OT-01643,CMDB,CMDB-101643
OT-01643,PASSIVE,PLT-15-RTU-163
OT-01643,CMMS,ASSET-201643
OT-01644,CMDB,CMDB-101644
OT-01644,PASSIVE,PLT-15-VFD-237
OT-01644,CMMS,ASSET-201644
OT-01645,CMDB,CMDB-101645
OT-01645,PASSIVE,PLT-15-SAFETY_PLC-613
OT-01645,CMMS,ASSET-201645
OT-01646,CMDB,CMDB-101646
OT-01646,PASSIVE,PLT-15-OPC_SERVER-918
OT-01646,CMMS,ASSET-201646
OT-01647,CMDB,CMDB-101647
OT-01647,PASSIVE,PLT-15-SAFETY_PLC-110
OT-01647,CMMS,ASSET-201647
OT-01648,CMDB,CMDB-101648
OT-01648,PASSIVE,PLT-15-HMI-728
OT-01648,CMMS,ASSET-201648
OT-01649,CMDB,CMDB-101649
OT-01649,PASSIVE,PLT-15-RTU-062
OT-01649,CMMS,ASSET-201649
OT-01650,CMDB,CMDB-101650
OT-01650,PASSIVE,PLT-15-SENSOR-700
OT-01650,CMMS,ASSET-201650
OT-01651,CMDB,CMDB-101651
OT-01651,PASSIVE,PLT-15-GATEWAY-779
OT-01651,CMMS,ASSET-201651
OT-01652,CMDB,CMDB-101652
OT-01652,PASSIVE,PLT-15-OPC_SERVER-398
OT-01652,CMMS,ASSET-201652
OT-01653,CMDB,CMDB-101653
OT-01653,PASSIVE,PLT-15-HISTORIAN-414
OT-01653,CMMS,ASSET-201653
OT-01654,CMDB,CMDB-101654
OT-01654,PASSIVE,PLT-15-GATEWAY-535
OT-01654,CMMS,ASSET-201654
OT-01655,CMDB,CMDB-101655
OT-01655,PASSIVE,PLT-15-PLC-863
OT-01655,CMMS,ASSET-201655
OT-01656,CMDB,CMDB-101656
OT-01656,PASSIVE,PLT-15-VFD-313
OT-01656,CMMS,ASSET-201656
OT-01657,CMDB,CMDB-101657
OT-01657,PASSIVE,PLT-15-RTU-600
OT-01657,CMMS,ASSET-201657
OT-01658,CMDB,CMDB-101658
OT-01658,PASSIVE,PLT-15-HMI-606
OT-01658,CMMS,ASSET-201658
OT-01659,CMDB,CMDB-101659
OT-01659,PASSIVE,PLT-15-SAFETY_PLC-333
OT-01659,CMMS,ASSET-201659
OT-01660,CMDB,CMDB-101660
OT-01660,PASSIVE,PLT-15-RTU-157
OT-01660,CMMS,ASSET-201660
OT-01661,CMDB,CMDB-101661
OT-01661,PASSIVE,PLT-15-DCS_CONTROLLER-368
OT-01661,CMMS,ASSET-201661
OT-01662,CMDB,CMDB-101662
OT-01662,PASSIVE,PLT-15-OPC_SERVER-707
OT-01662,CMMS,ASSET-201662
OT-01663,CMDB,CMDB-101663
OT-01663,PASSIVE,PLT-15-SAFETY_PLC-507
OT-01663,CMMS,ASSET-201663
OT-01664,CMDB,CMDB-101664
OT-01664,PASSIVE,PLT-15-RTU-066
OT-01664,CMMS,ASSET-201664
OT-01665,CMDB,CMDB-101665
OT-01665,PASSIVE,PLT-15-HMI-010
OT-01665,CMMS,ASSET-201665
OT-01666,CMDB,CMDB-101666
OT-01666,PASSIVE,PLT-15-NETWORK_SWITCH-653
OT-01666,CMMS,ASSET-201666
OT-01667,CMDB,CMDB-101667
OT-01667,PASSIVE,PLT-16-SENSOR-708
OT-01667,CMMS,ASSET-201667
OT-01668,CMDB,CMDB-101668
OT-01668,PASSIVE,PLT-16-VFD-450
OT-01668,CMMS,ASSET-201668
OT-01669,CMDB,CMDB-101669
OT-01669,PASSIVE,PLT-16-HISTORIAN-411
OT-01669,CMMS,ASSET-201669
OT-01670,CMDB,CMDB-101670
OT-01670,PASSIVE,PLT-16-GATEWAY-511
OT-01670,CMMS,ASSET-201670
OT-01671,CMDB,CMDB-101671
OT-01671,PASSIVE,PLT-16-RTU-934
OT-01671,CMMS,ASSET-201671
OT-01672,CMDB,CMDB-101672
OT-01672,PASSIVE,PLT-16-HMI-718
OT-01672,CMMS,ASSET-201672
OT-01673,CMDB,CMDB-101673
OT-01673,PASSIVE,PLT-16-NETWORK_SWITCH-863
OT-01673,CMMS,ASSET-201673
OT-01674,CMDB,CMDB-101674
OT-01674,PASSIVE,PLT-16-IED-063
OT-01674,CMMS,ASSET-201674
OT-01675,CMDB,CMDB-101675
OT-01675,PASSIVE,PLT-16-RTU-553
OT-01675,CMMS,ASSET-201675
OT-01676,CMDB,CMDB-101676
OT-01676,PASSIVE,PLT-16-IED-527
OT-01676,CMMS,ASSET-201676
OT-01677,CMDB,CMDB-101677
OT-01677,PASSIVE,PLT-16-DCS_CONTROLLER-324
OT-01677,CMMS,ASSET-201677
OT-01678,CMDB,CMDB-101678
OT-01678,PASSIVE,PLT-16-SAFETY_PLC-124
OT-01678,CMMS,ASSET-201678
OT-01679,CMDB,CMDB-101679
OT-01679,PASSIVE,PLT-16-HMI-866
OT-01679,CMMS,ASSET-201679
OT-01680,CMDB,CMDB-101680
OT-01680,PASSIVE,PLT-16-ENG_WORKSTATION-928
OT-01680,CMMS,ASSET-201680
OT-01681,CMDB,CMDB-101681
OT-01681,PASSIVE,PLT-16-IED-916
OT-01681,CMMS,ASSET-201681
OT-01682,CMDB,CMDB-101682
OT-01682,PASSIVE,PLT-16-HISTORIAN-609
OT-01682,CMMS,ASSET-201682
OT-01683,CMDB,CMDB-101683
OT-01683,PASSIVE,PLT-16-ENG_WORKSTATION-865
OT-01683,CMMS,ASSET-201683
OT-01684,CMDB,CMDB-101684
OT-01684,PASSIVE,PLT-16-RTU-667
OT-01684,CMMS,ASSET-201684
OT-01685,CMDB,CMDB-101685
OT-01685,PASSIVE,PLT-16-NETWORK_SWITCH-709
OT-01685,CMMS,ASSET-201685
OT-01686,CMDB,CMDB-101686
OT-01686,PASSIVE,PLT-16-SAFETY_PLC-320
OT-01686,CMMS,ASSET-201686
OT-01687,CMDB,CMDB-101687
OT-01687,PASSIVE,PLT-16-SENSOR-789
OT-01687,CMMS,ASSET-201687
OT-01688,CMDB,CMDB-101688
OT-01688,PASSIVE,PLT-16-OPC_SERVER-056
OT-01688,CMMS,ASSET-201688
OT-01689,CMDB,CMDB-101689
OT-01689,PASSIVE,PLT-16-GATEWAY-213
OT-01689,CMMS,ASSET-201689
OT-01690,CMDB,CMDB-101690
OT-01690,PASSIVE,PLT-16-HISTORIAN-746
OT-01690,CMMS,ASSET-201690
OT-01691,CMDB,CMDB-101691
OT-01691,PASSIVE,PLT-16-ENG_WORKSTATION-981
OT-01691,CMMS,ASSET-201691
OT-01692,CMDB,CMDB-101692
OT-01692,PASSIVE,PLT-16-SAFETY_PLC-027
OT-01692,CMMS,ASSET-201692
OT-01693,CMDB,CMDB-101693
OT-01693,PASSIVE,PLT-16-HISTORIAN-812
OT-01693,CMMS,ASSET-201693
OT-01694,CMDB,CMDB-101694
OT-01694,PASSIVE,PLT-16-NETWORK_SWITCH-921
OT-01694,CMMS,ASSET-201694
OT-01695,CMDB,CMDB-101695
OT-01695,PASSIVE,PLT-16-HMI-007
OT-01695,CMMS,ASSET-201695
OT-01696,CMDB,CMDB-101696
OT-01696,PASSIVE,PLT-16-RTU-531
OT-01696,CMMS,ASSET-201696
OT-01697,CMDB,CMDB-101697
OT-01697,PASSIVE,PLT-16-VFD-090
OT-01697,CMMS,ASSET-201697
OT-01698,CMDB,CMDB-101698
OT-01698,PASSIVE,PLT-16-SENSOR-441
OT-01698,CMMS,ASSET-201698
OT-01699,CMDB,CMDB-101699
OT-01699,PASSIVE,PLT-16-NETWORK_SWITCH-852
OT-01699,CMMS,ASSET-201699
OT-01700,CMDB,CMDB-101700
OT-01700,PASSIVE,PLT-16-VFD-089
OT-01700,CMMS,ASSET-201700
OT-01701,CMDB,CMDB-101701
OT-01701,PASSIVE,PLT-16-HMI-668
OT-01701,CMMS,ASSET-201701
OT-01702,CMDB,CMDB-101702
OT-01702,PASSIVE,PLT-16-HMI-512
OT-01702,CMMS,ASSET-201702
OT-01703,CMDB,CMDB-101703
OT-01703,PASSIVE,PLT-16-HISTORIAN-020
OT-01703,CMMS,ASSET-201703
OT-01704,CMDB,CMDB-101704
OT-01704,PASSIVE,PLT-16-HISTORIAN-647
OT-01704,CMMS,ASSET-201704
OT-01705,CMDB,CMDB-101705
OT-01705,PASSIVE,PLT-16-HMI-303
OT-01705,CMMS,ASSET-201705
OT-01706,CMDB,CMDB-101706
OT-01706,PASSIVE,PLT-16-PLC-835
OT-01706,CMMS,ASSET-201706
OT-01707,CMDB,CMDB-101707
OT-01707,PASSIVE,PLT-16-PLC-179
OT-01707,CMMS,ASSET-201707
OT-01708,CMDB,CMDB-101708
OT-01708,PASSIVE,PLT-16-VFD-495
OT-01708,CMMS,ASSET-201708
OT-01709,CMDB,CMDB-101709
OT-01709,PASSIVE,PLT-16-ENG_WORKSTATION-399
OT-01709,CMMS,ASSET-201709
OT-01710,CMDB,CMDB-101710
OT-01710,PASSIVE,PLT-16-GATEWAY-890
OT-01710,CMMS,ASSET-201710
OT-01711,CMDB,CMDB-101711
OT-01711,PASSIVE,PLT-16-VFD-157
OT-01711,CMMS,ASSET-201711
OT-01712,CMDB,CMDB-101712
OT-01712,PASSIVE,PLT-16-SENSOR-541
OT-01712,CMMS,ASSET-201712
OT-01713,CMDB,CMDB-101713
OT-01713,PASSIVE,PLT-16-DCS_CONTROLLER-878
OT-01713,CMMS,ASSET-201713
OT-01714,CMDB,CMDB-101714
OT-01714,PASSIVE,PLT-16-IED-922
OT-01714,CMMS,ASSET-201714
OT-01715,CMDB,CMDB-101715
OT-01715,PASSIVE,PLT-16-SAFETY_PLC-702
OT-01715,CMMS,ASSET-201715
OT-01716,CMDB,CMDB-101716
OT-01716,PASSIVE,PLT-16-HMI-330
OT-01716,CMMS,ASSET-201716
OT-01717,CMDB,CMDB-101717
OT-01717,PASSIVE,PLT-16-HMI-435
OT-01717,CMMS,ASSET-201717
OT-01718,CMDB,CMDB-101718
OT-01718,PASSIVE,PLT-16-PLC-655
OT-01718,CMMS,ASSET-201718
OT-01719,CMDB,CMDB-101719
OT-01719,PASSIVE,PLT-16-VFD-621
OT-01719,CMMS,ASSET-201719
OT-01720,CMDB,CMDB-101720
OT-01720,PASSIVE,PLT-16-PLC-216
OT-01720,CMMS,ASSET-201720
OT-01721,CMDB,CMDB-101721
OT-01721,PASSIVE,PLT-16-PLC-506
OT-01721,CMMS,ASSET-201721
OT-01722,CMDB,CMDB-101722
OT-01722,PASSIVE,PLT-16-DCS_CONTROLLER-492
OT-01722,CMMS,ASSET-201722
OT-01723,CMDB,CMDB-101723
OT-01723,PASSIVE,PLT-16-SENSOR-865
OT-01723,CMMS,ASSET-201723
OT-01724,CMDB,CMDB-101724
OT-01724,PASSIVE,PLT-16-NETWORK_SWITCH-706
OT-01724,CMMS,ASSET-201724
OT-01725,CMDB,CMDB-101725
OT-01725,PASSIVE,PLT-16-GATEWAY-675
OT-01725,CMMS,ASSET-201725
OT-01726,CMDB,CMDB-101726
OT-01726,PASSIVE,PLT-16-PLC-039
OT-01726,CMMS,ASSET-201726
OT-01727,CMDB,CMDB-101727
OT-01727,PASSIVE,PLT-16-VFD-164
OT-01727,CMMS,ASSET-201727
OT-01728,CMDB,CMDB-101728
OT-01728,PASSIVE,PLT-16-HISTORIAN-414
OT-01728,CMMS,ASSET-201728
OT-01729,CMDB,CMDB-101729
OT-01729,PASSIVE,PLT-16-SAFETY_PLC-818
OT-01729,CMMS,ASSET-201729
OT-01730,CMDB,CMDB-101730
OT-01730,PASSIVE,PLT-16-RTU-062
OT-01730,CMMS,ASSET-201730
OT-01731,CMDB,CMDB-101731
OT-01731,PASSIVE,PLT-16-GATEWAY-304
OT-01731,CMMS,ASSET-201731
OT-01732,CMDB,CMDB-101732
OT-01732,PASSIVE,PLT-16-SENSOR-779
OT-01732,CMMS,ASSET-201732
OT-01733,CMDB,CMDB-101733
OT-01733,PASSIVE,PLT-16-SAFETY_PLC-456
OT-01733,CMMS,ASSET-201733
OT-01734,CMDB,CMDB-101734
OT-01734,PASSIVE,PLT-16-SENSOR-014
OT-01734,CMMS,ASSET-201734
OT-01735,CMDB,CMDB-101735
OT-01735,PASSIVE,PLT-16-DCS_CONTROLLER-829
OT-01735,CMMS,ASSET-201735
OT-01736,CMDB,CMDB-101736
OT-01736,PASSIVE,PLT-16-OPC_SERVER-790
OT-01736,CMMS,ASSET-201736
OT-01737,CMDB,CMDB-101737
OT-01737,PASSIVE,PLT-16-OPC_SERVER-331
OT-01737,CMMS,ASSET-201737
OT-01738,CMDB,CMDB-101738
OT-01738,PASSIVE,PLT-16-DCS_CONTROLLER-084
OT-01738,CMMS,ASSET-201738
OT-01739,CMDB,CMDB-101739
OT-01739,PASSIVE,PLT-16-HISTORIAN-821
OT-01739,CMMS,ASSET-201739
OT-01740,CMDB,CMDB-101740
OT-01740,PASSIVE,PLT-16-NETWORK_SWITCH-662
OT-01740,CMMS,ASSET-201740
OT-01741,CMDB,CMDB-101741
OT-01741,PASSIVE,PLT-16-NETWORK_SWITCH-246
OT-01741,CMMS,ASSET-201741
OT-01742,CMDB,CMDB-101742
OT-01742,PASSIVE,PLT-16-IED-503
OT-01742,CMMS,ASSET-201742
OT-01743,CMDB,CMDB-101743
OT-01743,PASSIVE,PLT-16-ENG_WORKSTATION-655
OT-01743,CMMS,ASSET-201743
OT-01744,CMDB,CMDB-101744
OT-01744,PASSIVE,PLT-16-GATEWAY-269
OT-01744,CMMS,ASSET-201744
OT-01745,CMDB,CMDB-101745
OT-01745,PASSIVE,PLT-16-NETWORK_SWITCH-964
OT-01745,CMMS,ASSET-201745
OT-01746,CMDB,CMDB-101746
OT-01746,PASSIVE,PLT-16-DCS_CONTROLLER-855
OT-01746,CMMS,ASSET-201746
OT-01747,CMDB,CMDB-101747
OT-01747,PASSIVE,PLT-16-NETWORK_SWITCH-470
OT-01747,CMMS,ASSET-201747
OT-01748,CMDB,CMDB-101748
OT-01748,PASSIVE,PLT-16-GATEWAY-094
OT-01748,CMMS,ASSET-201748
OT-01749,CMDB,CMDB-101749
OT-01749,PASSIVE,PLT-16-HISTORIAN-761
OT-01749,CMMS,ASSET-201749
OT-01750,CMDB,CMDB-101750
OT-01750,PASSIVE,PLT-16-IED-380
OT-01750,CMMS,ASSET-201750
OT-01751,CMDB,CMDB-101751
OT-01751,PASSIVE,PLT-16-VFD-868
OT-01751,CMMS,ASSET-201751
OT-01752,CMDB,CMDB-101752
OT-01752,PASSIVE,PLT-16-HISTORIAN-148
OT-01752,CMMS,ASSET-201752
OT-01753,CMDB,CMDB-101753
OT-01753,PASSIVE,PLT-16-DCS_CONTROLLER-666
OT-01753,CMMS,ASSET-201753
OT-01754,CMDB,CMDB-101754
OT-01754,PASSIVE,PLT-16-GATEWAY-999
OT-01754,CMMS,ASSET-201754
OT-01755,CMDB,CMDB-101755
OT-01755,PASSIVE,PLT-16-IED-401
OT-01755,CMMS,ASSET-201755
OT-01756,CMDB,CMDB-101756
OT-01756,PASSIVE,PLT-16-SAFETY_PLC-945
OT-01756,CMMS,ASSET-201756
OT-01757,CMDB,CMDB-101757
OT-01757,PASSIVE,PLT-16-PLC-375
OT-01757,CMMS,ASSET-201757
OT-01758,CMDB,CMDB-101758
OT-01758,PASSIVE,PLT-16-DCS_CONTROLLER-601
OT-01758,CMMS,ASSET-201758
OT-01759,CMDB,CMDB-101759
OT-01759,PASSIVE,PLT-16-GATEWAY-102
OT-01759,CMMS,ASSET-201759
OT-01760,CMDB,CMDB-101760
OT-01760,PASSIVE,PLT-16-HISTORIAN-964
OT-01760,CMMS,ASSET-201760
OT-01761,CMDB,CMDB-101761
OT-01761,PASSIVE,PLT-16-HMI-574
OT-01761,CMMS,ASSET-201761
OT-01762,CMDB,CMDB-101762
OT-01762,PASSIVE,PLT-16-VFD-962
OT-01762,CMMS,ASSET-201762
OT-01763,CMDB,CMDB-101763
OT-01763,PASSIVE,PLT-16-VFD-428
OT-01763,CMMS,ASSET-201763
OT-01764,CMDB,CMDB-101764
OT-01764,PASSIVE,PLT-16-GATEWAY-334
OT-01764,CMMS,ASSET-201764
OT-01765,CMDB,CMDB-101765
OT-01765,PASSIVE,PLT-16-RTU-338
OT-01765,CMMS,ASSET-201765
OT-01766,CMDB,CMDB-101766
OT-01766,PASSIVE,PLT-16-SENSOR-750
OT-01766,CMMS,ASSET-201766
OT-01767,CMDB,CMDB-101767
OT-01767,PASSIVE,PLT-16-NETWORK_SWITCH-426
OT-01767,CMMS,ASSET-201767
OT-01768,CMDB,CMDB-101768
OT-01768,PASSIVE,PLT-16-DCS_CONTROLLER-280
OT-01768,CMMS,ASSET-201768
OT-01769,CMDB,CMDB-101769
OT-01769,PASSIVE,PLT-16-OPC_SERVER-300
OT-01769,CMMS,ASSET-201769
OT-01770,CMDB,CMDB-101770
OT-01770,PASSIVE,PLT-16-HMI-224
OT-01770,CMMS,ASSET-201770
OT-01771,CMDB,CMDB-101771
OT-01771,PASSIVE,PLT-16-GATEWAY-299
OT-01771,CMMS,ASSET-201771
OT-01772,CMDB,CMDB-101772
OT-01772,PASSIVE,PLT-16-GATEWAY-574
OT-01772,CMMS,ASSET-201772
OT-01773,CMDB,CMDB-101773
OT-01773,PASSIVE,PLT-16-IED-926
OT-01773,CMMS,ASSET-201773
OT-01774,CMDB,CMDB-101774
OT-01774,PASSIVE,PLT-16-RTU-936
OT-01774,CMMS,ASSET-201774
OT-01775,CMDB,CMDB-101775
OT-01775,PASSIVE,PLT-16-IED-398
OT-01775,CMMS,ASSET-201775
OT-01776,CMDB,CMDB-101776
OT-01776,PASSIVE,PLT-16-SENSOR-006
OT-01776,CMMS,ASSET-201776
OT-01777,CMDB,CMDB-101777
OT-01777,PASSIVE,PLT-16-PLC-584
OT-01777,CMMS,ASSET-201777
OT-01778,CMDB,CMDB-101778
OT-01778,PASSIVE,PLT-16-HMI-805
OT-01778,CMMS,ASSET-201778
OT-01779,CMDB,CMDB-101779
OT-01779,PASSIVE,PLT-16-OPC_SERVER-880
OT-01779,CMMS,ASSET-201779
OT-01780,CMDB,CMDB-101780
OT-01780,PASSIVE,PLT-16-RTU-679
OT-01780,CMMS,ASSET-201780
OT-01781,CMDB,CMDB-101781
OT-01781,PASSIVE,PLT-16-DCS_CONTROLLER-661
OT-01781,CMMS,ASSET-201781
OT-01782,CMDB,CMDB-101782
OT-01782,PASSIVE,PLT-16-NETWORK_SWITCH-554
OT-01782,CMMS,ASSET-201782
OT-01783,CMDB,CMDB-101783
OT-01783,PASSIVE,PLT-16-ENG_WORKSTATION-612
OT-01783,CMMS,ASSET-201783
OT-01784,CMDB,CMDB-101784
OT-01784,PASSIVE,PLT-16-ENG_WORKSTATION-036
OT-01784,CMMS,ASSET-201784
OT-01785,CMDB,CMDB-101785
OT-01785,PASSIVE,PLT-16-PLC-493
OT-01785,CMMS,ASSET-201785
OT-01786,CMDB,CMDB-101786
OT-01786,PASSIVE,PLT-17-SAFETY_PLC-191
OT-01786,CMMS,ASSET-201786
OT-01787,CMDB,CMDB-101787
OT-01787,PASSIVE,PLT-17-ENG_WORKSTATION-379
OT-01787,CMMS,ASSET-201787
OT-01788,CMDB,CMDB-101788
OT-01788,PASSIVE,PLT-17-VFD-069
OT-01788,CMMS,ASSET-201788
OT-01789,CMDB,CMDB-101789
OT-01789,PASSIVE,PLT-17-GATEWAY-573
OT-01789,CMMS,ASSET-201789
OT-01790,CMDB,CMDB-101790
OT-01790,PASSIVE,PLT-17-ENG_WORKSTATION-726
OT-01790,CMMS,ASSET-201790
OT-01791,CMDB,CMDB-101791
OT-01791,PASSIVE,PLT-17-RTU-641
OT-01791,CMMS,ASSET-201791
OT-01792,CMDB,CMDB-101792
OT-01792,PASSIVE,PLT-17-VFD-061
OT-01792,CMMS,ASSET-201792
OT-01793,CMDB,CMDB-101793
OT-01793,PASSIVE,PLT-17-HISTORIAN-619
OT-01793,CMMS,ASSET-201793
OT-01794,CMDB,CMDB-101794
OT-01794,PASSIVE,PLT-17-VFD-764
OT-01794,CMMS,ASSET-201794
OT-01795,CMDB,CMDB-101795
OT-01795,PASSIVE,PLT-17-VFD-621
OT-01795,CMMS,ASSET-201795
OT-01796,CMDB,CMDB-101796
OT-01796,PASSIVE,PLT-17-ENG_WORKSTATION-908
OT-01796,CMMS,ASSET-201796
OT-01797,CMDB,CMDB-101797
OT-01797,PASSIVE,PLT-17-DCS_CONTROLLER-446
OT-01797,CMMS,ASSET-201797
OT-01798,CMDB,CMDB-101798
OT-01798,PASSIVE,PLT-17-SENSOR-823
OT-01798,CMMS,ASSET-201798
OT-01799,CMDB,CMDB-101799
OT-01799,PASSIVE,PLT-17-SAFETY_PLC-518
OT-01799,CMMS,ASSET-201799
OT-01800,CMDB,CMDB-101800
OT-01800,PASSIVE,PLT-17-PLC-807
OT-01800,CMMS,ASSET-201800
OT-01801,CMDB,CMDB-101801
OT-01801,PASSIVE,PLT-17-DCS_CONTROLLER-642
OT-01801,CMMS,ASSET-201801
OT-01802,CMDB,CMDB-101802
OT-01802,PASSIVE,PLT-17-ENG_WORKSTATION-931
OT-01802,CMMS,ASSET-201802
OT-01803,CMDB,CMDB-101803
OT-01803,PASSIVE,PLT-17-DCS_CONTROLLER-169
OT-01803,CMMS,ASSET-201803
OT-01804,CMDB,CMDB-101804
OT-01804,PASSIVE,PLT-17-PLC-860
OT-01804,CMMS,ASSET-201804
OT-01805,CMDB,CMDB-101805
OT-01805,PASSIVE,PLT-17-SENSOR-499
OT-01805,CMMS,ASSET-201805
OT-01806,CMDB,CMDB-101806
OT-01806,PASSIVE,PLT-17-NETWORK_SWITCH-295
OT-01806,CMMS,ASSET-201806
OT-01807,CMDB,CMDB-101807
OT-01807,PASSIVE,PLT-17-NETWORK_SWITCH-296
OT-01807,CMMS,ASSET-201807
OT-01808,CMDB,CMDB-101808
OT-01808,PASSIVE,PLT-17-VFD-083
OT-01808,CMMS,ASSET-201808
OT-01809,CMDB,CMDB-101809
OT-01809,PASSIVE,PLT-17-VFD-295
OT-01809,CMMS,ASSET-201809
OT-01810,CMDB,CMDB-101810
OT-01810,PASSIVE,PLT-17-SAFETY_PLC-871
OT-01810,CMMS,ASSET-201810
OT-01811,CMDB,CMDB-101811
OT-01811,PASSIVE,PLT-17-PLC-299
OT-01811,CMMS,ASSET-201811
OT-01812,CMDB,CMDB-101812
OT-01812,PASSIVE,PLT-17-VFD-436
OT-01812,CMMS,ASSET-201812
OT-01813,CMDB,CMDB-101813
OT-01813,PASSIVE,PLT-17-OPC_SERVER-546
OT-01813,CMMS,ASSET-201813
OT-01814,CMDB,CMDB-101814
OT-01814,PASSIVE,PLT-17-SAFETY_PLC-613
OT-01814,CMMS,ASSET-201814
OT-01815,CMDB,CMDB-101815
OT-01815,PASSIVE,PLT-17-SENSOR-565
OT-01815,CMMS,ASSET-201815
OT-01816,CMDB,CMDB-101816
OT-01816,PASSIVE,PLT-17-GATEWAY-409
OT-01816,CMMS,ASSET-201816
OT-01817,CMDB,CMDB-101817
OT-01817,PASSIVE,PLT-17-DCS_CONTROLLER-627
OT-01817,CMMS,ASSET-201817
OT-01818,CMDB,CMDB-101818
OT-01818,PASSIVE,PLT-17-SENSOR-486
OT-01818,CMMS,ASSET-201818
OT-01819,CMDB,CMDB-101819
OT-01819,PASSIVE,PLT-17-SAFETY_PLC-621
OT-01819,CMMS,ASSET-201819
OT-01820,CMDB,CMDB-101820
OT-01820,PASSIVE,PLT-17-IED-726
OT-01820,CMMS,ASSET-201820
OT-01821,CMDB,CMDB-101821
OT-01821,PASSIVE,PLT-17-DCS_CONTROLLER-495
OT-01821,CMMS,ASSET-201821
OT-01822,CMDB,CMDB-101822
OT-01822,PASSIVE,PLT-17-NETWORK_SWITCH-182
OT-01822,CMMS,ASSET-201822
OT-01823,CMDB,CMDB-101823
OT-01823,PASSIVE,PLT-17-HMI-809
OT-01823,CMMS,ASSET-201823
OT-01824,CMDB,CMDB-101824
OT-01824,PASSIVE,PLT-17-OPC_SERVER-648
OT-01824,CMMS,ASSET-201824
OT-01825,CMDB,CMDB-101825
OT-01825,PASSIVE,PLT-17-DCS_CONTROLLER-243
OT-01825,CMMS,ASSET-201825
OT-01826,CMDB,CMDB-101826
OT-01826,PASSIVE,PLT-17-GATEWAY-469
OT-01826,CMMS,ASSET-201826
OT-01827,CMDB,CMDB-101827
OT-01827,PASSIVE,PLT-17-DCS_CONTROLLER-014
OT-01827,CMMS,ASSET-201827
OT-01828,CMDB,CMDB-101828
OT-01828,PASSIVE,PLT-17-OPC_SERVER-859
OT-01828,CMMS,ASSET-201828
OT-01829,CMDB,CMDB-101829
OT-01829,PASSIVE,PLT-17-SENSOR-201
OT-01829,CMMS,ASSET-201829
OT-01830,CMDB,CMDB-101830
OT-01830,PASSIVE,PLT-17-OPC_SERVER-651
OT-01830,CMMS,ASSET-201830
OT-01831,CMDB,CMDB-101831
OT-01831,PASSIVE,PLT-17-HMI-270
OT-01831,CMMS,ASSET-201831
OT-01832,CMDB,CMDB-101832
OT-01832,PASSIVE,PLT-17-PLC-073
OT-01832,CMMS,ASSET-201832
OT-01833,CMDB,CMDB-101833
OT-01833,PASSIVE,PLT-17-VFD-224
OT-01833,CMMS,ASSET-201833
OT-01834,CMDB,CMDB-101834
OT-01834,PASSIVE,PLT-17-IED-569
OT-01834,CMMS,ASSET-201834
OT-01835,CMDB,CMDB-101835
OT-01835,PASSIVE,PLT-17-ENG_WORKSTATION-814
OT-01835,CMMS,ASSET-201835
OT-01836,CMDB,CMDB-101836
OT-01836,PASSIVE,PLT-17-RTU-887
OT-01836,CMMS,ASSET-201836
OT-01837,CMDB,CMDB-101837
OT-01837,PASSIVE,PLT-17-GATEWAY-589
OT-01837,CMMS,ASSET-201837
OT-01838,CMDB,CMDB-101838
OT-01838,PASSIVE,PLT-17-PLC-754
OT-01838,CMMS,ASSET-201838
OT-01839,CMDB,CMDB-101839
OT-01839,PASSIVE,PLT-17-ENG_WORKSTATION-466
OT-01839,CMMS,ASSET-201839
OT-01840,CMDB,CMDB-101840
OT-01840,PASSIVE,PLT-17-ENG_WORKSTATION-299
OT-01840,CMMS,ASSET-201840
OT-01841,CMDB,CMDB-101841
OT-01841,PASSIVE,PLT-17-SAFETY_PLC-036
OT-01841,CMMS,ASSET-201841
OT-01842,CMDB,CMDB-101842
OT-01842,PASSIVE,PLT-17-ENG_WORKSTATION-236
OT-01842,CMMS,ASSET-201842
OT-01843,CMDB,CMDB-101843
OT-01843,PASSIVE,PLT-17-DCS_CONTROLLER-724
OT-01843,CMMS,ASSET-201843
OT-01844,CMDB,CMDB-101844
OT-01844,PASSIVE,PLT-17-IED-336
OT-01844,CMMS,ASSET-201844
OT-01845,CMDB,CMDB-101845
OT-01845,PASSIVE,PLT-17-SAFETY_PLC-609
OT-01845,CMMS,ASSET-201845
OT-01846,CMDB,CMDB-101846
OT-01846,PASSIVE,PLT-17-SENSOR-774
OT-01846,CMMS,ASSET-201846
OT-01847,CMDB,CMDB-101847
OT-01847,PASSIVE,PLT-17-SENSOR-989
OT-01847,CMMS,ASSET-201847
OT-01848,CMDB,CMDB-101848
OT-01848,PASSIVE,PLT-17-VFD-911
OT-01848,CMMS,ASSET-201848
OT-01849,CMDB,CMDB-101849
OT-01849,PASSIVE,PLT-17-SAFETY_PLC-716
OT-01849,CMMS,ASSET-201849
OT-01850,CMDB,CMDB-101850
OT-01850,PASSIVE,PLT-17-DCS_CONTROLLER-231
OT-01850,CMMS,ASSET-201850
OT-01851,CMDB,CMDB-101851
OT-01851,PASSIVE,PLT-17-SAFETY_PLC-987
OT-01851,CMMS,ASSET-201851
OT-01852,CMDB,CMDB-101852
OT-01852,PASSIVE,PLT-17-VFD-745
OT-01852,CMMS,ASSET-201852
OT-01853,CMDB,CMDB-101853
OT-01853,PASSIVE,PLT-17-VFD-025
OT-01853,CMMS,ASSET-201853
OT-01854,CMDB,CMDB-101854
OT-01854,PASSIVE,PLT-17-DCS_CONTROLLER-493
OT-01854,CMMS,ASSET-201854
OT-01855,CMDB,CMDB-101855
OT-01855,PASSIVE,PLT-17-PLC-164
OT-01855,CMMS,ASSET-201855
OT-01856,CMDB,CMDB-101856
OT-01856,PASSIVE,PLT-17-DCS_CONTROLLER-224
OT-01856,CMMS,ASSET-201856
OT-01857,CMDB,CMDB-101857
OT-01857,PASSIVE,PLT-17-DCS_CONTROLLER-451
OT-01857,CMMS,ASSET-201857
OT-01858,CMDB,CMDB-101858
OT-01858,PASSIVE,PLT-17-OPC_SERVER-053
OT-01858,CMMS,ASSET-201858
OT-01859,CMDB,CMDB-101859
OT-01859,PASSIVE,PLT-17-OPC_SERVER-549
OT-01859,CMMS,ASSET-201859
OT-01860,CMDB,CMDB-101860
OT-01860,PASSIVE,PLT-17-PLC-261
OT-01860,CMMS,ASSET-201860
OT-01861,CMDB,CMDB-101861
OT-01861,PASSIVE,PLT-17-NETWORK_SWITCH-948
OT-01861,CMMS,ASSET-201861
OT-01862,CMDB,CMDB-101862
OT-01862,PASSIVE,PLT-17-OPC_SERVER-112
OT-01862,CMMS,ASSET-201862
OT-01863,CMDB,CMDB-101863
OT-01863,PASSIVE,PLT-17-NETWORK_SWITCH-363
OT-01863,CMMS,ASSET-201863
OT-01864,CMDB,CMDB-101864
OT-01864,PASSIVE,PLT-17-ENG_WORKSTATION-975
OT-01864,CMMS,ASSET-201864
OT-01865,CMDB,CMDB-101865
OT-01865,PASSIVE,PLT-17-GATEWAY-556
OT-01865,CMMS,ASSET-201865
OT-01866,CMDB,CMDB-101866
OT-01866,PASSIVE,PLT-17-NETWORK_SWITCH-079
OT-01866,CMMS,ASSET-201866
OT-01867,CMDB,CMDB-101867
OT-01867,PASSIVE,PLT-17-SENSOR-035
OT-01867,CMMS,ASSET-201867
OT-01868,CMDB,CMDB-101868
OT-01868,PASSIVE,PLT-17-SAFETY_PLC-520
OT-01868,CMMS,ASSET-201868
OT-01869,CMDB,CMDB-101869
OT-01869,PASSIVE,PLT-17-ENG_WORKSTATION-360
OT-01869,CMMS,ASSET-201869
OT-01870,CMDB,CMDB-101870
OT-01870,PASSIVE,PLT-17-HISTORIAN-022
OT-01870,CMMS,ASSET-201870
OT-01871,CMDB,CMDB-101871
OT-01871,PASSIVE,PLT-17-DCS_CONTROLLER-928
OT-01871,CMMS,ASSET-201871
OT-01872,CMDB,CMDB-101872
OT-01872,PASSIVE,PLT-17-SENSOR-972
OT-01872,CMMS,ASSET-201872
OT-01873,CMDB,CMDB-101873
OT-01873,PASSIVE,PLT-17-VFD-158
OT-01873,CMMS,ASSET-201873
OT-01874,CMDB,CMDB-101874
OT-01874,PASSIVE,PLT-17-OPC_SERVER-903
OT-01874,CMMS,ASSET-201874
OT-01875,CMDB,CMDB-101875
OT-01875,PASSIVE,PLT-17-SENSOR-755
OT-01875,CMMS,ASSET-201875
OT-01876,CMDB,CMDB-101876
OT-01876,PASSIVE,PLT-17-DCS_CONTROLLER-394
OT-01876,CMMS,ASSET-201876
OT-01877,CMDB,CMDB-101877
OT-01877,PASSIVE,PLT-17-NETWORK_SWITCH-489
OT-01877,CMMS,ASSET-201877
OT-01878,CMDB,CMDB-101878
OT-01878,PASSIVE,PLT-17-DCS_CONTROLLER-793
OT-01878,CMMS,ASSET-201878
OT-01879,CMDB,CMDB-101879
OT-01879,PASSIVE,PLT-17-GATEWAY-038
OT-01879,CMMS,ASSET-201879
OT-01880,CMDB,CMDB-101880
OT-01880,PASSIVE,PLT-17-PLC-829
OT-01880,CMMS,ASSET-201880
OT-01881,CMDB,CMDB-101881
OT-01881,PASSIVE,PLT-17-NETWORK_SWITCH-092
OT-01881,CMMS,ASSET-201881
OT-01882,CMDB,CMDB-101882
OT-01882,PASSIVE,PLT-17-SAFETY_PLC-954
OT-01882,CMMS,ASSET-201882
OT-01883,CMDB,CMDB-101883
OT-01883,PASSIVE,PLT-17-SAFETY_PLC-551
OT-01883,CMMS,ASSET-201883
OT-01884,CMDB,CMDB-101884
OT-01884,PASSIVE,PLT-17-HISTORIAN-566
OT-01884,CMMS,ASSET-201884
OT-01885,CMDB,CMDB-101885
OT-01885,PASSIVE,PLT-17-OPC_SERVER-518
OT-01885,CMMS,ASSET-201885
OT-01886,CMDB,CMDB-101886
OT-01886,PASSIVE,PLT-17-GATEWAY-467
OT-01886,CMMS,ASSET-201886
OT-01887,CMDB,CMDB-101887
OT-01887,PASSIVE,PLT-17-ENG_WORKSTATION-967
OT-01887,CMMS,ASSET-201887
OT-01888,CMDB,CMDB-101888
OT-01888,PASSIVE,PLT-17-RTU-412
OT-01888,CMMS,ASSET-201888
OT-01889,CMDB,CMDB-101889
OT-01889,PASSIVE,PLT-17-SAFETY_PLC-289
OT-01889,CMMS,ASSET-201889
OT-01890,CMDB,CMDB-101890
OT-01890,PASSIVE,PLT-17-ENG_WORKSTATION-622
OT-01890,CMMS,ASSET-201890
OT-01891,CMDB,CMDB-101891
OT-01891,PASSIVE,PLT-17-RTU-331
OT-01891,CMMS,ASSET-201891
OT-01892,CMDB,CMDB-101892
OT-01892,PASSIVE,PLT-17-IED-021
OT-01892,CMMS,ASSET-201892
OT-01893,CMDB,CMDB-101893
OT-01893,PASSIVE,PLT-17-ENG_WORKSTATION-074
OT-01893,CMMS,ASSET-201893
OT-01894,CMDB,CMDB-101894
OT-01894,PASSIVE,PLT-17-NETWORK_SWITCH-242
OT-01894,CMMS,ASSET-201894
OT-01895,CMDB,CMDB-101895
OT-01895,PASSIVE,PLT-17-SAFETY_PLC-067
OT-01895,CMMS,ASSET-201895
OT-01896,CMDB,CMDB-101896
OT-01896,PASSIVE,PLT-18-VFD-888
OT-01896,CMMS,ASSET-201896
OT-01897,CMDB,CMDB-101897
OT-01897,PASSIVE,PLT-18-IED-038
OT-01897,CMMS,ASSET-201897
OT-01898,CMDB,CMDB-101898
OT-01898,PASSIVE,PLT-18-PLC-848
OT-01898,CMMS,ASSET-201898
OT-01899,CMDB,CMDB-101899
OT-01899,PASSIVE,PLT-18-SENSOR-470
OT-01899,CMMS,ASSET-201899
OT-01900,CMDB,CMDB-101900
OT-01900,PASSIVE,PLT-18-SENSOR-358
OT-01900,CMMS,ASSET-201900
OT-01901,CMDB,CMDB-101901
OT-01901,PASSIVE,PLT-18-VFD-209
OT-01901,CMMS,ASSET-201901
OT-01902,CMDB,CMDB-101902
OT-01902,PASSIVE,PLT-18-HISTORIAN-196
OT-01902,CMMS,ASSET-201902
OT-01903,CMDB,CMDB-101903
OT-01903,PASSIVE,PLT-18-HISTORIAN-049
OT-01903,CMMS,ASSET-201903
OT-01904,CMDB,CMDB-101904
OT-01904,PASSIVE,PLT-18-HISTORIAN-399
OT-01904,CMMS,ASSET-201904
OT-01905,CMDB,CMDB-101905
OT-01905,PASSIVE,PLT-18-RTU-757
OT-01905,CMMS,ASSET-201905
OT-01906,CMDB,CMDB-101906
OT-01906,PASSIVE,PLT-18-NETWORK_SWITCH-700
OT-01906,CMMS,ASSET-201906
OT-01907,CMDB,CMDB-101907
OT-01907,PASSIVE,PLT-18-PLC-247
OT-01907,CMMS,ASSET-201907
OT-01908,CMDB,CMDB-101908
OT-01908,PASSIVE,PLT-18-HISTORIAN-711
OT-01908,CMMS,ASSET-201908
OT-01909,CMDB,CMDB-101909
OT-01909,PASSIVE,PLT-18-OPC_SERVER-169
OT-01909,CMMS,ASSET-201909
OT-01910,CMDB,CMDB-101910
OT-01910,PASSIVE,PLT-18-DCS_CONTROLLER-240
OT-01910,CMMS,ASSET-201910
OT-01911,CMDB,CMDB-101911
OT-01911,PASSIVE,PLT-18-SENSOR-608
OT-01911,CMMS,ASSET-201911
OT-01912,CMDB,CMDB-101912
OT-01912,PASSIVE,PLT-18-IED-237
OT-01912,CMMS,ASSET-201912
OT-01913,CMDB,CMDB-101913
OT-01913,PASSIVE,PLT-18-DCS_CONTROLLER-541
OT-01913,CMMS,ASSET-201913
OT-01914,CMDB,CMDB-101914
OT-01914,PASSIVE,PLT-18-SAFETY_PLC-600
OT-01914,CMMS,ASSET-201914
OT-01915,CMDB,CMDB-101915
OT-01915,PASSIVE,PLT-18-SAFETY_PLC-515
OT-01915,CMMS,ASSET-201915
OT-01916,CMDB,CMDB-101916
OT-01916,PASSIVE,PLT-18-NETWORK_SWITCH-644
OT-01916,CMMS,ASSET-201916
OT-01917,CMDB,CMDB-101917
OT-01917,PASSIVE,PLT-18-DCS_CONTROLLER-016
OT-01917,CMMS,ASSET-201917
OT-01918,CMDB,CMDB-101918
OT-01918,PASSIVE,PLT-18-PLC-275
OT-01918,CMMS,ASSET-201918
OT-01919,CMDB,CMDB-101919
OT-01919,PASSIVE,PLT-18-DCS_CONTROLLER-342
OT-01919,CMMS,ASSET-201919
OT-01920,CMDB,CMDB-101920
OT-01920,PASSIVE,PLT-18-GATEWAY-168
OT-01920,CMMS,ASSET-201920
OT-01921,CMDB,CMDB-101921
OT-01921,PASSIVE,PLT-18-HISTORIAN-670
OT-01921,CMMS,ASSET-201921
OT-01922,CMDB,CMDB-101922
OT-01922,PASSIVE,PLT-18-HMI-637
OT-01922,CMMS,ASSET-201922
OT-01923,CMDB,CMDB-101923
OT-01923,PASSIVE,PLT-18-GATEWAY-419
OT-01923,CMMS,ASSET-201923
OT-01924,CMDB,CMDB-101924
OT-01924,PASSIVE,PLT-18-SAFETY_PLC-453
OT-01924,CMMS,ASSET-201924
OT-01925,CMDB,CMDB-101925
OT-01925,PASSIVE,PLT-18-VFD-548
OT-01925,CMMS,ASSET-201925
OT-01926,CMDB,CMDB-101926
OT-01926,PASSIVE,PLT-18-PLC-670
OT-01926,CMMS,ASSET-201926
OT-01927,CMDB,CMDB-101927
OT-01927,PASSIVE,PLT-18-VFD-930
OT-01927,CMMS,ASSET-201927
OT-01928,CMDB,CMDB-101928
OT-01928,PASSIVE,PLT-18-NETWORK_SWITCH-871
OT-01928,CMMS,ASSET-201928
OT-01929,CMDB,CMDB-101929
OT-01929,PASSIVE,PLT-18-IED-993
OT-01929,CMMS,ASSET-201929
OT-01930,CMDB,CMDB-101930
OT-01930,PASSIVE,PLT-18-HISTORIAN-662
OT-01930,CMMS,ASSET-201930
OT-01931,CMDB,CMDB-101931
OT-01931,PASSIVE,PLT-18-PLC-667
OT-01931,CMMS,ASSET-201931
OT-01932,CMDB,CMDB-101932
OT-01932,PASSIVE,PLT-18-PLC-832
OT-01932,CMMS,ASSET-201932
OT-01933,CMDB,CMDB-101933
OT-01933,PASSIVE,PLT-18-IED-962
OT-01933,CMMS,ASSET-201933
OT-01934,CMDB,CMDB-101934
OT-01934,PASSIVE,PLT-18-SENSOR-065
OT-01934,CMMS,ASSET-201934
OT-01935,CMDB,CMDB-101935
OT-01935,PASSIVE,PLT-18-ENG_WORKSTATION-590
OT-01935,CMMS,ASSET-201935
OT-01936,CMDB,CMDB-101936
OT-01936,PASSIVE,PLT-18-IED-337
OT-01936,CMMS,ASSET-201936
OT-01937,CMDB,CMDB-101937
OT-01937,PASSIVE,PLT-18-RTU-533
OT-01937,CMMS,ASSET-201937
OT-01938,CMDB,CMDB-101938
OT-01938,PASSIVE,PLT-18-VFD-989
OT-01938,CMMS,ASSET-201938
OT-01939,CMDB,CMDB-101939
OT-01939,PASSIVE,PLT-18-SAFETY_PLC-098
OT-01939,CMMS,ASSET-201939
OT-01940,CMDB,CMDB-101940
OT-01940,PASSIVE,PLT-18-HMI-152
OT-01940,CMMS,ASSET-201940
OT-01941,CMDB,CMDB-101941
OT-01941,PASSIVE,PLT-18-HISTORIAN-002
OT-01941,CMMS,ASSET-201941
OT-01942,CMDB,CMDB-101942
OT-01942,PASSIVE,PLT-18-NETWORK_SWITCH-460
OT-01942,CMMS,ASSET-201942
OT-01943,CMDB,CMDB-101943
OT-01943,PASSIVE,PLT-18-HMI-509
OT-01943,CMMS,ASSET-201943
OT-01944,CMDB,CMDB-101944
OT-01944,PASSIVE,PLT-18-PLC-154
OT-01944,CMMS,ASSET-201944
OT-01945,CMDB,CMDB-101945
OT-01945,PASSIVE,PLT-18-HISTORIAN-610
OT-01945,CMMS,ASSET-201945
OT-01946,CMDB,CMDB-101946
OT-01946,PASSIVE,PLT-18-RTU-690
OT-01946,CMMS,ASSET-201946
OT-01947,CMDB,CMDB-101947
OT-01947,PASSIVE,PLT-18-RTU-381
OT-01947,CMMS,ASSET-201947
OT-01948,CMDB,CMDB-101948
OT-01948,PASSIVE,PLT-18-PLC-766
OT-01948,CMMS,ASSET-201948
OT-01949,CMDB,CMDB-101949
OT-01949,PASSIVE,PLT-18-VFD-542
OT-01949,CMMS,ASSET-201949
OT-01950,CMDB,CMDB-101950
OT-01950,PASSIVE,PLT-18-GATEWAY-227
OT-01950,CMMS,ASSET-201950
OT-01951,CMDB,CMDB-101951
OT-01951,PASSIVE,PLT-18-OPC_SERVER-463
OT-01951,CMMS,ASSET-201951
OT-01952,CMDB,CMDB-101952
OT-01952,PASSIVE,PLT-18-IED-304
OT-01952,CMMS,ASSET-201952
OT-01953,CMDB,CMDB-101953
OT-01953,PASSIVE,PLT-18-SAFETY_PLC-064
OT-01953,CMMS,ASSET-201953
OT-01954,CMDB,CMDB-101954
OT-01954,PASSIVE,PLT-18-SENSOR-687
OT-01954,CMMS,ASSET-201954
OT-01955,CMDB,CMDB-101955
OT-01955,PASSIVE,PLT-18-VFD-836
OT-01955,CMMS,ASSET-201955
OT-01956,CMDB,CMDB-101956
OT-01956,PASSIVE,PLT-18-OPC_SERVER-571
OT-01956,CMMS,ASSET-201956
OT-01957,CMDB,CMDB-101957
OT-01957,PASSIVE,PLT-18-SENSOR-414
OT-01957,CMMS,ASSET-201957
OT-01958,CMDB,CMDB-101958
OT-01958,PASSIVE,PLT-18-ENG_WORKSTATION-991
OT-01958,CMMS,ASSET-201958
OT-01959,CMDB,CMDB-101959
OT-01959,PASSIVE,PLT-18-OPC_SERVER-595
OT-01959,CMMS,ASSET-201959
OT-01960,CMDB,CMDB-101960
OT-01960,PASSIVE,PLT-18-DCS_CONTROLLER-031
OT-01960,CMMS,ASSET-201960
OT-01961,CMDB,CMDB-101961
OT-01961,PASSIVE,PLT-18-NETWORK_SWITCH-684
OT-01961,CMMS,ASSET-201961
OT-01962,CMDB,CMDB-101962
OT-01962,PASSIVE,PLT-18-DCS_CONTROLLER-728
OT-01962,CMMS,ASSET-201962
OT-01963,CMDB,CMDB-101963
OT-01963,PASSIVE,PLT-18-SENSOR-496
OT-01963,CMMS,ASSET-201963
OT-01964,CMDB,CMDB-101964
OT-01964,PASSIVE,PLT-18-SAFETY_PLC-872
OT-01964,CMMS,ASSET-201964
OT-01965,CMDB,CMDB-101965
OT-01965,PASSIVE,PLT-18-OPC_SERVER-435
OT-01965,CMMS,ASSET-201965
OT-01966,CMDB,CMDB-101966
OT-01966,PASSIVE,PLT-18-SENSOR-949
OT-01966,CMMS,ASSET-201966
OT-01967,CMDB,CMDB-101967
OT-01967,PASSIVE,PLT-18-RTU-754
OT-01967,CMMS,ASSET-201967
OT-01968,CMDB,CMDB-101968
OT-01968,PASSIVE,PLT-18-DCS_CONTROLLER-279
OT-01968,CMMS,ASSET-201968
OT-01969,CMDB,CMDB-101969
OT-01969,PASSIVE,PLT-18-VFD-726
OT-01969,CMMS,ASSET-201969
OT-01970,CMDB,CMDB-101970
OT-01970,PASSIVE,PLT-18-GATEWAY-997
OT-01970,CMMS,ASSET-201970
OT-01971,CMDB,CMDB-101971
OT-01971,PASSIVE,PLT-18-OPC_SERVER-811
OT-01971,CMMS,ASSET-201971
OT-01972,CMDB,CMDB-101972
OT-01972,PASSIVE,PLT-18-ENG_WORKSTATION-405
OT-01972,CMMS,ASSET-201972
OT-01973,CMDB,CMDB-101973
OT-01973,PASSIVE,PLT-18-OPC_SERVER-822
OT-01973,CMMS,ASSET-201973
OT-01974,CMDB,CMDB-101974
OT-01974,PASSIVE,PLT-18-VFD-625
OT-01974,CMMS,ASSET-201974
OT-01975,CMDB,CMDB-101975
OT-01975,PASSIVE,PLT-18-VFD-291
OT-01975,CMMS,ASSET-201975
OT-01976,CMDB,CMDB-101976
OT-01976,PASSIVE,PLT-18-SENSOR-038
OT-01976,CMMS,ASSET-201976
OT-01977,CMDB,CMDB-101977
OT-01977,PASSIVE,PLT-18-SAFETY_PLC-954
OT-01977,CMMS,ASSET-201977
OT-01978,CMDB,CMDB-101978
OT-01978,PASSIVE,PLT-18-HMI-189
OT-01978,CMMS,ASSET-201978
OT-01979,CMDB,CMDB-101979
OT-01979,PASSIVE,PLT-18-OPC_SERVER-287
OT-01979,CMMS,ASSET-201979
OT-01980,CMDB,CMDB-101980
OT-01980,PASSIVE,PLT-18-SENSOR-334
OT-01980,CMMS,ASSET-201980
OT-01981,CMDB,CMDB-101981
OT-01981,PASSIVE,PLT-18-VFD-366
OT-01981,CMMS,ASSET-201981
OT-01982,CMDB,CMDB-101982
OT-01982,PASSIVE,PLT-18-GATEWAY-790
OT-01982,CMMS,ASSET-201982
OT-01983,CMDB,CMDB-101983
OT-01983,PASSIVE,PLT-18-HMI-177
OT-01983,CMMS,ASSET-201983
OT-01984,CMDB,CMDB-101984
OT-01984,PASSIVE,PLT-18-GATEWAY-792
OT-01984,CMMS,ASSET-201984
OT-01985,CMDB,CMDB-101985
OT-01985,PASSIVE,PLT-18-GATEWAY-495
OT-01985,CMMS,ASSET-201985
OT-01986,CMDB,CMDB-101986
OT-01986,PASSIVE,PLT-18-IED-884
OT-01986,CMMS,ASSET-201986
OT-01987,CMDB,CMDB-101987
OT-01987,PASSIVE,PLT-18-ENG_WORKSTATION-835
OT-01987,CMMS,ASSET-201987
OT-01988,CMDB,CMDB-101988
OT-01988,PASSIVE,PLT-18-PLC-842
OT-01988,CMMS,ASSET-201988
OT-01989,CMDB,CMDB-101989
OT-01989,PASSIVE,PLT-18-SAFETY_PLC-727
OT-01989,CMMS,ASSET-201989
OT-01990,CMDB,CMDB-101990
OT-01990,PASSIVE,PLT-18-OPC_SERVER-723
OT-01990,CMMS,ASSET-201990
OT-01991,CMDB,CMDB-101991
OT-01991,PASSIVE,PLT-18-HMI-462
OT-01991,CMMS,ASSET-201991
OT-01992,CMDB,CMDB-101992
OT-01992,PASSIVE,PLT-18-OPC_SERVER-580
OT-01992,CMMS,ASSET-201992
OT-01993,CMDB,CMDB-101993
OT-01993,PASSIVE,PLT-18-HMI-463
OT-01993,CMMS,ASSET-201993
OT-01994,CMDB,CMDB-101994
OT-01994,PASSIVE,PLT-18-PLC-888
OT-01994,CMMS,ASSET-201994
OT-01995,CMDB,CMDB-101995
OT-01995,PASSIVE,PLT-18-DCS_CONTROLLER-625
OT-01995,CMMS,ASSET-201995
OT-01996,CMDB,CMDB-101996
OT-01996,PASSIVE,PLT-18-HISTORIAN-053
OT-01996,CMMS,ASSET-201996
OT-01997,CMDB,CMDB-101997
OT-01997,PASSIVE,PLT-18-HISTORIAN-103
OT-01997,CMMS,ASSET-201997
OT-01998,CMDB,CMDB-101998
OT-01998,PASSIVE,PLT-18-OPC_SERVER-245
OT-01998,CMMS,ASSET-201998
OT-01999,CMDB,CMDB-101999
OT-01999,PASSIVE,PLT-18-SAFETY_PLC-514
OT-01999,CMMS,ASSET-201999
OT-02000,CMDB,CMDB-102000
OT-02000,PASSIVE,PLT-18-HISTORIAN-010
OT-02000,CMMS,ASSET-202000
OT-02001,CMDB,CMDB-102001
OT-02001,PASSIVE,PLT-18-IED-570
OT-02001,CMMS,ASSET-202001
OT-02002,CMDB,CMDB-102002
OT-02002,PASSIVE,PLT-18-ENG_WORKSTATION-648
OT-02002,CMMS,ASSET-202002
OT-02003,CMDB,CMDB-102003
OT-02003,PASSIVE,PLT-18-ENG_WORKSTATION-573
OT-02003,CMMS,ASSET-202003
OT-02004,CMDB,CMDB-102004
OT-02004,PASSIVE,PLT-18-SAFETY_PLC-913
OT-02004,CMMS,ASSET-202004
OT-02005,CMDB,CMDB-102005
OT-02005,PASSIVE,PLT-18-RTU-073
OT-02005,CMMS,ASSET-202005
OT-02006,CMDB,CMDB-102006
OT-02006,PASSIVE,PLT-18-GATEWAY-815
OT-02006,CMMS,ASSET-202006
OT-02007,CMDB,CMDB-102007
OT-02007,PASSIVE,PLT-18-OPC_SERVER-121
OT-02007,CMMS,ASSET-202007
OT-02008,CMDB,CMDB-102008
OT-02008,PASSIVE,PLT-18-IED-537
OT-02008,CMMS,ASSET-202008
OT-02009,CMDB,CMDB-102009
OT-02009,PASSIVE,PLT-18-DCS_CONTROLLER-992
OT-02009,CMMS,ASSET-202009
OT-02010,CMDB,CMDB-102010
OT-02010,PASSIVE,PLT-18-RTU-611
OT-02010,CMMS,ASSET-202010
OT-02011,CMDB,CMDB-102011
OT-02011,PASSIVE,PLT-18-HISTORIAN-258
OT-02011,CMMS,ASSET-202011
OT-02012,CMDB,CMDB-102012
OT-02012,PASSIVE,PLT-18-GATEWAY-493
OT-02012,CMMS,ASSET-202012
OT-02013,CMDB,CMDB-102013
OT-02013,PASSIVE,PLT-18-OPC_SERVER-678
OT-02013,CMMS,ASSET-202013
OT-02014,CMDB,CMDB-102014
OT-02014,PASSIVE,PLT-18-IED-830
OT-02014,CMMS,ASSET-202014
OT-02015,CMDB,CMDB-102015
OT-02015,PASSIVE,PLT-18-RTU-423
OT-02015,CMMS,ASSET-202015
OT-02016,CMDB,CMDB-102016
OT-02016,PASSIVE,PLT-18-OPC_SERVER-849
OT-02016,CMMS,ASSET-202016
