alert_id,asset_id,plant_id,timestamp,type,severity,soc_status,process_context
ALT-000001,OT-00143,PLT-02,2026-09-05T07:42:00,UNEXPECTED_WRITE,MEDIUM,TRIAGED,NORMAL
ALT-000002,OT-00967,PLT-09,2026-09-06T17:02:00,MALWARE_SIGNAL,LOW,OPEN,UNKNOWN
ALT-000003,OT-01578,PLT-15,2026-09-21T10:22:00,PROTOCOL_ANOMALY,MEDIUM,OPEN,UNKNOWN
ALT-000004,OT-00313,PLT-03,2026-09-07T14:18:00,AUTH_ANOMALY,MEDIUM,SUPPRESSED,UNKNOWN
ALT-000005,OT-00235,PLT-03,2026-10-02T22:54:00,POLICY_VIOLATION,HIGH,SUPPRESSED,MAINTENANCE_WINDOW
ALT-000006,OT-01301,PLT-12,2026-09-03T06:10:00,UNEXPECTED_WRITE,MEDIUM,TRIAGED,UNKNOWN
ALT-000007,OT-01329,PLT-13,2026-09-04T03:39:00,PROTOCOL_ANOMALY,MEDIUM,CLOSED,UNKNOWN
ALT-000008,OT-01274,PLT-12,2026-09-22T10:40:00,NEW_DEVICE,CRITICAL,TRIAGED,UNKNOWN
ALT-000009,OT-01844,PLT-17,2026-09-30T17:27:00,MALWARE_SIGNAL,HIGH,TRIAGED,MAINTENANCE_WINDOW
ALT-000010,OT-00916,PLT-09,2026-10-05T12:34:00,CONFIG_DRIFT,HIGH,CLOSED,UNKNOWN
ALT-000011,OT-01499,PLT-14,2026-09-01T11:30:00,AUTH_ANOMALY,MEDIUM,OPEN,UNKNOWN
ALT-000012,OT-00266,PLT-03,2026-09-29T20:00:00,CONFIG_DRIFT,HIGH,CLOSED,UNKNOWN
ALT-000013,OT-00262,PLT-03,2026-09-27T18:09:00,AUTH_ANOMALY,LOW,CLOSED,UNKNOWN
ALT-000014,OT-00076,PLT-01,2026-09-05T01:42:00,CONFIG_DRIFT,HIGH,SUPPRESSED,UNKNOWN
ALT-000015,OT-00514,PLT-05,2026-09-29T19:09:00,CONFIG_DRIFT,LOW,SUPPRESSED,MAINTENANCE_WINDOW
ALT-000016,OT-01595,PLT-15,2026-09-19T00:31:00,POLICY_VIOLATION,MEDIUM,OPEN,UNKNOWN
ALT-000017,OT-00336,PLT-04,2026-09-02T11:52:00,POLICY_VIOLATION,MEDIUM,CLOSED,UNKNOWN
ALT-000018,OT-01962,PLT-18,2026-09-29T14:14:00,AUTH_ANOMALY,HIGH,SUPPRESSED,NORMAL
ALT-000019,OT-00076,PLT-01,2026-09-22T15:02:00,AUTH_ANOMALY,LOW,TRIAGED,UNKNOWN
ALT-000020,OT-01744,PLT-16,2026-09-07T18:00:00,AUTH_ANOMALY,MEDIUM,TRIAGED,NORMAL
ALT-000021,OT-00292,PLT-03,2026-09-17T14:37:00,UNEXPECTED_WRITE,LOW,SUPPRESSED,UNKNOWN
ALT-000022,OT-01864,PLT-17,2026-09-19T00:13:00,PROTOCOL_ANOMALY,LOW,TRIAGED,DEGRADED
ALT-000023,OT-00198,PLT-02,2026-09-26T23:03:00,UNEXPECTED_WRITE,HIGH,CLOSED,UNKNOWN
ALT-000024,OT-01152,PLT-11,2026-09-18T11:51:00,MALWARE_SIGNAL,MEDIUM,OPEN,UNKNOWN
ALT-000025,OT-01874,PLT-17,2026-09-12T02:23:00,CONFIG_DRIFT,LOW,TRIAGED,DEGRADED
ALT-000026,OT-01465,PLT-14,2026-09-25T02:23:00,PROTOCOL_ANOMALY,LOW,OPEN,UNKNOWN
ALT-000027,OT-01018,PLT-10,2026-10-01T04:12:00,UNEXPECTED_WRITE,MEDIUM,OPEN,MAINTENANCE_WINDOW
ALT-000028,OT-00499,PLT-05,2026-09-20T20:11:00,NEW_DEVICE,HIGH,SUPPRESSED,UNKNOWN
ALT-000029,OT-00195,PLT-02,2026-09-17T10:17:00,POLICY_VIOLATION,MEDIUM,CLOSED,UNKNOWN
ALT-000030,OT-00044,PLT-01,2026-09-30T09:28:00,PROTOCOL_ANOMALY,LOW,CLOSED,UNKNOWN
ALT-000031,OT-00396,PLT-04,2026-09-12T10:26:00,UNEXPECTED_WRITE,LOW,SUPPRESSED,UNKNOWN
ALT-000032,OT-00585,PLT-06,2026-09-16T04:23:00,NEW_DEVICE,LOW,TRIAGED,UNKNOWN
ALT-000033,OT-01460,PLT-14,2026-09-20T09:19:00,MALWARE_SIGNAL,CRITICAL,TRIAGED,DEGRADED
ALT-000034,OT-01868,PLT-17,2026-10-04T21:42:00,AUTH_ANOMALY,MEDIUM,CLOSED,MAINTENANCE_WINDOW
ALT-000035,OT-01531,PLT-14,2026-09-02T11:00:00,PROTOCOL_ANOMALY,CRITICAL,SUPPRESSED,MAINTENANCE_WINDOW
ALT-000036,OT-00010,PLT-01,2026-09-24T00:09:00,UNEXPECTED_WRITE,MEDIUM,TRIAGED,UNKNOWN
ALT-000037,OT-00236,PLT-03,2026-10-04T09:03:00,UNEXPECTED_WRITE,LOW,SUPPRESSED,UNKNOWN
ALT-000038,OT-01279,PLT-12,2026-09-05T23:41:00,UNEXPECTED_WRITE,HIGH,CLOSED,MAINTENANCE_WINDOW
ALT-000039,OT-00789,PLT-08,2026-09-13T11:39:00,POLICY_VIOLATION,HIGH,SUPPRESSED,UNKNOWN
ALT-000040,OT-00944,PLT-09,2026-09-23T15:30:00,UNEXPECTED_WRITE,CRITICAL,SUPPRESSED,UNKNOWN
ALT-000041,OT-00163,PLT-02,2026-09-21T03:17:00,POLICY_VIOLATION,HIGH,CLOSED,UNKNOWN
ALT-000042,OT-00852,PLT-08,2026-09-26T01:40:00,MALWARE_SIGNAL,HIGH,OPEN,MAINTENANCE_WINDOW
ALT-000043,OT-00819,PLT-08,2026-09-29T07:40:00,PROTOCOL_ANOMALY,HIGH,TRIAGED,MAINTENANCE_WINDOW
ALT-000044,OT-01753,PLT-16,2026-09-11T05:23:00,PROTOCOL_ANOMALY,MEDIUM,OPEN,UNKNOWN
ALT-000045,OT-01514,PLT-14,2026-09-10T03:02:00,POLICY_VIOLATION,MEDIUM,CLOSED,UNKNOWN
ALT-000046,OT-00728,PLT-07,2026-09-20T18:50:00,AUTH_ANOMALY,MEDIUM,OPEN,UNKNOWN
ALT-000047,OT-00547,PLT-06,2026-09-21T22:27:00,POLICY_VIOLATION,CRITICAL,CLOSED,NORMAL
ALT-000048,OT-01824,PLT-17,2026-09-06T07:22:00,PROTOCOL_ANOMALY,HIGH,SUPPRESSED,UNKNOWN
ALT-000049,OT-01019,PLT-10,2026-09-25T09:15:00,PROTOCOL_ANOMALY,MEDIUM,CLOSED,NORMAL
ALT-000050,OT-01418,PLT-13,2026-09-07T01:05:00,POLICY_VIOLATION,LOW,OPEN,DEGRADED
ALT-000051,OT-01776,PLT-16,2026-09-10T15:52:00,MALWARE_SIGNAL,HIGH,SUPPRESSED,UNKNOWN
ALT-000052,OT-01432,PLT-14,2026-09-08T22:17:00,POLICY_VIOLATION,LOW,TRIAGED,UNKNOWN
ALT-000053,OT-01758,PLT-16,2026-09-28T13:16:00,NEW_DEVICE,HIGH,OPEN,NORMAL
ALT-000054,OT-00560,PLT-06,2026-09-30T09:52:00,NEW_DEVICE,LOW,OPEN,UNKNOWN
ALT-000055,OT-01514,PLT-14,2026-09-03T20:44:00,POLICY_VIOLATION,LOW,CLOSED,UNKNOWN
ALT-000056,OT-01079,PLT-10,2026-10-01T14:33:00,NEW_DEVICE,MEDIUM,TRIAGED,UNKNOWN
ALT-000057,OT-01792,PLT-17,2026-09-13T02:29:00,NEW_DEVICE,LOW,OPEN,UNKNOWN
ALT-000058,OT-01423,PLT-13,2026-09-22T21:58:00,POLICY_VIOLATION,LOW,TRIAGED,UNKNOWN
ALT-000059,OT-01343,PLT-13,2026-09-24T13:56:00,MALWARE_SIGNAL,MEDIUM,CLOSED,UNKNOWN
ALT-000060,OT-00893,PLT-09,2026-09-19T01:50:00,NEW_DEVICE,MEDIUM,TRIAGED,MAINTENANCE_WINDOW
ALT-000061,OT-01999,PLT-18,2026-09-21T20:05:00,POLICY_VIOLATION,LOW,SUPPRESSED,UNKNOWN
ALT-000062,OT-01093,PLT-10,2026-09-06T09:35:00,POLICY_VIOLATION,HIGH,OPEN,NORMAL
ALT-000063,OT-00921,PLT-09,2026-09-25T09:47:00,MALWARE_SIGNAL,HIGH,CLOSED,NORMAL
ALT-000064,OT-01362,PLT-13,2026-09-17T18:42:00,NEW_DEVICE,LOW,OPEN,MAINTENANCE_WINDOW
ALT-000065,OT-00122,PLT-02,2026-09-16T09:05:00,NEW_DEVICE,MEDIUM,TRIAGED,UNKNOWN
ALT-000066,OT-01306,PLT-12,2026-09-04T17:43:00,CONFIG_DRIFT,LOW,CLOSED,DEGRADED
ALT-000067,OT-01687,PLT-16,2026-09-26T06:03:00,AUTH_ANOMALY,MEDIUM,SUPPRESSED,UNKNOWN
ALT-000068,OT-00047,PLT-01,2026-09-06T15:29:00,MALWARE_SIGNAL,LOW,CLOSED,NORMAL
ALT-000069,OT-01080,PLT-10,2026-09-23T10:46:00,POLICY_VIOLATION,HIGH,TRIAGED,MAINTENANCE_WINDOW
ALT-000070,OT-01784,PLT-16,2026-09-27T17:57:00,POLICY_VIOLATION,LOW,TRIAGED,MAINTENANCE_WINDOW
ALT-000071,OT-01381,PLT-13,2026-09-18T05:15:00,CONFIG_DRIFT,MEDIUM,TRIAGED,DEGRADED
ALT-000072,OT-00724,PLT-07,2026-09-25T01:39:00,MALWARE_SIGNAL,MEDIUM,OPEN,UNKNOWN
ALT-000073,OT-00217,PLT-03,2026-10-03T20:12:00,NEW_DEVICE,MEDIUM,OPEN,UNKNOWN
ALT-000074,OT-00249,PLT-03,2026-09-28T02:33:00,AUTH_ANOMALY,LOW,CLOSED,UNKNOWN
ALT-000075,OT-01646,PLT-15,2026-09-15T08:20:00,MALWARE_SIGNAL,MEDIUM,SUPPRESSED,UNKNOWN
ALT-000076,OT-00173,PLT-02,2026-09-08T10:49:00,UNEXPECTED_WRITE,LOW,OPEN,UNKNOWN
ALT-000077,OT-01454,PLT-14,2026-09-23T22:20:00,MALWARE_SIGNAL,HIGH,SUPPRESSED,UNKNOWN
ALT-000078,OT-00601,PLT-06,2026-09-24T14:16:00,UNEXPECTED_WRITE,CRITICAL,SUPPRESSED,MAINTENANCE_WINDOW
ALT-000079,OT-00194,PLT-02,2026-10-04T00:40:00,MALWARE_SIGNAL,MEDIUM,CLOSED,DEGRADED
ALT-000080,OT-00264,PLT-03,2026-09-01T22:22:00,UNEXPECTED_WRITE,LOW,OPEN,UNKNOWN
ALT-000081,OT-01205,PLT-11,2026-09-19T09:55:00,AUTH_ANOMALY,HIGH,TRIAGED,UNKNOWN
ALT-000082,OT-00213,PLT-03,2026-09-07T16:41:00,NEW_DEVICE,MEDIUM,OPEN,NORMAL
ALT-000083,OT-01515,PLT-14,2026-09-08T23:12:00,PROTOCOL_ANOMALY,MEDIUM,CLOSED,UNKNOWN
ALT-000084,OT-01309,PLT-13,2026-09-12T14:49:00,NEW_DEVICE,LOW,OPEN,MAINTENANCE_WINDOW
ALT-000085,OT-01273,PLT-12,2026-09-09T17:51:00,NEW_DEVICE,LOW,SUPPRESSED,UNKNOWN
ALT-000086,OT-00057,PLT-01,2026-09-05T16:11:00,POLICY_VIOLATION,MEDIUM,OPEN,UNKNOWN
ALT-000087,OT-00459,PLT-05,2026-09-06T04:37:00,AUTH_ANOMALY,MEDIUM,TRIAGED,MAINTENANCE_WINDOW
ALT-000088,OT-01559,PLT-15,2026-09-07T09:30:00,CONFIG_DRIFT,HIGH,OPEN,MAINTENANCE_WINDOW
ALT-000089,OT-00457,PLT-05,2026-09-23T11:56:00,MALWARE_SIGNAL,HIGH,OPEN,UNKNOWN
ALT-000090,OT-00350,PLT-04,2026-09-04T07:53:00,POLICY_VIOLATION,MEDIUM,CLOSED,UNKNOWN
ALT-000091,OT-01746,PLT-16,2026-09-05T03:43:00,MALWARE_SIGNAL,LOW,CLOSED,DEGRADED
ALT-000092,OT-01469,PLT-14,2026-09-04T03:38:00,AUTH_ANOMALY,LOW,TRIAGED,UNKNOWN
ALT-000093,OT-01137,PLT-11,2026-09-04T15:17:00,CONFIG_DRIFT,MEDIUM,TRIAGED,UNKNOWN
ALT-000094,OT-00744,PLT-07,2026-09-07T12:07:00,POLICY_VIOLATION,HIGH,CLOSED,UNKNOWN
ALT-000095,OT-01393,PLT-13,2026-09-12T03:53:00,POLICY_VIOLATION,MEDIUM,CLOSED,UNKNOWN
ALT-000096,OT-01486,PLT-14,2026-09-16T17:05:00,POLICY_VIOLATION,LOW,TRIAGED,MAINTENANCE_WINDOW
ALT-000097,OT-01931,PLT-18,2026-09-09T21:27:00,UNEXPECTED_WRITE,LOW,SUPPRESSED,UNKNOWN
ALT-000098,OT-01976,PLT-18,2026-09-06T12:24:00,AUTH_ANOMALY,LOW,OPEN,UNKNOWN
ALT-000099,OT-01503,PLT-14,2026-09-18T07:53:00,MALWARE_SIGNAL,LOW,CLOSED,UNKNOWN
ALT-000100,OT-00284,PLT-03,2026-09-14T03:48:00,UNEXPECTED_WRITE,HIGH,TRIAGED,NORMAL
ALT-000101,OT-01527,PLT-14,2026-09-06T14:55:00,CONFIG_DRIFT,LOW,SUPPRESSED,UNKNOWN
ALT-000102,OT-00297,PLT-03,2026-09-13T14:12:00,AUTH_ANOMALY,HIGH,OPEN,UNKNOWN
ALT-000103,OT-00066,PLT-01,2026-09-20T10:36:00,MALWARE_SIGNAL,MEDIUM,CLOSED,UNKNOWN
ALT-000104,OT-00526,PLT-05,2026-10-02T16:05:00,UNEXPECTED_WRITE,LOW,OPEN,UNKNOWN
ALT-000105,OT-01920,PLT-18,2026-09-27T02:30:00,MALWARE_SIGNAL,MEDIUM,TRIAGED,UNKNOWN
ALT-000106,OT-01500,PLT-14,2026-09-25T09:09:00,POLICY_VIOLATION,HIGH,OPEN,MAINTENANCE_WINDOW
ALT-000107,OT-00640,PLT-07,2026-09-22T02:33:00,NEW_DEVICE,LOW,SUPPRESSED,UNKNOWN
ALT-000108,OT-01305,PLT-12,2026-09-18T13:04:00,UNEXPECTED_WRITE,LOW,CLOSED,MAINTENANCE_WINDOW
ALT-000109,OT-00382,PLT-04,2026-09-03T17:42:00,MALWARE_SIGNAL,LOW,CLOSED,UNKNOWN
ALT-000110,OT-00318,PLT-03,2026-10-02T17:13:00,AUTH_ANOMALY,MEDIUM,CLOSED,NORMAL
ALT-000111,OT-01449,PLT-14,2026-09-02T20:31:00,CONFIG_DRIFT,LOW,TRIAGED,NORMAL
ALT-000112,OT-00527,PLT-05,2026-09-03T04:21:00,AUTH_ANOMALY,MEDIUM,OPEN,UNKNOWN
ALT-000113,OT-01657,PLT-15,2026-09-24T18:24:00,CONFIG_DRIFT,LOW,SUPPRESSED,UNKNOWN
ALT-000114,OT-00349,PLT-04,2026-10-01T11:07:00,UNEXPECTED_WRITE,LOW,SUPPRESSED,MAINTENANCE_WINDOW
ALT-000115,OT-00644,PLT-07,2026-09-06T17:18:00,UNEXPECTED_WRITE,HIGH,TRIAGED,MAINTENANCE_WINDOW
ALT-000116,OT-01010,PLT-10,2026-09-13T12:39:00,NEW_DEVICE,LOW,TRIAGED,UNKNOWN
ALT-000117,OT-00528,PLT-05,2026-09-14T12:04:00,PROTOCOL_ANOMALY,MEDIUM,TRIAGED,MAINTENANCE_WINDOW
ALT-000118,OT-00702,PLT-07,2026-09-11T10:44:00,CONFIG_DRIFT,HIGH,TRIAGED,DEGRADED
ALT-000119,OT-00838,PLT-08,2026-09-15T04:32:00,PROTOCOL_ANOMALY,LOW,OPEN,DEGRADED
ALT-000120,OT-00573,PLT-06,2026-09-14T14:15:00,MALWARE_SIGNAL,MEDIUM,SUPPRESSED,NORMAL
ALT-000121,OT-01180,PLT-11,2026-09-29T14:49:00,PROTOCOL_ANOMALY,LOW,SUPPRESSED,UNKNOWN
ALT-000122,OT-01852,PLT-17,2026-09-18T17:15:00,NEW_DEVICE,MEDIUM,CLOSED,DEGRADED
ALT-000123,OT-00549,PLT-06,2026-09-13T05:47:00,CONFIG_DRIFT,LOW,TRIAGED,UNKNOWN
ALT-000124,OT-01684,PLT-16,2026-09-16T14:34:00,PROTOCOL_ANOMALY,MEDIUM,OPEN,UNKNOWN
ALT-000125,OT-00790,PLT-08,2026-10-01T13:53:00,NEW_DEVICE,MEDIUM,TRIAGED,UNKNOWN
ALT-000126,OT-01543,PLT-14,2026-09-16T21:36:00,CONFIG_DRIFT,LOW,OPEN,UNKNOWN
ALT-000127,OT-01537,PLT-14,2026-09-11T09:02:00,PROTOCOL_ANOMALY,MEDIUM,OPEN,UNKNOWN
ALT-000128,OT-00467,PLT-05,2026-09-15T18:26:00,PROTOCOL_ANOMALY,HIGH,SUPPRESSED,UNKNOWN
ALT-000129,OT-01803,PLT-17,2026-09-14T20:04:00,NEW_DEVICE,MEDIUM,OPEN,NORMAL
ALT-000130,OT-00337,PLT-04,2026-09-25T00:06:00,CONFIG_DRIFT,MEDIUM,TRIAGED,UNKNOWN
ALT-000131,OT-00621,PLT-06,2026-10-03T10:41:00,PROTOCOL_ANOMALY,LOW,OPEN,UNKNOWN
ALT-000132,OT-00728,PLT-07,2026-09-17T12:38:00,PROTOCOL_ANOMALY,LOW,OPEN,UNKNOWN
ALT-000133,OT-00264,PLT-03,2026-10-02T15:06:00,PROTOCOL_ANOMALY,CRITICAL,CLOSED,UNKNOWN
ALT-000134,OT-00903,PLT-09,2026-09-20T18:16:00,CONFIG_DRIFT,HIGH,TRIAGED,UNKNOWN
ALT-000135,OT-01137,PLT-11,2026-09-16T05:53:00,AUTH_ANOMALY,MEDIUM,CLOSED,UNKNOWN
ALT-000136,OT-00747,PLT-07,2026-09-21T14:29:00,MALWARE_SIGNAL,CRITICAL,TRIAGED,UNKNOWN
ALT-000137,OT-01990,PLT-18,2026-09-23T05:48:00,AUTH_ANOMALY,LOW,SUPPRESSED,MAINTENANCE_WINDOW
ALT-000138,OT-01277,PLT-12,2026-09-15T22:32:00,UNEXPECTED_WRITE,MEDIUM,OPEN,UNKNOWN
ALT-000139,OT-00268,PLT-03,2026-09-02T10:44:00,MALWARE_SIGNAL,LOW,CLOSED,UNKNOWN
ALT-000140,OT-01769,PLT-16,2026-10-02T13:08:00,AUTH_ANOMALY,HIGH,OPEN,MAINTENANCE_WINDOW
ALT-000141,OT-00237,PLT-03,2026-10-01T03:24:00,POLICY_VIOLATION,MEDIUM,SUPPRESSED,NORMAL
ALT-000142,OT-01261,PLT-12,2026-09-04T16:56:00,MALWARE_SIGNAL,LOW,TRIAGED,UNKNOWN
ALT-000143,OT-00941,PLT-09,2026-09-21T23:26:00,CONFIG_DRIFT,HIGH,SUPPRESSED,UNKNOWN
ALT-000144,OT-01557,PLT-15,2026-09-05T21:36:00,AUTH_ANOMALY,LOW,CLOSED,UNKNOWN
ALT-000145,OT-01115,PLT-11,2026-09-13T02:19:00,POLICY_VIOLATION,MEDIUM,SUPPRESSED,UNKNOWN
ALT-000146,OT-01790,PLT-17,2026-09-10T20:10:00,UNEXPECTED_WRITE,CRITICAL,TRIAGED,DEGRADED
ALT-000147,OT-01272,PLT-12,2026-09-26T09:47:00,NEW_DEVICE,HIGH,SUPPRESSED,MAINTENANCE_WINDOW
ALT-000148,OT-01011,PLT-10,2026-10-04T12:45:00,PROTOCOL_ANOMALY,HIGH,OPEN,NORMAL
ALT-000149,OT-00122,PLT-02,2026-09-20T22:21:00,AUTH_ANOMALY,MEDIUM,TRIAGED,UNKNOWN
ALT-000150,OT-00930,PLT-09,2026-09-17T07:36:00,PROTOCOL_ANOMALY,LOW,TRIAGED,UNKNOWN
ALT-000151,OT-01259,PLT-12,2026-09-11T21:04:00,NEW_DEVICE,MEDIUM,TRIAGED,NORMAL
ALT-000152,OT-00833,PLT-08,2026-09-25T19:11:00,MALWARE_SIGNAL,MEDIUM,CLOSED,MAINTENANCE_WINDOW
ALT-000153,OT-01679,PLT-16,2026-09-02T04:27:00,AUTH_ANOMALY,HIGH,CLOSED,MAINTENANCE_WINDOW
ALT-000154,OT-00959,PLT-09,2026-09-19T09:30:00,MALWARE_SIGNAL,MEDIUM,OPEN,UNKNOWN
ALT-000155,OT-01345,PLT-13,2026-09-08T02:43:00,AUTH_ANOMALY,MEDIUM,CLOSED,DEGRADED
ALT-000156,OT-01906,PLT-18,2026-09-01T08:11:00,UNEXPECTED_WRITE,LOW,OPEN,MAINTENANCE_WINDOW
ALT-000157,OT-00214,PLT-03,2026-09-25T15:49:00,POLICY_VIOLATION,HIGH,TRIAGED,UNKNOWN
ALT-000158,OT-01464,PLT-14,2026-09-16T07:14:00,PROTOCOL_ANOMALY,MEDIUM,OPEN,UNKNOWN
ALT-000159,OT-00781,PLT-08,2026-09-25T18:41:00,AUTH_ANOMALY,HIGH,TRIAGED,UNKNOWN
ALT-000160,OT-01209,PLT-12,2026-09-05T01:30:00,AUTH_ANOMALY,LOW,SUPPRESSED,DEGRADED
ALT-000161,OT-00773,PLT-08,2026-09-18T23:02:00,CONFIG_DRIFT,MEDIUM,OPEN,UNKNOWN
ALT-000162,OT-01167,PLT-11,2026-10-03T09:53:00,UNEXPECTED_WRITE,HIGH,OPEN,UNKNOWN
ALT-000163,OT-01478,PLT-14,2026-10-04T16:14:00,PROTOCOL_ANOMALY,MEDIUM,OPEN,NORMAL
ALT-000164,OT-00383,PLT-04,2026-09-24T22:40:00,CONFIG_DRIFT,HIGH,SUPPRESSED,UNKNOWN
ALT-000165,OT-00864,PLT-08,2026-09-15T23:21:00,NEW_DEVICE,HIGH,SUPPRESSED,UNKNOWN
ALT-000166,OT-01928,PLT-18,2026-09-16T23:47:00,PROTOCOL_ANOMALY,HIGH,TRIAGED,UNKNOWN
ALT-000167,OT-01596,PLT-15,2026-10-03T16:19:00,NEW_DEVICE,MEDIUM,CLOSED,DEGRADED
ALT-000168,OT-01446,PLT-14,2026-09-26T16:28:00,PROTOCOL_ANOMALY,MEDIUM,TRIAGED,UNKNOWN
ALT-000169,OT-00975,PLT-09,2026-09-26T21:58:00,CONFIG_DRIFT,MEDIUM,TRIAGED,UNKNOWN
ALT-000170,OT-00569,PLT-06,2026-10-02T10:01:00,AUTH_ANOMALY,HIGH,OPEN,DEGRADED
ALT-000171,OT-01729,PLT-16,2026-09-26T03:09:00,PROTOCOL_ANOMALY,MEDIUM,TRIAGED,DEGRADED
ALT-000172,OT-01182,PLT-11,2026-09-08T16:01:00,AUTH_ANOMALY,HIGH,OPEN,UNKNOWN
ALT-000173,OT-00646,PLT-07,2026-09-08T17:36:00,UNEXPECTED_WRITE,HIGH,SUPPRESSED,UNKNOWN
ALT-000174,OT-00949,PLT-09,2026-09-27T05:06:00,UNEXPECTED_WRITE,MEDIUM,TRIAGED,UNKNOWN
ALT-000175,OT-01790,PLT-17,2026-09-07T10:15:00,MALWARE_SIGNAL,LOW,TRIAGED,MAINTENANCE_WINDOW
ALT-000176,OT-01787,PLT-17,2026-09-07T14:02:00,MALWARE_SIGNAL,MEDIUM,SUPPRESSED,UNKNOWN
ALT-000177,OT-01144,PLT-11,2026-10-03T07:28:00,MALWARE_SIGNAL,MEDIUM,SUPPRESSED,NORMAL
ALT-000178,OT-00127,PLT-02,2026-09-06T03:33:00,POLICY_VIOLATION,HIGH,OPEN,UNKNOWN
ALT-000179,OT-00595,PLT-06,2026-09-20T23:08:00,MALWARE_SIGNAL,LOW,TRIAGED,UNKNOWN
ALT-000180,OT-01197,PLT-11,2026-09-30T07:08:00,POLICY_VIOLATION,LOW,SUPPRESSED,DEGRADED
ALT-000181,OT-01689,PLT-16,2026-09-16T23:18:00,MALWARE_SIGNAL,LOW,TRIAGED,UNKNOWN
ALT-000182,OT-00229,PLT-03,2026-10-02T13:14:00,PROTOCOL_ANOMALY,MEDIUM,OPEN,UNKNOWN
ALT-000183,OT-00011,PLT-01,2026-09-28T20:21:00,UNEXPECTED_WRITE,LOW,OPEN,UNKNOWN
ALT-000184,OT-00571,PLT-06,2026-09-06T14:41:00,POLICY_VIOLATION,HIGH,OPEN,UNKNOWN
ALT-000185,OT-00844,PLT-08,2026-09-18T02:04:00,PROTOCOL_ANOMALY,HIGH,OPEN,NORMAL
ALT-000186,OT-00803,PLT-08,2026-10-03T01:05:00,CONFIG_DRIFT,MEDIUM,TRIAGED,MAINTENANCE_WINDOW
ALT-000187,OT-01574,PLT-15,2026-09-06T22:00:00,NEW_DEVICE,HIGH,SUPPRESSED,DEGRADED
ALT-000188,OT-00833,PLT-08,2026-10-05T13:35:00,MALWARE_SIGNAL,MEDIUM,SUPPRESSED,UNKNOWN
ALT-000189,OT-00263,PLT-03,2026-10-05T03:24:00,AUTH_ANOMALY,MEDIUM,SUPPRESSED,UNKNOWN
ALT-000190,OT-01190,PLT-11,2026-09-11T05:47:00,PROTOCOL_ANOMALY,LOW,TRIAGED,UNKNOWN
ALT-000191,OT-00903,PLT-09,2026-09-15T13:25:00,MALWARE_SIGNAL,LOW,SUPPRESSED,UNKNOWN
ALT-000192,OT-01646,PLT-15,2026-09-16T13:41:00,NEW_DEVICE,HIGH,TRIAGED,UNKNOWN
ALT-000193,OT-01896,PLT-18,2026-09-20T13:08:00,PROTOCOL_ANOMALY,HIGH,OPEN,UNKNOWN
ALT-000194,OT-01672,PLT-16,2026-09-18T14:08:00,CONFIG_DRIFT,MEDIUM,OPEN,MAINTENANCE_WINDOW
ALT-000195,OT-01547,PLT-14,2026-09-11T18:53:00,NEW_DEVICE,MEDIUM,TRIAGED,UNKNOWN
ALT-000196,OT-01174,PLT-11,2026-09-21T18:06:00,MALWARE_SIGNAL,LOW,SUPPRESSED,UNKNOWN
ALT-000197,OT-00621,PLT-06,2026-09-01T07:14:00,MALWARE_SIGNAL,HIGH,SUPPRESSED,UNKNOWN
ALT-000198,OT-01426,PLT-14,2026-10-01T11:31:00,POLICY_VIOLATION,MEDIUM,TRIAGED,UNKNOWN
ALT-000199,OT-00170,PLT-02,2026-09-16T18:08:00,NEW_DEVICE,CRITICAL,CLOSED,DEGRADED
ALT-000200,OT-01496,PLT-14,2026-09-06T09:12:00,NEW_DEVICE,CRITICAL,TRIAGED,UNKNOWN
ALT-000201,OT-01579,PLT-15,2026-09-08T17:14:00,MALWARE_SIGNAL,MEDIUM,CLOSED,MAINTENANCE_WINDOW
ALT-000202,OT-00923,PLT-09,2026-09-09T15:13:00,PROTOCOL_ANOMALY,MEDIUM,SUPPRESSED,DEGRADED
ALT-000203,OT-01826,PLT-17,2026-10-01T16:09:00,PROTOCOL_ANOMALY,MEDIUM,OPEN,UNKNOWN
ALT-000204,OT-00737,PLT-07,2026-09-25T05:01:00,UNEXPECTED_WRITE,CRITICAL,CLOSED,MAINTENANCE_WINDOW
ALT-000205,OT-02014,PLT-18,2026-09-04T01:02:00,POLICY_VIOLATION,MEDIUM,OPEN,UNKNOWN
ALT-000206,OT-00642,PLT-07,2026-09-20T07:42:00,UNEXPECTED_WRITE,HIGH,TRIAGED,NORMAL
ALT-000207,OT-00653,PLT-07,2026-09-20T06:15:00,AUTH_ANOMALY,MEDIUM,CLOSED,UNKNOWN
ALT-000208,OT-00226,PLT-03,2026-09-22T13:35:00,POLICY_VIOLATION,MEDIUM,CLOSED,UNKNOWN
ALT-000209,OT-01492,PLT-14,2026-09-21T09:12:00,UNEXPECTED_WRITE,MEDIUM,CLOSED,UNKNOWN
ALT-000210,OT-00574,PLT-06,2026-09-30T19:20:00,UNEXPECTED_WRITE,LOW,TRIAGED,UNKNOWN
ALT-000211,OT-00704,PLT-07,2026-09-17T04:42:00,MALWARE_SIGNAL,MEDIUM,OPEN,NORMAL
ALT-000212,OT-00112,PLT-02,2026-09-20T00:54:00,PROTOCOL_ANOMALY,LOW,OPEN,MAINTENANCE_WINDOW
ALT-000213,OT-00235,PLT-03,2026-09-06T21:26:00,AUTH_ANOMALY,MEDIUM,OPEN,NORMAL
ALT-000214,OT-01065,PLT-10,2026-09-14T14:43:00,POLICY_VIOLATION,MEDIUM,OPEN,UNKNOWN
ALT-000215,OT-00157,PLT-02,2026-09-21T09:34:00,AUTH_ANOMALY,LOW,TRIAGED,UNKNOWN
ALT-000216,OT-01023,PLT-10,2026-09-02T02:42:00,CONFIG_DRIFT,HIGH,CLOSED,DEGRADED
ALT-000217,OT-00621,PLT-06,2026-09-30T02:58:00,UNEXPECTED_WRITE,LOW,SUPPRESSED,UNKNOWN
ALT-000218,OT-01689,PLT-16,2026-10-05T12:59:00,AUTH_ANOMALY,MEDIUM,OPEN,UNKNOWN
ALT-000219,OT-01761,PLT-16,2026-09-28T03:10:00,NEW_DEVICE,LOW,TRIAGED,UNKNOWN
ALT-000220,OT-00042,PLT-01,2026-09-26T01:01:00,PROTOCOL_ANOMALY,MEDIUM,CLOSED,MAINTENANCE_WINDOW
ALT-000221,OT-01422,PLT-13,2026-09-07T22:15:00,AUTH_ANOMALY,MEDIUM,TRIAGED,MAINTENANCE_WINDOW
ALT-000222,OT-01069,PLT-10,2026-09-22T22:03:00,NEW_DEVICE,MEDIUM,CLOSED,MAINTENANCE_WINDOW
ALT-000223,OT-02016,PLT-18,2026-09-16T13:28:00,CONFIG_DRIFT,LOW,TRIAGED,MAINTENANCE_WINDOW
ALT-000224,OT-01449,PLT-14,2026-09-01T20:08:00,CONFIG_DRIFT,HIGH,CLOSED,UNKNOWN
ALT-000225,OT-01652,PLT-15,2026-09-21T11:38:00,CONFIG_DRIFT,LOW,SUPPRESSED,MAINTENANCE_WINDOW
ALT-000226,OT-00970,PLT-09,2026-09-30T10:48:00,AUTH_ANOMALY,MEDIUM,CLOSED,UNKNOWN
ALT-000227,OT-01694,PLT-16,2026-09-11T23:21:00,POLICY_VIOLATION,LOW,TRIAGED,UNKNOWN
ALT-000228,OT-00884,PLT-09,2026-09-30T11:16:00,NEW_DEVICE,HIGH,OPEN,UNKNOWN
ALT-000229,OT-00025,PLT-01,2026-09-09T19:52:00,PROTOCOL_ANOMALY,LOW,OPEN,UNKNOWN
ALT-000230,OT-00089,PLT-01,2026-09-14T08:34:00,PROTOCOL_ANOMALY,LOW,CLOSED,DEGRADED
ALT-000231,OT-00585,PLT-06,2026-09-26T20:58:00,UNEXPECTED_WRITE,MEDIUM,SUPPRESSED,DEGRADED
ALT-000232,OT-01762,PLT-16,2026-09-06T23:17:00,MALWARE_SIGNAL,MEDIUM,TRIAGED,MAINTENANCE_WINDOW
ALT-000233,OT-01276,PLT-12,2026-09-22T00:47:00,PROTOCOL_ANOMALY,MEDIUM,CLOSED,DEGRADED
ALT-000234,OT-00440,PLT-05,2026-09-05T09:39:00,CONFIG_DRIFT,LOW,CLOSED,UNKNOWN
ALT-000235,OT-00553,PLT-06,2026-09-27T09:42:00,MALWARE_SIGNAL,MEDIUM,CLOSED,UNKNOWN
ALT-000236,OT-01739,PLT-16,2026-09-10T19:13:00,MALWARE_SIGNAL,HIGH,SUPPRESSED,UNKNOWN
ALT-000237,OT-00565,PLT-06,2026-09-06T17:18:00,AUTH_ANOMALY,LOW,CLOSED,UNKNOWN
ALT-000238,OT-01005,PLT-10,2026-09-28T01:30:00,CONFIG_DRIFT,MEDIUM,SUPPRESSED,MAINTENANCE_WINDOW
ALT-000239,OT-00293,PLT-03,2026-09-25T22:09:00,AUTH_ANOMALY,CRITICAL,SUPPRESSED,UNKNOWN
ALT-000240,OT-01939,PLT-18,2026-09-12T21:52:00,AUTH_ANOMALY,MEDIUM,SUPPRESSED,NORMAL
ALT-000241,OT-01159,PLT-11,2026-09-11T23:45:00,PROTOCOL_ANOMALY,MEDIUM,SUPPRESSED,DEGRADED
ALT-000242,OT-01219,PLT-12,2026-09-13T01:04:00,AUTH_ANOMALY,CRITICAL,OPEN,UNKNOWN
ALT-000243,OT-01477,PLT-14,2026-09-15T15:45:00,CONFIG_DRIFT,MEDIUM,TRIAGED,UNKNOWN
ALT-000244,OT-01554,PLT-15,2026-09-16T13:06:00,UNEXPECTED_WRITE,MEDIUM,OPEN,NORMAL
ALT-000245,OT-00940,PLT-09,2026-09-02T07:33:00,CONFIG_DRIFT,LOW,OPEN,UNKNOWN
ALT-000246,OT-00702,PLT-07,2026-09-24T07:25:00,UNEXPECTED_WRITE,MEDIUM,OPEN,UNKNOWN
ALT-000247,OT-01390,PLT-13,2026-10-02T18:05:00,PROTOCOL_ANOMALY,LOW,CLOSED,UNKNOWN
ALT-000248,OT-00862,PLT-08,2026-09-30T23:29:00,UNEXPECTED_WRITE,CRITICAL,TRIAGED,DEGRADED
ALT-000249,OT-00687,PLT-07,2026-09-28T15:50:00,CONFIG_DRIFT,HIGH,TRIAGED,UNKNOWN
ALT-000250,OT-00169,PLT-02,2026-10-02T09:59:00,AUTH_ANOMALY,LOW,OPEN,MAINTENANCE_WINDOW
ALT-000251,OT-00989,PLT-10,2026-09-08T13:36:00,UNEXPECTED_WRITE,HIGH,SUPPRESSED,UNKNOWN
ALT-000252,OT-00685,PLT-07,2026-09-29T01:57:00,POLICY_VIOLATION,MEDIUM,SUPPRESSED,DEGRADED
ALT-000253,OT-00558,PLT-06,2026-09-01T03:37:00,MALWARE_SIGNAL,MEDIUM,SUPPRESSED,UNKNOWN
ALT-000254,OT-01510,PLT-14,2026-09-05T01:22:00,MALWARE_SIGNAL,MEDIUM,OPEN,UNKNOWN
ALT-000255,OT-01641,PLT-15,2026-10-05T18:07:00,NEW_DEVICE,LOW,OPEN,UNKNOWN
ALT-000256,OT-01406,PLT-13,2026-10-03T04:18:00,POLICY_VIOLATION,LOW,CLOSED,UNKNOWN
ALT-000257,OT-01487,PLT-14,2026-09-05T20:26:00,NEW_DEVICE,MEDIUM,TRIAGED,UNKNOWN
ALT-000258,OT-01080,PLT-10,2026-09-13T02:39:00,PROTOCOL_ANOMALY,MEDIUM,OPEN,UNKNOWN
ALT-000259,OT-01101,PLT-10,2026-09-07T15:10:00,NEW_DEVICE,MEDIUM,SUPPRESSED,NORMAL
ALT-000260,OT-01615,PLT-15,2026-09-18T21:20:00,CONFIG_DRIFT,LOW,OPEN,NORMAL
ALT-000261,OT-00052,PLT-01,2026-09-27T07:06:00,MALWARE_SIGNAL,MEDIUM,CLOSED,UNKNOWN
ALT-000262,OT-01825,PLT-17,2026-09-10T12:02:00,UNEXPECTED_WRITE,MEDIUM,CLOSED,UNKNOWN
ALT-000263,OT-01994,PLT-18,2026-09-10T08:02:00,AUTH_ANOMALY,MEDIUM,OPEN,UNKNOWN
ALT-000264,OT-01879,PLT-17,2026-09-27T03:43:00,MALWARE_SIGNAL,LOW,TRIAGED,DEGRADED
ALT-000265,OT-00143,PLT-02,2026-09-23T23:43:00,NEW_DEVICE,LOW,CLOSED,UNKNOWN
ALT-000266,OT-01893,PLT-17,2026-09-15T14:17:00,POLICY_VIOLATION,MEDIUM,CLOSED,UNKNOWN
ALT-000267,OT-01751,PLT-16,2026-10-05T15:30:00,POLICY_VIOLATION,HIGH,SUPPRESSED,UNKNOWN
ALT-000268,OT-00525,PLT-05,2026-09-05T01:38:00,NEW_DEVICE,LOW,CLOSED,MAINTENANCE_WINDOW
ALT-000269,OT-00635,PLT-06,2026-09-13T16:16:00,CONFIG_DRIFT,CRITICAL,TRIAGED,MAINTENANCE_WINDOW
ALT-000270,OT-01864,PLT-17,2026-09-16T21:42:00,CONFIG_DRIFT,MEDIUM,CLOSED,UNKNOWN
ALT-000271,OT-00638,PLT-07,2026-09-21T12:25:00,MALWARE_SIGNAL,CRITICAL,CLOSED,UNKNOWN
ALT-000272,OT-00917,PLT-09,2026-10-02T22:19:00,AUTH_ANOMALY,MEDIUM,SUPPRESSED,UNKNOWN
ALT-000273,OT-01065,PLT-10,2026-09-23T20:31:00,MALWARE_SIGNAL,LOW,CLOSED,UNKNOWN
ALT-000274,OT-01142,PLT-11,2026-09-03T23:18:00,AUTH_ANOMALY,CRITICAL,CLOSED,UNKNOWN
ALT-000275,OT-00112,PLT-02,2026-09-17T02:54:00,POLICY_VIOLATION,MEDIUM,CLOSED,UNKNOWN
ALT-000276,OT-01416,PLT-13,2026-09-12T09:02:00,POLICY_VIOLATION,MEDIUM,CLOSED,MAINTENANCE_WINDOW
ALT-000277,OT-00714,PLT-07,2026-09-03T14:38:00,NEW_DEVICE,LOW,OPEN,UNKNOWN
ALT-000278,OT-00023,PLT-01,2026-09-26T11:10:00,NEW_DEVICE,LOW,TRIAGED,UNKNOWN
ALT-000279,OT-01638,PLT-15,2026-09-08T08:49:00,POLICY_VIOLATION,HIGH,CLOSED,UNKNOWN
ALT-000280,OT-01833,PLT-17,2026-09-14T00:28:00,PROTOCOL_ANOMALY,LOW,SUPPRESSED,UNKNOWN
ALT-000281,OT-01971,PLT-18,2026-10-01T09:53:00,CONFIG_DRIFT,MEDIUM,OPEN,MAINTENANCE_WINDOW
ALT-000282,OT-01753,PLT-16,2026-10-02T02:22:00,PROTOCOL_ANOMALY,HIGH,TRIAGED,UNKNOWN
ALT-000283,OT-00664,PLT-07,2026-10-03T18:21:00,CONFIG_DRIFT,HIGH,SUPPRESSED,UNKNOWN
ALT-000284,OT-01809,PLT-17,2026-09-11T19:45:00,UNEXPECTED_WRITE,MEDIUM,TRIAGED,UNKNOWN
ALT-000285,OT-01289,PLT-12,2026-09-26T05:25:00,NEW_DEVICE,MEDIUM,TRIAGED,UNKNOWN
ALT-000286,OT-01684,PLT-16,2026-09-08T16:45:00,UNEXPECTED_WRITE,HIGH,CLOSED,UNKNOWN
ALT-000287,OT-00534,PLT-06,2026-09-27T03:01:00,MALWARE_SIGNAL,MEDIUM,SUPPRESSED,UNKNOWN
ALT-000288,OT-01930,PLT-18,2026-09-08T22:16:00,NEW_DEVICE,HIGH,CLOSED,MAINTENANCE_WINDOW
ALT-000289,OT-01805,PLT-17,2026-09-27T05:45:00,POLICY_VIOLATION,LOW,TRIAGED,MAINTENANCE_WINDOW
ALT-000290,OT-00383,PLT-04,2026-09-27T02:14:00,CONFIG_DRIFT,HIGH,SUPPRESSED,MAINTENANCE_WINDOW
ALT-000291,OT-00193,PLT-02,2026-09-04T00:14:00,AUTH_ANOMALY,MEDIUM,SUPPRESSED,UNKNOWN
ALT-000292,OT-00615,PLT-06,2026-09-03T21:59:00,UNEXPECTED_WRITE,MEDIUM,TRIAGED,MAINTENANCE_WINDOW
ALT-000293,OT-00738,PLT-07,2026-09-28T17:49:00,POLICY_VIOLATION,LOW,TRIAGED,UNKNOWN
ALT-000294,OT-00985,PLT-09,2026-09-06T19:20:00,AUTH_ANOMALY,MEDIUM,TRIAGED,DEGRADED
ALT-000295,OT-00657,PLT-07,2026-10-05T18:00:00,POLICY_VIOLATION,HIGH,TRIAGED,UNKNOWN
ALT-000296,OT-01280,PLT-12,2026-09-16T06:07:00,PROTOCOL_ANOMALY,HIGH,CLOSED,UNKNOWN
ALT-000297,OT-00958,PLT-09,2026-09-26T07:59:00,POLICY_VIOLATION,LOW,CLOSED,UNKNOWN
ALT-000298,OT-00797,PLT-08,2026-09-30T07:47:00,UNEXPECTED_WRITE,MEDIUM,OPEN,NORMAL
ALT-000299,OT-01940,PLT-18,2026-10-04T10:36:00,MALWARE_SIGNAL,LOW,OPEN,UNKNOWN
ALT-000300,OT-01691,PLT-16,2026-09-30T21:50:00,PROTOCOL_ANOMALY,LOW,SUPPRESSED,UNKNOWN
ALT-000301,OT-01133,PLT-11,2026-09-08T18:03:00,CONFIG_DRIFT,MEDIUM,OPEN,DEGRADED
ALT-000302,OT-01967,PLT-18,2026-09-07T07:29:00,UNEXPECTED_WRITE,MEDIUM,CLOSED,UNKNOWN
ALT-000303,OT-00781,PLT-08,2026-09-11T19:41:00,NEW_DEVICE,LOW,OPEN,MAINTENANCE_WINDOW
ALT-000304,OT-01515,PLT-14,2026-09-01T07:54:00,POLICY_VIOLATION,CRITICAL,CLOSED,MAINTENANCE_WINDOW
ALT-000305,OT-01426,PLT-14,2026-10-04T08:50:00,AUTH_ANOMALY,HIGH,TRIAGED,NORMAL
ALT-000306,OT-00869,PLT-08,2026-10-03T05:59:00,NEW_DEVICE,MEDIUM,SUPPRESSED,UNKNOWN
ALT-000307,OT-01001,PLT-10,2026-09-10T13:35:00,UNEXPECTED_WRITE,HIGH,SUPPRESSED,UNKNOWN
ALT-000308,OT-00162,PLT-02,2026-10-03T19:27:00,MALWARE_SIGNAL,HIGH,CLOSED,MAINTENANCE_WINDOW
ALT-000309,OT-01277,PLT-12,2026-09-19T08:46:00,PROTOCOL_ANOMALY,LOW,OPEN,DEGRADED
ALT-000310,OT-01559,PLT-15,2026-09-13T22:16:00,UNEXPECTED_WRITE,HIGH,TRIAGED,UNKNOWN
ALT-000311,OT-00144,PLT-02,2026-10-03T00:18:00,NEW_DEVICE,LOW,CLOSED,DEGRADED
ALT-000312,OT-00719,PLT-07,2026-10-04T22:08:00,UNEXPECTED_WRITE,HIGH,TRIAGED,NORMAL
ALT-000313,OT-00866,PLT-08,2026-09-28T09:33:00,PROTOCOL_ANOMALY,HIGH,TRIAGED,NORMAL
ALT-000314,OT-01861,PLT-17,2026-09-21T23:40:00,CONFIG_DRIFT,MEDIUM,TRIAGED,NORMAL
ALT-000315,OT-01006,PLT-10,2026-09-25T14:39:00,CONFIG_DRIFT,CRITICAL,TRIAGED,UNKNOWN
ALT-000316,OT-00526,PLT-05,2026-09-10T10:38:00,MALWARE_SIGNAL,HIGH,OPEN,UNKNOWN
ALT-000317,OT-01945,PLT-18,2026-09-04T20:10:00,POLICY_VIOLATION,HIGH,CLOSED,DEGRADED
ALT-000318,OT-00286,PLT-03,2026-09-12T14:52:00,MALWARE_SIGNAL,MEDIUM,TRIAGED,MAINTENANCE_WINDOW
ALT-000319,OT-01883,PLT-17,2026-09-07T03:18:00,UNEXPECTED_WRITE,LOW,CLOSED,UNKNOWN
ALT-000320,OT-00155,PLT-02,2026-09-22T22:10:00,CONFIG_DRIFT,LOW,SUPPRESSED,UNKNOWN
ALT-000321,OT-01641,PLT-15,2026-09-03T07:44:00,PROTOCOL_ANOMALY,LOW,TRIAGED,NORMAL
ALT-000322,OT-00067,PLT-01,2026-09-04T18:27:00,MALWARE_SIGNAL,CRITICAL,TRIAGED,UNKNOWN
ALT-000323,OT-00355,PLT-04,2026-09-15T14:23:00,NEW_DEVICE,LOW,TRIAGED,UNKNOWN
ALT-000324,OT-00921,PLT-09,2026-10-04T14:28:00,AUTH_ANOMALY,LOW,TRIAGED,UNKNOWN
ALT-000325,OT-01429,PLT-14,2026-09-03T11:12:00,PROTOCOL_ANOMALY,MEDIUM,TRIAGED,MAINTENANCE_WINDOW
ALT-000326,OT-00008,PLT-01,2026-09-14T22:47:00,CONFIG_DRIFT,MEDIUM,OPEN,NORMAL
ALT-000327,OT-00730,PLT-07,2026-09-03T18:06:00,MALWARE_SIGNAL,LOW,SUPPRESSED,NORMAL
ALT-000328,OT-01126,PLT-11,2026-09-12T21:26:00,NEW_DEVICE,MEDIUM,TRIAGED,UNKNOWN
ALT-000329,OT-00185,PLT-02,2026-09-11T19:28:00,CONFIG_DRIFT,HIGH,SUPPRESSED,UNKNOWN
ALT-000330,OT-00770,PLT-08,2026-09-14T02:23:00,NEW_DEVICE,CRITICAL,SUPPRESSED,UNKNOWN
ALT-000331,OT-01345,PLT-13,2026-09-11T07:44:00,PROTOCOL_ANOMALY,HIGH,SUPPRESSED,UNKNOWN
ALT-000332,OT-01751,PLT-16,2026-09-10T13:48:00,CONFIG_DRIFT,HIGH,OPEN,DEGRADED
ALT-000333,OT-00444,PLT-05,2026-09-03T14:51:00,UNEXPECTED_WRITE,LOW,SUPPRESSED,UNKNOWN
ALT-000334,OT-00375,PLT-04,2026-09-30T04:04:00,NEW_DEVICE,MEDIUM,TRIAGED,UNKNOWN
ALT-000335,OT-01425,PLT-14,2026-09-23T13:14:00,MALWARE_SIGNAL,HIGH,SUPPRESSED,DEGRADED
ALT-000336,OT-01006,PLT-10,2026-10-05T17:10:00,UNEXPECTED_WRITE,HIGH,TRIAGED,UNKNOWN
ALT-000337,OT-01101,PLT-10,2026-10-01T18:10:00,POLICY_VIOLATION,CRITICAL,CLOSED,NORMAL
ALT-000338,OT-00053,PLT-01,2026-09-23T22:27:00,PROTOCOL_ANOMALY,MEDIUM,CLOSED,UNKNOWN
ALT-000339,OT-01528,PLT-14,2026-09-27T13:28:00,CONFIG_DRIFT,MEDIUM,SUPPRESSED,MAINTENANCE_WINDOW
ALT-000340,OT-01123,PLT-11,2026-09-19T22:31:00,CONFIG_DRIFT,MEDIUM,OPEN,UNKNOWN
ALT-000341,OT-00486,PLT-05,2026-09-05T05:15:00,NEW_DEVICE,CRITICAL,TRIAGED,UNKNOWN
ALT-000342,OT-00444,PLT-05,2026-10-01T13:09:00,AUTH_ANOMALY,HIGH,SUPPRESSED,UNKNOWN
ALT-000343,OT-00195,PLT-02,2026-09-14T15:40:00,AUTH_ANOMALY,HIGH,SUPPRESSED,UNKNOWN
ALT-000344,OT-01718,PLT-16,2026-09-21T12:15:00,MALWARE_SIGNAL,LOW,SUPPRESSED,UNKNOWN
ALT-000345,OT-00184,PLT-02,2026-09-03T19:12:00,POLICY_VIOLATION,LOW,SUPPRESSED,DEGRADED
ALT-000346,OT-00052,PLT-01,2026-09-05T07:35:00,MALWARE_SIGNAL,HIGH,SUPPRESSED,UNKNOWN
ALT-000347,OT-02006,PLT-18,2026-09-09T15:35:00,AUTH_ANOMALY,LOW,CLOSED,NORMAL
ALT-000348,OT-01826,PLT-17,2026-09-27T17:36:00,UNEXPECTED_WRITE,CRITICAL,SUPPRESSED,MAINTENANCE_WINDOW
ALT-000349,OT-01581,PLT-15,2026-09-25T16:30:00,POLICY_VIOLATION,HIGH,SUPPRESSED,NORMAL
ALT-000350,OT-01557,PLT-15,2026-09-30T10:48:00,CONFIG_DRIFT,LOW,SUPPRESSED,DEGRADED
ALT-000351,OT-01913,PLT-18,2026-09-27T04:15:00,UNEXPECTED_WRITE,LOW,OPEN,NORMAL
ALT-000352,OT-00577,PLT-06,2026-09-18T00:14:00,NEW_DEVICE,HIGH,OPEN,UNKNOWN
ALT-000353,OT-01424,PLT-13,2026-09-22T22:58:00,CONFIG_DRIFT,MEDIUM,SUPPRESSED,UNKNOWN
ALT-000354,OT-00727,PLT-07,2026-09-30T09:55:00,CONFIG_DRIFT,MEDIUM,SUPPRESSED,MAINTENANCE_WINDOW
ALT-000355,OT-01432,PLT-14,2026-09-26T22:33:00,NEW_DEVICE,MEDIUM,CLOSED,DEGRADED
ALT-000356,OT-01319,PLT-13,2026-09-23T12:54:00,CONFIG_DRIFT,MEDIUM,CLOSED,DEGRADED
ALT-000357,OT-00621,PLT-06,2026-09-11T07:23:00,NEW_DEVICE,LOW,TRIAGED,DEGRADED
ALT-000358,OT-00195,PLT-02,2026-09-30T18:06:00,UNEXPECTED_WRITE,HIGH,OPEN,UNKNOWN
ALT-000359,OT-00976,PLT-09,2026-09-19T06:16:00,MALWARE_SIGNAL,LOW,TRIAGED,NORMAL
ALT-000360,OT-00734,PLT-07,2026-09-19T14:35:00,AUTH_ANOMALY,MEDIUM,SUPPRESSED,DEGRADED
ALT-000361,OT-00106,PLT-02,2026-09-09T02:21:00,CONFIG_DRIFT,MEDIUM,CLOSED,NORMAL
ALT-000362,OT-00215,PLT-03,2026-09-10T20:28:00,POLICY_VIOLATION,HIGH,CLOSED,NORMAL
ALT-000363,OT-01892,PLT-17,2026-09-26T11:12:00,NEW_DEVICE,LOW,OPEN,DEGRADED
ALT-000364,OT-00056,PLT-01,2026-09-26T20:17:00,PROTOCOL_ANOMALY,MEDIUM,TRIAGED,UNKNOWN
ALT-000365,OT-00900,PLT-09,2026-09-02T03:10:00,AUTH_ANOMALY,LOW,CLOSED,DEGRADED
ALT-000366,OT-01109,PLT-11,2026-10-01T21:00:00,CONFIG_DRIFT,MEDIUM,TRIAGED,UNKNOWN
ALT-000367,OT-00011,PLT-01,2026-09-23T11:18:00,CONFIG_DRIFT,LOW,OPEN,DEGRADED
ALT-000368,OT-01500,PLT-14,2026-09-21T03:15:00,PROTOCOL_ANOMALY,HIGH,CLOSED,UNKNOWN
ALT-000369,OT-00009,PLT-01,2026-09-19T10:08:00,POLICY_VIOLATION,MEDIUM,CLOSED,MAINTENANCE_WINDOW
ALT-000370,OT-00380,PLT-04,2026-09-02T14:07:00,NEW_DEVICE,MEDIUM,CLOSED,NORMAL
ALT-000371,OT-00161,PLT-02,2026-09-22T11:03:00,MALWARE_SIGNAL,MEDIUM,SUPPRESSED,UNKNOWN
ALT-000372,OT-01806,PLT-17,2026-09-16T04:27:00,MALWARE_SIGNAL,LOW,TRIAGED,NORMAL
ALT-000373,OT-00778,PLT-08,2026-09-19T02:14:00,MALWARE_SIGNAL,LOW,TRIAGED,UNKNOWN
ALT-000374,OT-00954,PLT-09,2026-09-07T09:58:00,UNEXPECTED_WRITE,HIGH,OPEN,UNKNOWN
ALT-000375,OT-01334,PLT-13,2026-09-30T12:41:00,POLICY_VIOLATION,LOW,CLOSED,UNKNOWN
ALT-000376,OT-00558,PLT-06,2026-09-30T17:12:00,MALWARE_SIGNAL,CRITICAL,OPEN,UNKNOWN
ALT-000377,OT-01907,PLT-18,2026-09-12T03:05:00,AUTH_ANOMALY,LOW,OPEN,DEGRADED
ALT-000378,OT-01198,PLT-11,2026-10-01T00:58:00,MALWARE_SIGNAL,HIGH,OPEN,UNKNOWN
ALT-000379,OT-01696,PLT-16,2026-09-29T09:29:00,AUTH_ANOMALY,MEDIUM,CLOSED,DEGRADED
ALT-000380,OT-00706,PLT-07,2026-09-18T00:19:00,PROTOCOL_ANOMALY,HIGH,CLOSED,UNKNOWN
ALT-000381,OT-00945,PLT-09,2026-09-11T23:29:00,POLICY_VIOLATION,MEDIUM,OPEN,UNKNOWN
ALT-000382,OT-00592,PLT-06,2026-09-27T10:08:00,CONFIG_DRIFT,LOW,TRIAGED,UNKNOWN
ALT-000383,OT-01258,PLT-12,2026-09-24T17:21:00,POLICY_VIOLATION,MEDIUM,CLOSED,UNKNOWN
ALT-000384,OT-00900,PLT-09,2026-09-28T07:01:00,UNEXPECTED_WRITE,LOW,CLOSED,MAINTENANCE_WINDOW
ALT-000385,OT-01878,PLT-17,2026-09-17T08:08:00,UNEXPECTED_WRITE,LOW,SUPPRESSED,UNKNOWN
ALT-000386,OT-01588,PLT-15,2026-09-23T03:38:00,AUTH_ANOMALY,MEDIUM,SUPPRESSED,UNKNOWN
ALT-000387,OT-00488,PLT-05,2026-09-17T15:38:00,PROTOCOL_ANOMALY,HIGH,OPEN,DEGRADED
ALT-000388,OT-00693,PLT-07,2026-09-13T22:20:00,NEW_DEVICE,LOW,OPEN,UNKNOWN
ALT-000389,OT-01921,PLT-18,2026-09-15T17:04:00,MALWARE_SIGNAL,HIGH,TRIAGED,UNKNOWN
ALT-000390,OT-00954,PLT-09,2026-09-07T00:32:00,MALWARE_SIGNAL,MEDIUM,TRIAGED,UNKNOWN
ALT-000391,OT-00659,PLT-07,2026-09-23T22:35:00,AUTH_ANOMALY,MEDIUM,TRIAGED,UNKNOWN
ALT-000392,OT-00405,PLT-04,2026-09-12T20:31:00,MALWARE_SIGNAL,LOW,SUPPRESSED,UNKNOWN
ALT-000393,OT-01048,PLT-10,2026-09-23T20:44:00,NEW_DEVICE,MEDIUM,TRIAGED,UNKNOWN
ALT-000394,OT-00265,PLT-03,2026-09-15T20:41:00,MALWARE_SIGNAL,HIGH,OPEN,UNKNOWN
ALT-000395,OT-00924,PLT-09,2026-09-12T03:51:00,CONFIG_DRIFT,LOW,SUPPRESSED,UNKNOWN
ALT-000396,OT-01589,PLT-15,2026-09-15T20:11:00,UNEXPECTED_WRITE,MEDIUM,OPEN,UNKNOWN
ALT-000397,OT-01886,PLT-17,2026-09-23T13:27:00,AUTH_ANOMALY,CRITICAL,OPEN,UNKNOWN
ALT-000398,OT-00909,PLT-09,2026-10-02T11:01:00,MALWARE_SIGNAL,HIGH,CLOSED,DEGRADED
ALT-000399,OT-01037,PLT-10,2026-09-04T11:57:00,UNEXPECTED_WRITE,LOW,CLOSED,UNKNOWN
ALT-000400,OT-00084,PLT-01,2026-09-01T11:57:00,PROTOCOL_ANOMALY,MEDIUM,OPEN,MAINTENANCE_WINDOW
ALT-000401,OT-01165,PLT-11,2026-09-21T09:45:00,POLICY_VIOLATION,LOW,TRIAGED,UNKNOWN
ALT-000402,OT-00453,PLT-05,2026-09-24T08:39:00,CONFIG_DRIFT,MEDIUM,OPEN,UNKNOWN
ALT-000403,OT-00519,PLT-05,2026-09-01T05:21:00,NEW_DEVICE,MEDIUM,TRIAGED,UNKNOWN
ALT-000404,OT-01445,PLT-14,2026-09-29T01:22:00,POLICY_VIOLATION,LOW,CLOSED,UNKNOWN
ALT-000405,OT-01369,PLT-13,2026-09-12T14:01:00,NEW_DEVICE,LOW,SUPPRESSED,NORMAL
ALT-000406,OT-01842,PLT-17,2026-10-03T08:05:00,MALWARE_SIGNAL,MEDIUM,TRIAGED,UNKNOWN
ALT-000407,OT-01002,PLT-10,2026-09-30T07:12:00,MALWARE_SIGNAL,MEDIUM,SUPPRESSED,UNKNOWN
ALT-000408,OT-01276,PLT-12,2026-10-01T09:48:00,UNEXPECTED_WRITE,MEDIUM,TRIAGED,MAINTENANCE_WINDOW
ALT-000409,OT-00366,PLT-04,2026-09-15T13:37:00,CONFIG_DRIFT,HIGH,SUPPRESSED,UNKNOWN
ALT-000410,OT-01937,PLT-18,2026-10-02T09:43:00,UNEXPECTED_WRITE,MEDIUM,SUPPRESSED,NORMAL
ALT-000411,OT-01093,PLT-10,2026-09-10T19:11:00,NEW_DEVICE,LOW,TRIAGED,MAINTENANCE_WINDOW
ALT-000412,OT-01487,PLT-14,2026-10-05T23:43:00,PROTOCOL_ANOMALY,LOW,TRIAGED,UNKNOWN
ALT-000413,OT-00968,PLT-09,2026-09-04T09:32:00,CONFIG_DRIFT,HIGH,TRIAGED,UNKNOWN
ALT-000414,OT-00707,PLT-07,2026-09-15T17:37:00,AUTH_ANOMALY,LOW,CLOSED,UNKNOWN
ALT-000415,OT-00287,PLT-03,2026-09-09T19:53:00,AUTH_ANOMALY,HIGH,SUPPRESSED,UNKNOWN
ALT-000416,OT-01253,PLT-12,2026-09-08T10:35:00,MALWARE_SIGNAL,LOW,CLOSED,NORMAL
ALT-000417,OT-00298,PLT-03,2026-09-29T07:30:00,PROTOCOL_ANOMALY,CRITICAL,OPEN,MAINTENANCE_WINDOW
ALT-000418,OT-00616,PLT-06,2026-09-29T07:01:00,CONFIG_DRIFT,MEDIUM,SUPPRESSED,MAINTENANCE_WINDOW
ALT-000419,OT-00806,PLT-08,2026-09-20T18:54:00,MALWARE_SIGNAL,HIGH,SUPPRESSED,DEGRADED
ALT-000420,OT-01338,PLT-13,2026-09-23T04:20:00,MALWARE_SIGNAL,LOW,TRIAGED,UNKNOWN
ALT-000421,OT-00432,PLT-04,2026-09-13T00:49:00,NEW_DEVICE,MEDIUM,TRIAGED,DEGRADED
ALT-000422,OT-01786,PLT-17,2026-09-14T20:47:00,POLICY_VIOLATION,MEDIUM,TRIAGED,UNKNOWN
ALT-000423,OT-00241,PLT-03,2026-09-19T02:39:00,AUTH_ANOMALY,LOW,OPEN,DEGRADED
ALT-000424,OT-01757,PLT-16,2026-09-24T17:04:00,UNEXPECTED_WRITE,CRITICAL,OPEN,UNKNOWN
ALT-000425,OT-00847,PLT-08,2026-09-19T22:04:00,MALWARE_SIGNAL,HIGH,TRIAGED,DEGRADED
ALT-000426,OT-01007,PLT-10,2026-09-16T08:19:00,PROTOCOL_ANOMALY,MEDIUM,OPEN,UNKNOWN
ALT-000427,OT-00077,PLT-01,2026-09-15T16:08:00,AUTH_ANOMALY,LOW,TRIAGED,NORMAL
ALT-000428,OT-00588,PLT-06,2026-09-28T02:00:00,PROTOCOL_ANOMALY,CRITICAL,CLOSED,MAINTENANCE_WINDOW
ALT-000429,OT-00047,PLT-01,2026-09-28T23:59:00,PROTOCOL_ANOMALY,MEDIUM,TRIAGED,UNKNOWN
ALT-000430,OT-00397,PLT-04,2026-09-10T09:22:00,PROTOCOL_ANOMALY,MEDIUM,OPEN,UNKNOWN
ALT-000431,OT-00416,PLT-04,2026-09-30T01:23:00,MALWARE_SIGNAL,MEDIUM,CLOSED,UNKNOWN
ALT-000432,OT-00367,PLT-04,2026-09-05T11:24:00,POLICY_VIOLATION,HIGH,CLOSED,UNKNOWN
ALT-000433,OT-00023,PLT-01,2026-09-01T08:24:00,NEW_DEVICE,HIGH,CLOSED,UNKNOWN
ALT-000434,OT-01064,PLT-10,2026-09-13T06:19:00,AUTH_ANOMALY,HIGH,OPEN,UNKNOWN
ALT-000435,OT-00529,PLT-05,2026-09-26T04:06:00,UNEXPECTED_WRITE,MEDIUM,CLOSED,UNKNOWN
ALT-000436,OT-01036,PLT-10,2026-09-09T10:33:00,POLICY_VIOLATION,MEDIUM,SUPPRESSED,UNKNOWN
ALT-000437,OT-00623,PLT-06,2026-09-06T23:06:00,UNEXPECTED_WRITE,MEDIUM,CLOSED,MAINTENANCE_WINDOW
ALT-000438,OT-01564,PLT-15,2026-09-06T12:06:00,POLICY_VIOLATION,HIGH,OPEN,DEGRADED
ALT-000439,OT-01288,PLT-12,2026-09-19T01:12:00,NEW_DEVICE,LOW,TRIAGED,DEGRADED
ALT-000440,OT-01297,PLT-12,2026-09-03T08:59:00,AUTH_ANOMALY,LOW,CLOSED,UNKNOWN
ALT-000441,OT-00682,PLT-07,2026-09-30T08:48:00,PROTOCOL_ANOMALY,LOW,SUPPRESSED,UNKNOWN
ALT-000442,OT-00676,PLT-07,2026-09-01T19:28:00,PROTOCOL_ANOMALY,MEDIUM,OPEN,UNKNOWN
ALT-000443,OT-00911,PLT-09,2026-09-30T13:05:00,NEW_DEVICE,MEDIUM,OPEN,UNKNOWN
ALT-000444,OT-00143,PLT-02,2026-09-06T03:21:00,AUTH_ANOMALY,CRITICAL,CLOSED,UNKNOWN
ALT-000445,OT-00711,PLT-07,2026-09-05T01:32:00,POLICY_VIOLATION,HIGH,OPEN,UNKNOWN
ALT-000446,OT-01788,PLT-17,2026-09-09T23:52:00,CONFIG_DRIFT,MEDIUM,SUPPRESSED,MAINTENANCE_WINDOW
ALT-000447,OT-01496,PLT-14,2026-09-30T02:53:00,UNEXPECTED_WRITE,LOW,SUPPRESSED,NORMAL
ALT-000448,OT-00475,PLT-05,2026-09-07T04:51:00,UNEXPECTED_WRITE,LOW,CLOSED,UNKNOWN
ALT-000449,OT-01572,PLT-15,2026-09-07T03:53:00,AUTH_ANOMALY,HIGH,TRIAGED,UNKNOWN
ALT-000450,OT-00680,PLT-07,2026-09-08T06:30:00,NEW_DEVICE,MEDIUM,OPEN,NORMAL
ALT-000451,OT-01153,PLT-11,2026-09-21T00:05:00,AUTH_ANOMALY,HIGH,TRIAGED,UNKNOWN
ALT-000452,OT-00082,PLT-01,2026-10-02T04:03:00,CONFIG_DRIFT,LOW,OPEN,DEGRADED
ALT-000453,OT-00067,PLT-01,2026-09-24T14:30:00,UNEXPECTED_WRITE,HIGH,CLOSED,UNKNOWN
ALT-000454,OT-00422,PLT-04,2026-09-04T15:09:00,UNEXPECTED_WRITE,LOW,CLOSED,DEGRADED
ALT-000455,OT-01703,PLT-16,2026-09-01T07:48:00,UNEXPECTED_WRITE,MEDIUM,SUPPRESSED,MAINTENANCE_WINDOW
ALT-000456,OT-01910,PLT-18,2026-09-23T16:03:00,NEW_DEVICE,MEDIUM,CLOSED,DEGRADED
ALT-000457,OT-01639,PLT-15,2026-09-06T22:16:00,UNEXPECTED_WRITE,LOW,OPEN,DEGRADED
ALT-000458,OT-00796,PLT-08,2026-09-18T19:47:00,NEW_DEVICE,LOW,TRIAGED,DEGRADED
ALT-000459,OT-00731,PLT-07,2026-09-15T01:13:00,NEW_DEVICE,LOW,TRIAGED,NORMAL
ALT-000460,OT-01014,PLT-10,2026-09-07T00:00:00,MALWARE_SIGNAL,MEDIUM,TRIAGED,UNKNOWN
ALT-000461,OT-00623,PLT-06,2026-09-19T15:40:00,MALWARE_SIGNAL,MEDIUM,TRIAGED,UNKNOWN
ALT-000462,OT-00138,PLT-02,2026-09-08T20:15:00,AUTH_ANOMALY,MEDIUM,CLOSED,MAINTENANCE_WINDOW
ALT-000463,OT-00095,PLT-01,2026-09-21T01:40:00,PROTOCOL_ANOMALY,MEDIUM,OPEN,UNKNOWN
ALT-000464,OT-00772,PLT-08,2026-09-24T14:57:00,CONFIG_DRIFT,MEDIUM,CLOSED,UNKNOWN
ALT-000465,OT-00826,PLT-08,2026-09-19T20:28:00,PROTOCOL_ANOMALY,MEDIUM,TRIAGED,DEGRADED
ALT-000466,OT-01305,PLT-12,2026-09-04T01:05:00,CONFIG_DRIFT,LOW,SUPPRESSED,NORMAL
ALT-000467,OT-01414,PLT-13,2026-09-08T16:07:00,UNEXPECTED_WRITE,MEDIUM,CLOSED,UNKNOWN
ALT-000468,OT-00080,PLT-01,2026-09-03T04:08:00,NEW_DEVICE,LOW,TRIAGED,NORMAL
ALT-000469,OT-01708,PLT-16,2026-09-07T02:09:00,NEW_DEVICE,LOW,TRIAGED,NORMAL
ALT-000470,OT-01002,PLT-10,2026-09-14T15:56:00,PROTOCOL_ANOMALY,HIGH,TRIAGED,UNKNOWN
ALT-000471,OT-00817,PLT-08,2026-09-10T18:12:00,AUTH_ANOMALY,LOW,CLOSED,NORMAL
ALT-000472,OT-00480,PLT-05,2026-09-29T04:19:00,UNEXPECTED_WRITE,MEDIUM,CLOSED,UNKNOWN
ALT-000473,OT-00299,PLT-03,2026-09-15T00:01:00,PROTOCOL_ANOMALY,HIGH,TRIAGED,NORMAL
ALT-000474,OT-01409,PLT-13,2026-09-06T07:59:00,MALWARE_SIGNAL,LOW,TRIAGED,UNKNOWN
ALT-000475,OT-01836,PLT-17,2026-09-25T23:58:00,AUTH_ANOMALY,LOW,OPEN,DEGRADED
ALT-000476,OT-01453,PLT-14,2026-09-13T14:09:00,UNEXPECTED_WRITE,MEDIUM,CLOSED,MAINTENANCE_WINDOW
ALT-000477,OT-01059,PLT-10,2026-09-28T20:58:00,POLICY_VIOLATION,HIGH,OPEN,UNKNOWN
ALT-000478,OT-00159,PLT-02,2026-09-05T02:33:00,NEW_DEVICE,HIGH,TRIAGED,NORMAL
ALT-000479,OT-01648,PLT-15,2026-09-18T23:25:00,CONFIG_DRIFT,HIGH,SUPPRESSED,UNKNOWN
ALT-000480,OT-00950,PLT-09,2026-09-20T17:04:00,AUTH_ANOMALY,HIGH,TRIAGED,UNKNOWN
ALT-000481,OT-00673,PLT-07,2026-09-25T10:42:00,MALWARE_SIGNAL,CRITICAL,TRIAGED,UNKNOWN
ALT-000482,OT-01152,PLT-11,2026-09-22T06:05:00,UNEXPECTED_WRITE,LOW,OPEN,DEGRADED
ALT-000483,OT-01774,PLT-16,2026-09-11T17:42:00,NEW_DEVICE,MEDIUM,OPEN,UNKNOWN
ALT-000484,OT-01708,PLT-16,2026-10-03T15:09:00,AUTH_ANOMALY,MEDIUM,CLOSED,NORMAL
ALT-000485,OT-01747,PLT-16,2026-09-11T19:35:00,UNEXPECTED_WRITE,LOW,TRIAGED,UNKNOWN
ALT-000486,OT-00195,PLT-02,2026-10-04T04:31:00,UNEXPECTED_WRITE,LOW,SUPPRESSED,NORMAL
ALT-000487,OT-00794,PLT-08,2026-09-24T03:18:00,UNEXPECTED_WRITE,MEDIUM,TRIAGED,NORMAL
ALT-000488,OT-01340,PLT-13,2026-09-04T03:09:00,POLICY_VIOLATION,LOW,OPEN,DEGRADED
ALT-000489,OT-00555,PLT-06,2026-09-05T22:21:00,NEW_DEVICE,HIGH,TRIAGED,UNKNOWN
ALT-000490,OT-00994,PLT-10,2026-09-25T14:28:00,PROTOCOL_ANOMALY,MEDIUM,OPEN,UNKNOWN
ALT-000491,OT-01112,PLT-11,2026-09-19T06:44:00,PROTOCOL_ANOMALY,HIGH,SUPPRESSED,NORMAL
ALT-000492,OT-00584,PLT-06,2026-10-05T16:24:00,NEW_DEVICE,MEDIUM,OPEN,UNKNOWN
ALT-000493,OT-00634,PLT-06,2026-09-21T10:05:00,POLICY_VIOLATION,HIGH,CLOSED,UNKNOWN
ALT-000494,OT-01946,PLT-18,2026-09-17T03:09:00,CONFIG_DRIFT,HIGH,SUPPRESSED,UNKNOWN
ALT-000495,OT-00939,PLT-09,2026-09-21T20:32:00,CONFIG_DRIFT,LOW,OPEN,UNKNOWN
ALT-000496,OT-00363,PLT-04,2026-09-30T03:03:00,MALWARE_SIGNAL,MEDIUM,SUPPRESSED,DEGRADED
ALT-000497,OT-00665,PLT-07,2026-09-19T19:59:00,UNEXPECTED_WRITE,MEDIUM,TRIAGED,DEGRADED
ALT-000498,OT-00958,PLT-09,2026-09-04T13:16:00,UNEXPECTED_WRITE,LOW,CLOSED,UNKNOWN
ALT-000499,OT-00020,PLT-01,2026-09-18T10:18:00,UNEXPECTED_WRITE,MEDIUM,SUPPRESSED,NORMAL
ALT-000500,OT-00730,PLT-07,2026-09-16T00:59:00,UNEXPECTED_WRITE,MEDIUM,CLOSED,UNKNOWN
ALT-000501,OT-01746,PLT-16,2026-09-30T08:28:00,POLICY_VIOLATION,LOW,SUPPRESSED,UNKNOWN
ALT-000502,OT-00244,PLT-03,2026-09-14T22:35:00,PROTOCOL_ANOMALY,MEDIUM,TRIAGED,UNKNOWN
ALT-000503,OT-00870,PLT-08,2026-09-07T05:10:00,UNEXPECTED_WRITE,LOW,CLOSED,NORMAL
ALT-000504,OT-00612,PLT-06,2026-09-12T04:42:00,AUTH_ANOMALY,CRITICAL,CLOSED,UNKNOWN
ALT-000505,OT-00661,PLT-07,2026-09-12T16:09:00,MALWARE_SIGNAL,HIGH,TRIAGED,MAINTENANCE_WINDOW
ALT-000506,OT-00625,PLT-06,2026-09-11T12:28:00,MALWARE_SIGNAL,LOW,CLOSED,UNKNOWN
ALT-000507,OT-00911,PLT-09,2026-09-15T01:42:00,PROTOCOL_ANOMALY,MEDIUM,CLOSED,UNKNOWN
ALT-000508,OT-01104,PLT-11,2026-09-18T02:32:00,POLICY_VIOLATION,HIGH,OPEN,UNKNOWN
ALT-000509,OT-02008,PLT-18,2026-09-08T17:07:00,NEW_DEVICE,MEDIUM,CLOSED,UNKNOWN
ALT-000510,OT-00530,PLT-05,2026-09-18T18:31:00,MALWARE_SIGNAL,LOW,CLOSED,MAINTENANCE_WINDOW
ALT-000511,OT-01829,PLT-17,2026-09-12T12:17:00,CONFIG_DRIFT,HIGH,TRIAGED,UNKNOWN
ALT-000512,OT-00170,PLT-02,2026-10-04T00:22:00,MALWARE_SIGNAL,LOW,TRIAGED,UNKNOWN
ALT-000513,OT-01380,PLT-13,2026-09-22T17:41:00,UNEXPECTED_WRITE,MEDIUM,TRIAGED,UNKNOWN
ALT-000514,OT-00488,PLT-05,2026-09-27T11:33:00,AUTH_ANOMALY,LOW,OPEN,UNKNOWN
ALT-000515,OT-00884,PLT-09,2026-10-03T07:30:00,NEW_DEVICE,MEDIUM,CLOSED,UNKNOWN
ALT-000516,OT-01492,PLT-14,2026-09-06T15:16:00,POLICY_VIOLATION,LOW,SUPPRESSED,DEGRADED
ALT-000517,OT-01606,PLT-15,2026-10-04T11:38:00,PROTOCOL_ANOMALY,LOW,CLOSED,NORMAL
ALT-000518,OT-00920,PLT-09,2026-09-22T04:27:00,POLICY_VIOLATION,MEDIUM,OPEN,UNKNOWN
ALT-000519,OT-01892,PLT-17,2026-09-14T20:31:00,AUTH_ANOMALY,MEDIUM,CLOSED,NORMAL
ALT-000520,OT-01473,PLT-14,2026-09-15T04:50:00,AUTH_ANOMALY,MEDIUM,SUPPRESSED,UNKNOWN
ALT-000521,OT-01663,PLT-15,2026-09-20T07:19:00,POLICY_VIOLATION,MEDIUM,CLOSED,DEGRADED
ALT-000522,OT-00978,PLT-09,2026-09-16T20:03:00,CONFIG_DRIFT,HIGH,TRIAGED,UNKNOWN
ALT-000523,OT-01197,PLT-11,2026-09-13T09:59:00,MALWARE_SIGNAL,MEDIUM,TRIAGED,MAINTENANCE_WINDOW
ALT-000524,OT-01181,PLT-11,2026-09-27T01:57:00,AUTH_ANOMALY,MEDIUM,SUPPRESSED,NORMAL
ALT-000525,OT-00618,PLT-06,2026-10-04T06:15:00,NEW_DEVICE,MEDIUM,SUPPRESSED,UNKNOWN
ALT-000526,OT-01019,PLT-10,2026-09-07T13:37:00,CONFIG_DRIFT,HIGH,TRIAGED,UNKNOWN
ALT-000527,OT-00442,PLT-05,2026-09-05T21:19:00,UNEXPECTED_WRITE,MEDIUM,SUPPRESSED,UNKNOWN
ALT-000528,OT-00107,PLT-02,2026-09-06T22:53:00,NEW_DEVICE,HIGH,CLOSED,MAINTENANCE_WINDOW
ALT-000529,OT-00829,PLT-08,2026-10-03T18:36:00,AUTH_ANOMALY,MEDIUM,SUPPRESSED,MAINTENANCE_WINDOW
ALT-000530,OT-01916,PLT-18,2026-09-22T14:27:00,POLICY_VIOLATION,MEDIUM,SUPPRESSED,UNKNOWN
ALT-000531,OT-01440,PLT-14,2026-09-06T20:08:00,PROTOCOL_ANOMALY,LOW,TRIAGED,UNKNOWN
ALT-000532,OT-01579,PLT-15,2026-09-16T11:01:00,CONFIG_DRIFT,MEDIUM,TRIAGED,MAINTENANCE_WINDOW
ALT-000533,OT-01312,PLT-13,2026-09-20T20:04:00,PROTOCOL_ANOMALY,CRITICAL,SUPPRESSED,NORMAL
ALT-000534,OT-01409,PLT-13,2026-09-25T20:56:00,AUTH_ANOMALY,HIGH,SUPPRESSED,UNKNOWN
ALT-000535,OT-00446,PLT-05,2026-09-29T18:20:00,AUTH_ANOMALY,HIGH,OPEN,MAINTENANCE_WINDOW
ALT-000536,OT-01755,PLT-16,2026-09-01T02:09:00,MALWARE_SIGNAL,MEDIUM,OPEN,UNKNOWN
ALT-000537,OT-00703,PLT-07,2026-09-13T15:08:00,UNEXPECTED_WRITE,MEDIUM,CLOSED,UNKNOWN
ALT-000538,OT-00095,PLT-01,2026-09-22T11:28:00,CONFIG_DRIFT,CRITICAL,TRIAGED,UNKNOWN
ALT-000539,OT-01861,PLT-17,2026-09-21T02:33:00,PROTOCOL_ANOMALY,LOW,SUPPRESSED,UNKNOWN
ALT-000540,OT-00045,PLT-01,2026-09-16T12:21:00,MALWARE_SIGNAL,HIGH,SUPPRESSED,UNKNOWN
ALT-000541,OT-01619,PLT-15,2026-09-22T11:22:00,POLICY_VIOLATION,MEDIUM,TRIAGED,UNKNOWN
ALT-000542,OT-01888,PLT-17,2026-09-08T01:04:00,UNEXPECTED_WRITE,MEDIUM,OPEN,UNKNOWN
ALT-000543,OT-00381,PLT-04,2026-09-10T14:14:00,MALWARE_SIGNAL,MEDIUM,OPEN,UNKNOWN
ALT-000544,OT-00761,PLT-08,2026-09-29T20:47:00,CONFIG_DRIFT,HIGH,OPEN,UNKNOWN
ALT-000545,OT-01399,PLT-13,2026-09-07T15:53:00,NEW_DEVICE,HIGH,OPEN,UNKNOWN
ALT-000546,OT-01145,PLT-11,2026-09-19T23:38:00,CONFIG_DRIFT,LOW,OPEN,MAINTENANCE_WINDOW
ALT-000547,OT-00056,PLT-01,2026-09-21T05:03:00,PROTOCOL_ANOMALY,MEDIUM,CLOSED,DEGRADED
ALT-000548,OT-01295,PLT-12,2026-09-26T11:42:00,UNEXPECTED_WRITE,MEDIUM,CLOSED,UNKNOWN
ALT-000549,OT-00961,PLT-09,2026-09-18T23:24:00,PROTOCOL_ANOMALY,MEDIUM,SUPPRESSED,UNKNOWN
ALT-000550,OT-00364,PLT-04,2026-09-11T03:07:00,AUTH_ANOMALY,LOW,OPEN,UNKNOWN
ALT-000551,OT-00181,PLT-02,2026-10-01T17:10:00,CONFIG_DRIFT,MEDIUM,OPEN,UNKNOWN
ALT-000552,OT-01668,PLT-16,2026-10-02T01:03:00,AUTH_ANOMALY,MEDIUM,SUPPRESSED,UNKNOWN
ALT-000553,OT-01688,PLT-16,2026-09-24T18:12:00,PROTOCOL_ANOMALY,LOW,OPEN,UNKNOWN
ALT-000554,OT-01003,PLT-10,2026-09-26T23:33:00,PROTOCOL_ANOMALY,CRITICAL,TRIAGED,MAINTENANCE_WINDOW
ALT-000555,OT-00703,PLT-07,2026-09-30T15:42:00,MALWARE_SIGNAL,MEDIUM,SUPPRESSED,UNKNOWN
ALT-000556,OT-01790,PLT-17,2026-09-19T00:51:00,UNEXPECTED_WRITE,MEDIUM,TRIAGED,NORMAL
ALT-000557,OT-01996,PLT-18,2026-09-18T22:21:00,AUTH_ANOMALY,CRITICAL,CLOSED,UNKNOWN
ALT-000558,OT-00863,PLT-08,2026-09-25T02:04:00,NEW_DEVICE,MEDIUM,TRIAGED,NORMAL
ALT-000559,OT-00947,PLT-09,2026-09-05T16:00:00,NEW_DEVICE,LOW,OPEN,UNKNOWN
ALT-000560,OT-01708,PLT-16,2026-09-11T17:31:00,CONFIG_DRIFT,HIGH,CLOSED,UNKNOWN
ALT-000561,OT-01835,PLT-17,2026-10-02T00:33:00,PROTOCOL_ANOMALY,MEDIUM,TRIAGED,UNKNOWN
ALT-000562,OT-00146,PLT-02,2026-09-18T03:52:00,MALWARE_SIGNAL,MEDIUM,OPEN,UNKNOWN
ALT-000563,OT-01365,PLT-13,2026-09-16T03:49:00,NEW_DEVICE,HIGH,OPEN,NORMAL
ALT-000564,OT-01843,PLT-17,2026-09-25T03:36:00,UNEXPECTED_WRITE,HIGH,CLOSED,MAINTENANCE_WINDOW
ALT-000565,OT-01114,PLT-11,2026-09-09T00:18:00,AUTH_ANOMALY,LOW,CLOSED,MAINTENANCE_WINDOW
ALT-000566,OT-01594,PLT-15,2026-09-29T10:27:00,UNEXPECTED_WRITE,HIGH,OPEN,UNKNOWN
ALT-000567,OT-00515,PLT-05,2026-09-10T21:48:00,MALWARE_SIGNAL,LOW,OPEN,UNKNOWN
ALT-000568,OT-01689,PLT-16,2026-09-17T12:43:00,PROTOCOL_ANOMALY,MEDIUM,CLOSED,UNKNOWN
ALT-000569,OT-01926,PLT-18,2026-09-22T01:35:00,PROTOCOL_ANOMALY,LOW,OPEN,NORMAL
ALT-000570,OT-01082,PLT-10,2026-09-03T19:43:00,POLICY_VIOLATION,MEDIUM,OPEN,UNKNOWN
ALT-000571,OT-00120,PLT-02,2026-09-12T15:29:00,NEW_DEVICE,HIGH,OPEN,UNKNOWN
ALT-000572,OT-00810,PLT-08,2026-09-05T23:54:00,UNEXPECTED_WRITE,LOW,TRIAGED,UNKNOWN
ALT-000573,OT-01668,PLT-16,2026-09-07T19:34:00,AUTH_ANOMALY,MEDIUM,SUPPRESSED,UNKNOWN
ALT-000574,OT-01307,PLT-12,2026-09-08T05:39:00,PROTOCOL_ANOMALY,HIGH,TRIAGED,UNKNOWN
ALT-000575,OT-01620,PLT-15,2026-09-17T11:17:00,CONFIG_DRIFT,LOW,TRIAGED,UNKNOWN
ALT-000576,OT-01482,PLT-14,2026-10-01T02:41:00,POLICY_VIOLATION,MEDIUM,TRIAGED,DEGRADED
ALT-000577,OT-01793,PLT-17,2026-09-19T21:55:00,UNEXPECTED_WRITE,LOW,TRIAGED,UNKNOWN
ALT-000578,OT-01683,PLT-16,2026-09-26T17:31:00,NEW_DEVICE,HIGH,OPEN,DEGRADED
ALT-000579,OT-00262,PLT-03,2026-10-04T12:30:00,NEW_DEVICE,MEDIUM,TRIAGED,MAINTENANCE_WINDOW
ALT-000580,OT-00720,PLT-07,2026-09-06T18:54:00,NEW_DEVICE,HIGH,SUPPRESSED,NORMAL
ALT-000581,OT-00521,PLT-05,2026-10-03T11:32:00,PROTOCOL_ANOMALY,LOW,TRIAGED,UNKNOWN
ALT-000582,OT-00222,PLT-03,2026-09-26T09:53:00,MALWARE_SIGNAL,MEDIUM,CLOSED,UNKNOWN
ALT-000583,OT-00437,PLT-05,2026-09-15T11:16:00,CONFIG_DRIFT,HIGH,TRIAGED,UNKNOWN
ALT-000584,OT-01985,PLT-18,2026-10-02T19:13:00,MALWARE_SIGNAL,LOW,CLOSED,NORMAL
ALT-000585,OT-01189,PLT-11,2026-09-08T23:22:00,PROTOCOL_ANOMALY,CRITICAL,CLOSED,UNKNOWN
ALT-000586,OT-00489,PLT-05,2026-09-22T00:51:00,MALWARE_SIGNAL,HIGH,CLOSED,DEGRADED
ALT-000587,OT-01874,PLT-17,2026-09-30T11:40:00,AUTH_ANOMALY,MEDIUM,CLOSED,UNKNOWN
ALT-000588,OT-00452,PLT-05,2026-09-19T04:24:00,UNEXPECTED_WRITE,MEDIUM,OPEN,UNKNOWN
ALT-000589,OT-01422,PLT-13,2026-09-02T14:35:00,NEW_DEVICE,HIGH,SUPPRESSED,UNKNOWN
ALT-000590,OT-01827,PLT-17,2026-09-24T15:45:00,POLICY_VIOLATION,HIGH,CLOSED,UNKNOWN
ALT-000591,OT-00166,PLT-02,2026-09-14T07:16:00,PROTOCOL_ANOMALY,CRITICAL,TRIAGED,UNKNOWN
ALT-000592,OT-01287,PLT-12,2026-09-12T00:45:00,PROTOCOL_ANOMALY,CRITICAL,TRIAGED,UNKNOWN
ALT-000593,OT-01877,PLT-17,2026-09-03T01:55:00,AUTH_ANOMALY,CRITICAL,OPEN,UNKNOWN
ALT-000594,OT-00970,PLT-09,2026-09-06T06:48:00,MALWARE_SIGNAL,HIGH,SUPPRESSED,UNKNOWN
ALT-000595,OT-00304,PLT-03,2026-09-02T17:33:00,CONFIG_DRIFT,MEDIUM,SUPPRESSED,MAINTENANCE_WINDOW
ALT-000596,OT-01320,PLT-13,2026-09-30T22:36:00,CONFIG_DRIFT,HIGH,SUPPRESSED,UNKNOWN
ALT-000597,OT-01610,PLT-15,2026-10-05T20:57:00,UNEXPECTED_WRITE,MEDIUM,CLOSED,UNKNOWN
ALT-000598,OT-00504,PLT-05,2026-09-27T06:21:00,POLICY_VIOLATION,MEDIUM,CLOSED,NORMAL
ALT-000599,OT-01661,PLT-15,2026-10-01T23:18:00,CONFIG_DRIFT,HIGH,TRIAGED,UNKNOWN
ALT-000600,OT-01583,PLT-15,2026-09-27T01:37:00,CONFIG_DRIFT,HIGH,SUPPRESSED,NORMAL
ALT-000601,OT-01504,PLT-14,2026-09-22T21:20:00,MALWARE_SIGNAL,LOW,TRIAGED,UNKNOWN
ALT-000602,OT-00569,PLT-06,2026-10-03T07:51:00,PROTOCOL_ANOMALY,LOW,TRIAGED,DEGRADED
ALT-000603,OT-01786,PLT-17,2026-09-22T20:59:00,AUTH_ANOMALY,LOW,TRIAGED,DEGRADED
ALT-000604,OT-01041,PLT-10,2026-09-17T10:59:00,POLICY_VIOLATION,HIGH,SUPPRESSED,UNKNOWN
ALT-000605,OT-00014,PLT-01,2026-09-19T15:23:00,CONFIG_DRIFT,MEDIUM,CLOSED,UNKNOWN
ALT-000606,OT-00129,PLT-02,2026-09-29T12:40:00,POLICY_VIOLATION,LOW,OPEN,UNKNOWN
ALT-000607,OT-00790,PLT-08,2026-09-15T11:52:00,POLICY_VIOLATION,HIGH,SUPPRESSED,MAINTENANCE_WINDOW
ALT-000608,OT-01908,PLT-18,2026-09-03T02:42:00,CONFIG_DRIFT,CRITICAL,SUPPRESSED,UNKNOWN
ALT-000609,OT-00099,PLT-01,2026-09-25T20:21:00,CONFIG_DRIFT,HIGH,SUPPRESSED,MAINTENANCE_WINDOW
ALT-000610,OT-01323,PLT-13,2026-09-13T01:16:00,CONFIG_DRIFT,HIGH,TRIAGED,MAINTENANCE_WINDOW
ALT-000611,OT-01012,PLT-10,2026-10-02T09:09:00,NEW_DEVICE,LOW,CLOSED,NORMAL
ALT-000612,OT-01771,PLT-16,2026-09-08T16:20:00,MALWARE_SIGNAL,CRITICAL,TRIAGED,UNKNOWN
ALT-000613,OT-01648,PLT-15,2026-09-29T22:55:00,POLICY_VIOLATION,MEDIUM,CLOSED,UNKNOWN
ALT-000614,OT-01548,PLT-14,2026-09-01T01:20:00,PROTOCOL_ANOMALY,HIGH,SUPPRESSED,DEGRADED
ALT-000615,OT-01266,PLT-12,2026-09-22T02:08:00,CONFIG_DRIFT,LOW,OPEN,UNKNOWN
ALT-000616,OT-01698,PLT-16,2026-09-17T07:14:00,MALWARE_SIGNAL,MEDIUM,SUPPRESSED,UNKNOWN
ALT-000617,OT-01662,PLT-15,2026-09-18T21:30:00,AUTH_ANOMALY,LOW,OPEN,DEGRADED
ALT-000618,OT-01267,PLT-12,2026-09-23T11:00:00,CONFIG_DRIFT,CRITICAL,OPEN,UNKNOWN
ALT-000619,OT-00843,PLT-08,2026-10-05T14:04:00,NEW_DEVICE,LOW,CLOSED,UNKNOWN
ALT-000620,OT-00337,PLT-04,2026-09-09T15:45:00,NEW_DEVICE,MEDIUM,SUPPRESSED,MAINTENANCE_WINDOW
ALT-000621,OT-00555,PLT-06,2026-09-07T14:40:00,POLICY_VIOLATION,LOW,OPEN,UNKNOWN
ALT-000622,OT-00226,PLT-03,2026-09-27T13:08:00,POLICY_VIOLATION,MEDIUM,SUPPRESSED,MAINTENANCE_WINDOW
ALT-000623,OT-00374,PLT-04,2026-10-03T05:05:00,NEW_DEVICE,MEDIUM,OPEN,UNKNOWN
ALT-000624,OT-01444,PLT-14,2026-10-02T02:32:00,PROTOCOL_ANOMALY,MEDIUM,CLOSED,UNKNOWN
ALT-000625,OT-00660,PLT-07,2026-09-05T14:50:00,CONFIG_DRIFT,LOW,CLOSED,NORMAL
ALT-000626,OT-01663,PLT-15,2026-09-08T21:54:00,UNEXPECTED_WRITE,LOW,TRIAGED,DEGRADED
ALT-000627,OT-00092,PLT-01,2026-09-02T14:09:00,UNEXPECTED_WRITE,MEDIUM,SUPPRESSED,UNKNOWN
ALT-000628,OT-01534,PLT-14,2026-09-24T04:48:00,POLICY_VIOLATION,MEDIUM,OPEN,UNKNOWN
ALT-000629,OT-01486,PLT-14,2026-09-30T12:26:00,CONFIG_DRIFT,CRITICAL,TRIAGED,UNKNOWN
ALT-000630,OT-01122,PLT-11,2026-09-24T06:05:00,NEW_DEVICE,LOW,SUPPRESSED,DEGRADED
ALT-000631,OT-01769,PLT-16,2026-09-26T06:18:00,POLICY_VIOLATION,MEDIUM,CLOSED,UNKNOWN
ALT-000632,OT-00405,PLT-04,2026-09-13T20:23:00,CONFIG_DRIFT,HIGH,TRIAGED,UNKNOWN
ALT-000633,OT-00102,PLT-01,2026-09-25T01:45:00,UNEXPECTED_WRITE,LOW,SUPPRESSED,MAINTENANCE_WINDOW
ALT-000634,OT-02016,PLT-18,2026-09-12T15:57:00,MALWARE_SIGNAL,MEDIUM,CLOSED,MAINTENANCE_WINDOW
ALT-000635,OT-00396,PLT-04,2026-09-14T12:23:00,NEW_DEVICE,HIGH,TRIAGED,UNKNOWN
ALT-000636,OT-02007,PLT-18,2026-09-01T21:36:00,NEW_DEVICE,MEDIUM,TRIAGED,MAINTENANCE_WINDOW
ALT-000637,OT-00892,PLT-09,2026-09-21T09:41:00,MALWARE_SIGNAL,MEDIUM,TRIAGED,UNKNOWN
ALT-000638,OT-01009,PLT-10,2026-09-20T08:12:00,AUTH_ANOMALY,LOW,OPEN,UNKNOWN
ALT-000639,OT-00434,PLT-05,2026-09-09T20:14:00,MALWARE_SIGNAL,LOW,SUPPRESSED,UNKNOWN
ALT-000640,OT-00406,PLT-04,2026-09-20T05:46:00,CONFIG_DRIFT,LOW,CLOSED,UNKNOWN
ALT-000641,OT-01634,PLT-15,2026-09-12T11:38:00,POLICY_VIOLATION,MEDIUM,OPEN,DEGRADED
ALT-000642,OT-01826,PLT-17,2026-09-14T20:55:00,CONFIG_DRIFT,MEDIUM,CLOSED,UNKNOWN
ALT-000643,OT-01643,PLT-15,2026-09-13T22:36:00,NEW_DEVICE,LOW,CLOSED,NORMAL
ALT-000644,OT-01057,PLT-10,2026-09-05T09:51:00,UNEXPECTED_WRITE,LOW,SUPPRESSED,DEGRADED
ALT-000645,OT-01328,PLT-13,2026-09-14T13:06:00,PROTOCOL_ANOMALY,HIGH,SUPPRESSED,DEGRADED
ALT-000646,OT-00062,PLT-01,2026-09-26T20:15:00,POLICY_VIOLATION,LOW,SUPPRESSED,UNKNOWN
ALT-000647,OT-01860,PLT-17,2026-09-17T15:57:00,POLICY_VIOLATION,HIGH,CLOSED,UNKNOWN
ALT-000648,OT-00384,PLT-04,2026-09-08T03:00:00,AUTH_ANOMALY,LOW,OPEN,MAINTENANCE_WINDOW
ALT-000649,OT-01713,PLT-16,2026-09-23T20:13:00,NEW_DEVICE,LOW,TRIAGED,DEGRADED
ALT-000650,OT-01879,PLT-17,2026-09-06T10:56:00,PROTOCOL_ANOMALY,LOW,SUPPRESSED,MAINTENANCE_WINDOW
ALT-000651,OT-00717,PLT-07,2026-09-01T02:18:00,UNEXPECTED_WRITE,LOW,SUPPRESSED,UNKNOWN
ALT-000652,OT-00862,PLT-08,2026-09-04T22:51:00,CONFIG_DRIFT,MEDIUM,OPEN,UNKNOWN
ALT-000653,OT-01786,PLT-17,2026-10-03T06:08:00,PROTOCOL_ANOMALY,MEDIUM,OPEN,UNKNOWN
ALT-000654,OT-00410,PLT-04,2026-09-21T16:15:00,NEW_DEVICE,CRITICAL,CLOSED,UNKNOWN
ALT-000655,OT-00152,PLT-02,2026-09-22T20:07:00,NEW_DEVICE,LOW,CLOSED,UNKNOWN
ALT-000656,OT-00557,PLT-06,2026-09-01T03:42:00,UNEXPECTED_WRITE,HIGH,TRIAGED,UNKNOWN
ALT-000657,OT-01720,PLT-16,2026-10-03T15:16:00,PROTOCOL_ANOMALY,LOW,SUPPRESSED,DEGRADED
ALT-000658,OT-01921,PLT-18,2026-09-09T13:37:00,CONFIG_DRIFT,MEDIUM,OPEN,UNKNOWN
ALT-000659,OT-00701,PLT-07,2026-09-18T01:30:00,CONFIG_DRIFT,CRITICAL,TRIAGED,UNKNOWN
ALT-000660,OT-01258,PLT-12,2026-09-17T12:31:00,MALWARE_SIGNAL,MEDIUM,TRIAGED,UNKNOWN
ALT-000661,OT-01310,PLT-13,2026-09-22T15:57:00,NEW_DEVICE,MEDIUM,TRIAGED,UNKNOWN
ALT-000662,OT-00082,PLT-01,2026-09-01T08:31:00,MALWARE_SIGNAL,HIGH,TRIAGED,UNKNOWN
ALT-000663,OT-00590,PLT-06,2026-09-26T06:24:00,MALWARE_SIGNAL,HIGH,OPEN,UNKNOWN
ALT-000664,OT-00011,PLT-01,2026-09-16T09:14:00,AUTH_ANOMALY,CRITICAL,OPEN,UNKNOWN
ALT-000665,OT-00903,PLT-09,2026-09-02T16:32:00,PROTOCOL_ANOMALY,MEDIUM,CLOSED,MAINTENANCE_WINDOW
ALT-000666,OT-00314,PLT-03,2026-09-30T08:25:00,CONFIG_DRIFT,MEDIUM,SUPPRESSED,UNKNOWN
ALT-000667,OT-01036,PLT-10,2026-09-04T09:11:00,POLICY_VIOLATION,MEDIUM,OPEN,UNKNOWN
ALT-000668,OT-00345,PLT-04,2026-09-09T04:01:00,AUTH_ANOMALY,CRITICAL,TRIAGED,UNKNOWN
ALT-000669,OT-01226,PLT-12,2026-09-02T12:19:00,UNEXPECTED_WRITE,LOW,SUPPRESSED,UNKNOWN
ALT-000670,OT-01134,PLT-11,2026-09-02T20:41:00,CONFIG_DRIFT,HIGH,TRIAGED,UNKNOWN
ALT-000671,OT-01036,PLT-10,2026-09-26T03:36:00,CONFIG_DRIFT,HIGH,CLOSED,MAINTENANCE_WINDOW
ALT-000672,OT-00431,PLT-04,2026-09-22T13:37:00,POLICY_VIOLATION,HIGH,OPEN,NORMAL
ALT-000673,OT-01449,PLT-14,2026-09-08T21:06:00,UNEXPECTED_WRITE,MEDIUM,SUPPRESSED,DEGRADED
ALT-000674,OT-00944,PLT-09,2026-09-08T12:24:00,MALWARE_SIGNAL,HIGH,TRIAGED,MAINTENANCE_WINDOW
ALT-000675,OT-01826,PLT-17,2026-09-23T10:10:00,MALWARE_SIGNAL,MEDIUM,TRIAGED,UNKNOWN
ALT-000676,OT-01959,PLT-18,2026-09-12T02:06:00,AUTH_ANOMALY,HIGH,OPEN,UNKNOWN
ALT-000677,OT-01164,PLT-11,2026-09-07T16:02:00,AUTH_ANOMALY,MEDIUM,TRIAGED,UNKNOWN
ALT-000678,OT-01452,PLT-14,2026-10-03T13:31:00,PROTOCOL_ANOMALY,MEDIUM,TRIAGED,DEGRADED
ALT-000679,OT-01656,PLT-15,2026-09-16T23:04:00,UNEXPECTED_WRITE,LOW,SUPPRESSED,UNKNOWN
ALT-000680,OT-01690,PLT-16,2026-09-30T14:19:00,AUTH_ANOMALY,LOW,CLOSED,NORMAL
ALT-000681,OT-01808,PLT-17,2026-09-28T17:09:00,CONFIG_DRIFT,HIGH,TRIAGED,NORMAL
ALT-000682,OT-01315,PLT-13,2026-09-12T22:41:00,UNEXPECTED_WRITE,CRITICAL,TRIAGED,UNKNOWN
ALT-000683,OT-00535,PLT-06,2026-09-18T05:45:00,MALWARE_SIGNAL,MEDIUM,OPEN,UNKNOWN
ALT-000684,OT-00563,PLT-06,2026-09-05T22:05:00,PROTOCOL_ANOMALY,LOW,CLOSED,UNKNOWN
ALT-000685,OT-00495,PLT-05,2026-09-04T09:40:00,CONFIG_DRIFT,MEDIUM,SUPPRESSED,UNKNOWN
ALT-000686,OT-01050,PLT-10,2026-09-23T00:30:00,MALWARE_SIGNAL,LOW,SUPPRESSED,UNKNOWN
ALT-000687,OT-00230,PLT-03,2026-09-29T01:49:00,PROTOCOL_ANOMALY,MEDIUM,CLOSED,UNKNOWN
ALT-000688,OT-01278,PLT-12,2026-09-04T02:45:00,PROTOCOL_ANOMALY,LOW,OPEN,UNKNOWN
ALT-000689,OT-00806,PLT-08,2026-09-03T13:51:00,MALWARE_SIGNAL,LOW,TRIAGED,DEGRADED
ALT-000690,OT-01551,PLT-14,2026-10-04T05:56:00,NEW_DEVICE,LOW,OPEN,UNKNOWN
ALT-000691,OT-00921,PLT-09,2026-09-07T21:51:00,UNEXPECTED_WRITE,HIGH,OPEN,UNKNOWN
ALT-000692,OT-00430,PLT-04,2026-09-16T14:33:00,PROTOCOL_ANOMALY,CRITICAL,CLOSED,MAINTENANCE_WINDOW
ALT-000693,OT-01104,PLT-11,2026-09-09T18:39:00,UNEXPECTED_WRITE,MEDIUM,CLOSED,DEGRADED
ALT-000694,OT-01802,PLT-17,2026-09-06T17:23:00,AUTH_ANOMALY,MEDIUM,TRIAGED,UNKNOWN
ALT-000695,OT-01606,PLT-15,2026-09-18T16:38:00,NEW_DEVICE,MEDIUM,SUPPRESSED,DEGRADED
ALT-000696,OT-01868,PLT-17,2026-09-11T15:22:00,PROTOCOL_ANOMALY,MEDIUM,TRIAGED,UNKNOWN
ALT-000697,OT-00686,PLT-07,2026-09-21T21:54:00,NEW_DEVICE,LOW,TRIAGED,UNKNOWN
ALT-000698,OT-01060,PLT-10,2026-10-03T13:28:00,MALWARE_SIGNAL,MEDIUM,OPEN,DEGRADED
ALT-000699,OT-00550,PLT-06,2026-09-14T10:21:00,POLICY_VIOLATION,MEDIUM,SUPPRESSED,UNKNOWN
ALT-000700,OT-01589,PLT-15,2026-09-04T18:30:00,POLICY_VIOLATION,LOW,SUPPRESSED,MAINTENANCE_WINDOW
ALT-000701,OT-01215,PLT-12,2026-09-09T18:00:00,PROTOCOL_ANOMALY,CRITICAL,CLOSED,UNKNOWN
ALT-000702,OT-00659,PLT-07,2026-09-07T19:19:00,POLICY_VIOLATION,LOW,SUPPRESSED,UNKNOWN
ALT-000703,OT-00866,PLT-08,2026-09-08T06:25:00,PROTOCOL_ANOMALY,MEDIUM,CLOSED,NORMAL
ALT-000704,OT-01237,PLT-12,2026-09-22T02:05:00,UNEXPECTED_WRITE,HIGH,CLOSED,UNKNOWN
ALT-000705,OT-00692,PLT-07,2026-09-17T12:18:00,UNEXPECTED_WRITE,LOW,CLOSED,UNKNOWN
ALT-000706,OT-01272,PLT-12,2026-09-01T08:47:00,CONFIG_DRIFT,HIGH,SUPPRESSED,UNKNOWN
ALT-000707,OT-00900,PLT-09,2026-09-24T18:22:00,AUTH_ANOMALY,HIGH,CLOSED,MAINTENANCE_WINDOW
ALT-000708,OT-01838,PLT-17,2026-09-08T03:10:00,POLICY_VIOLATION,HIGH,TRIAGED,MAINTENANCE_WINDOW
ALT-000709,OT-01281,PLT-12,2026-09-19T11:36:00,AUTH_ANOMALY,LOW,CLOSED,UNKNOWN
ALT-000710,OT-01649,PLT-15,2026-09-06T15:14:00,PROTOCOL_ANOMALY,LOW,SUPPRESSED,UNKNOWN
ALT-000711,OT-01055,PLT-10,2026-09-02T22:59:00,UNEXPECTED_WRITE,LOW,SUPPRESSED,UNKNOWN
ALT-000712,OT-00018,PLT-01,2026-10-01T09:10:00,POLICY_VIOLATION,LOW,SUPPRESSED,UNKNOWN
ALT-000713,OT-00487,PLT-05,2026-09-17T19:39:00,POLICY_VIOLATION,MEDIUM,CLOSED,UNKNOWN
ALT-000714,OT-01331,PLT-13,2026-09-01T20:53:00,NEW_DEVICE,LOW,OPEN,UNKNOWN
ALT-000715,OT-01504,PLT-14,2026-09-08T02:55:00,CONFIG_DRIFT,MEDIUM,SUPPRESSED,DEGRADED
ALT-000716,OT-00237,PLT-03,2026-09-15T12:53:00,UNEXPECTED_WRITE,MEDIUM,OPEN,NORMAL
ALT-000717,OT-01310,PLT-13,2026-09-07T18:48:00,CONFIG_DRIFT,HIGH,TRIAGED,UNKNOWN
ALT-000718,OT-00214,PLT-03,2026-09-23T10:42:00,AUTH_ANOMALY,MEDIUM,SUPPRESSED,UNKNOWN
ALT-000719,OT-00229,PLT-03,2026-10-02T08:14:00,UNEXPECTED_WRITE,HIGH,OPEN,UNKNOWN
ALT-000720,OT-00487,PLT-05,2026-10-05T02:14:00,UNEXPECTED_WRITE,HIGH,SUPPRESSED,UNKNOWN
ALT-000721,OT-00437,PLT-05,2026-09-16T05:11:00,UNEXPECTED_WRITE,LOW,OPEN,MAINTENANCE_WINDOW
ALT-000722,OT-00066,PLT-01,2026-10-05T11:38:00,AUTH_ANOMALY,CRITICAL,CLOSED,UNKNOWN
ALT-000723,OT-00391,PLT-04,2026-09-25T22:45:00,AUTH_ANOMALY,MEDIUM,CLOSED,NORMAL
ALT-000724,OT-01590,PLT-15,2026-09-06T23:49:00,AUTH_ANOMALY,HIGH,SUPPRESSED,DEGRADED
ALT-000725,OT-01308,PLT-13,2026-09-08T14:15:00,NEW_DEVICE,MEDIUM,OPEN,UNKNOWN
ALT-000726,OT-00373,PLT-04,2026-10-03T16:50:00,MALWARE_SIGNAL,HIGH,SUPPRESSED,UNKNOWN
ALT-000727,OT-00551,PLT-06,2026-09-30T10:53:00,UNEXPECTED_WRITE,LOW,SUPPRESSED,UNKNOWN
ALT-000728,OT-01881,PLT-17,2026-09-20T22:01:00,POLICY_VIOLATION,MEDIUM,OPEN,UNKNOWN
ALT-000729,OT-00921,PLT-09,2026-09-14T02:37:00,UNEXPECTED_WRITE,MEDIUM,CLOSED,UNKNOWN
ALT-000730,OT-00618,PLT-06,2026-09-13T10:17:00,CONFIG_DRIFT,MEDIUM,CLOSED,NORMAL
ALT-000731,OT-00887,PLT-09,2026-09-27T16:34:00,PROTOCOL_ANOMALY,LOW,TRIAGED,DEGRADED
ALT-000732,OT-00029,PLT-01,2026-10-01T14:52:00,POLICY_VIOLATION,HIGH,TRIAGED,UNKNOWN
ALT-000733,OT-00083,PLT-01,2026-09-11T00:46:00,MALWARE_SIGNAL,HIGH,TRIAGED,UNKNOWN
ALT-000734,OT-01208,PLT-12,2026-09-23T11:30:00,NEW_DEVICE,MEDIUM,TRIAGED,UNKNOWN
ALT-000735,OT-01572,PLT-15,2026-09-07T23:01:00,MALWARE_SIGNAL,MEDIUM,SUPPRESSED,DEGRADED
ALT-000736,OT-01565,PLT-15,2026-09-10T21:54:00,NEW_DEVICE,MEDIUM,TRIAGED,UNKNOWN
ALT-000737,OT-00947,PLT-09,2026-09-05T20:30:00,MALWARE_SIGNAL,LOW,TRIAGED,UNKNOWN
ALT-000738,OT-01109,PLT-11,2026-09-09T19:30:00,NEW_DEVICE,LOW,OPEN,UNKNOWN
ALT-000739,OT-01769,PLT-16,2026-09-25T09:41:00,MALWARE_SIGNAL,LOW,CLOSED,UNKNOWN
ALT-000740,OT-01343,PLT-13,2026-09-14T10:29:00,UNEXPECTED_WRITE,LOW,TRIAGED,UNKNOWN
ALT-000741,OT-01772,PLT-16,2026-09-18T22:09:00,POLICY_VIOLATION,HIGH,SUPPRESSED,UNKNOWN
ALT-000742,OT-01416,PLT-13,2026-09-23T02:18:00,NEW_DEVICE,HIGH,SUPPRESSED,UNKNOWN
ALT-000743,OT-01940,PLT-18,2026-09-07T16:59:00,UNEXPECTED_WRITE,LOW,CLOSED,UNKNOWN
ALT-000744,OT-00343,PLT-04,2026-09-20T03:01:00,NEW_DEVICE,MEDIUM,CLOSED,DEGRADED
ALT-000745,OT-00712,PLT-07,2026-09-13T21:30:00,MALWARE_SIGNAL,LOW,CLOSED,UNKNOWN
ALT-000746,OT-00067,PLT-01,2026-09-05T09:52:00,PROTOCOL_ANOMALY,MEDIUM,OPEN,UNKNOWN
ALT-000747,OT-00217,PLT-03,2026-09-18T16:52:00,POLICY_VIOLATION,MEDIUM,OPEN,MAINTENANCE_WINDOW
ALT-000748,OT-01336,PLT-13,2026-10-04T00:04:00,NEW_DEVICE,HIGH,SUPPRESSED,UNKNOWN
ALT-000749,OT-00724,PLT-07,2026-09-06T12:34:00,AUTH_ANOMALY,CRITICAL,SUPPRESSED,UNKNOWN
ALT-000750,OT-00978,PLT-09,2026-09-16T15:17:00,AUTH_ANOMALY,HIGH,OPEN,NORMAL
ALT-000751,OT-00096,PLT-01,2026-09-04T01:38:00,CONFIG_DRIFT,MEDIUM,SUPPRESSED,MAINTENANCE_WINDOW
ALT-000752,OT-01631,PLT-15,2026-09-21T15:32:00,MALWARE_SIGNAL,MEDIUM,SUPPRESSED,DEGRADED
ALT-000753,OT-00117,PLT-02,2026-09-07T06:33:00,UNEXPECTED_WRITE,CRITICAL,SUPPRESSED,UNKNOWN
ALT-000754,OT-01358,PLT-13,2026-09-09T07:08:00,NEW_DEVICE,HIGH,TRIAGED,DEGRADED
ALT-000755,OT-00301,PLT-03,2026-09-03T17:40:00,CONFIG_DRIFT,MEDIUM,SUPPRESSED,NORMAL
ALT-000756,OT-01718,PLT-16,2026-09-01T22:40:00,MALWARE_SIGNAL,MEDIUM,SUPPRESSED,UNKNOWN
ALT-000757,OT-01273,PLT-12,2026-09-25T05:26:00,POLICY_VIOLATION,MEDIUM,SUPPRESSED,UNKNOWN
ALT-000758,OT-01450,PLT-14,2026-09-17T23:03:00,UNEXPECTED_WRITE,HIGH,CLOSED,UNKNOWN
ALT-000759,OT-00956,PLT-09,2026-09-08T06:01:00,NEW_DEVICE,MEDIUM,CLOSED,UNKNOWN
ALT-000760,OT-01950,PLT-18,2026-09-03T23:12:00,AUTH_ANOMALY,MEDIUM,SUPPRESSED,NORMAL
ALT-000761,OT-01469,PLT-14,2026-10-05T16:29:00,PROTOCOL_ANOMALY,HIGH,CLOSED,UNKNOWN
ALT-000762,OT-01852,PLT-17,2026-09-10T12:22:00,POLICY_VIOLATION,MEDIUM,SUPPRESSED,MAINTENANCE_WINDOW
ALT-000763,OT-01295,PLT-12,2026-09-24T02:06:00,CONFIG_DRIFT,MEDIUM,SUPPRESSED,UNKNOWN
ALT-000764,OT-01788,PLT-17,2026-09-03T00:33:00,PROTOCOL_ANOMALY,HIGH,OPEN,NORMAL
ALT-000765,OT-00119,PLT-02,2026-09-24T12:04:00,NEW_DEVICE,HIGH,TRIAGED,UNKNOWN
ALT-000766,OT-01168,PLT-11,2026-09-13T21:09:00,PROTOCOL_ANOMALY,HIGH,CLOSED,UNKNOWN
ALT-000767,OT-00188,PLT-02,2026-09-14T01:57:00,CONFIG_DRIFT,LOW,CLOSED,UNKNOWN
ALT-000768,OT-00891,PLT-09,2026-09-03T08:27:00,UNEXPECTED_WRITE,HIGH,CLOSED,UNKNOWN
ALT-000769,OT-01336,PLT-13,2026-09-07T04:23:00,NEW_DEVICE,LOW,SUPPRESSED,UNKNOWN
ALT-000770,OT-00067,PLT-01,2026-09-08T22:19:00,CONFIG_DRIFT,MEDIUM,OPEN,UNKNOWN
ALT-000771,OT-00500,PLT-05,2026-09-29T04:27:00,UNEXPECTED_WRITE,HIGH,OPEN,UNKNOWN
ALT-000772,OT-00969,PLT-09,2026-09-02T07:02:00,MALWARE_SIGNAL,HIGH,OPEN,DEGRADED
ALT-000773,OT-01851,PLT-17,2026-09-25T18:09:00,MALWARE_SIGNAL,HIGH,OPEN,UNKNOWN
ALT-000774,OT-01263,PLT-12,2026-09-12T18:32:00,CONFIG_DRIFT,MEDIUM,CLOSED,DEGRADED
ALT-000775,OT-00919,PLT-09,2026-10-01T05:23:00,MALWARE_SIGNAL,HIGH,SUPPRESSED,UNKNOWN
ALT-000776,OT-00885,PLT-09,2026-09-16T23:07:00,MALWARE_SIGNAL,HIGH,CLOSED,UNKNOWN
ALT-000777,OT-00591,PLT-06,2026-09-02T06:57:00,CONFIG_DRIFT,HIGH,CLOSED,UNKNOWN
ALT-000778,OT-00247,PLT-03,2026-09-23T02:53:00,POLICY_VIOLATION,HIGH,SUPPRESSED,UNKNOWN
ALT-000779,OT-00223,PLT-03,2026-09-20T08:32:00,UNEXPECTED_WRITE,CRITICAL,CLOSED,UNKNOWN
ALT-000780,OT-01544,PLT-14,2026-09-10T03:50:00,CONFIG_DRIFT,MEDIUM,SUPPRESSED,NORMAL
ALT-000781,OT-00484,PLT-05,2026-09-08T23:55:00,POLICY_VIOLATION,MEDIUM,CLOSED,UNKNOWN
ALT-000782,OT-00458,PLT-05,2026-09-12T21:35:00,NEW_DEVICE,MEDIUM,SUPPRESSED,UNKNOWN
ALT-000783,OT-00006,PLT-01,2026-09-28T08:05:00,PROTOCOL_ANOMALY,MEDIUM,CLOSED,UNKNOWN
ALT-000784,OT-01340,PLT-13,2026-09-18T14:08:00,AUTH_ANOMALY,HIGH,OPEN,UNKNOWN
ALT-000785,OT-01135,PLT-11,2026-09-17T16:35:00,CONFIG_DRIFT,MEDIUM,CLOSED,UNKNOWN
ALT-000786,OT-00727,PLT-07,2026-09-07T23:17:00,NEW_DEVICE,LOW,OPEN,UNKNOWN
ALT-000787,OT-00006,PLT-01,2026-09-07T03:59:00,POLICY_VIOLATION,HIGH,TRIAGED,UNKNOWN
ALT-000788,OT-00512,PLT-05,2026-09-11T13:06:00,NEW_DEVICE,HIGH,TRIAGED,NORMAL
ALT-000789,OT-01244,PLT-12,2026-10-02T14:20:00,POLICY_VIOLATION,MEDIUM,SUPPRESSED,UNKNOWN
ALT-000790,OT-00194,PLT-02,2026-09-06T00:37:00,AUTH_ANOMALY,MEDIUM,TRIAGED,NORMAL
ALT-000791,OT-01923,PLT-18,2026-09-13T08:08:00,MALWARE_SIGNAL,MEDIUM,CLOSED,MAINTENANCE_WINDOW
ALT-000792,OT-01564,PLT-15,2026-09-29T00:18:00,PROTOCOL_ANOMALY,HIGH,SUPPRESSED,UNKNOWN
ALT-000793,OT-00122,PLT-02,2026-09-26T23:34:00,MALWARE_SIGNAL,LOW,SUPPRESSED,MAINTENANCE_WINDOW
ALT-000794,OT-01095,PLT-10,2026-09-17T11:37:00,POLICY_VIOLATION,LOW,OPEN,NORMAL
ALT-000795,OT-01060,PLT-10,2026-09-13T14:08:00,MALWARE_SIGNAL,MEDIUM,SUPPRESSED,UNKNOWN
ALT-000796,OT-00017,PLT-01,2026-09-16T22:18:00,AUTH_ANOMALY,CRITICAL,SUPPRESSED,UNKNOWN
ALT-000797,OT-00433,PLT-04,2026-10-04T08:32:00,MALWARE_SIGNAL,MEDIUM,TRIAGED,NORMAL
ALT-000798,OT-01351,PLT-13,2026-09-30T16:29:00,PROTOCOL_ANOMALY,LOW,CLOSED,UNKNOWN
ALT-000799,OT-00605,PLT-06,2026-09-13T16:03:00,UNEXPECTED_WRITE,HIGH,CLOSED,UNKNOWN
ALT-000800,OT-00983,PLT-09,2026-09-26T02:55:00,UNEXPECTED_WRITE,LOW,SUPPRESSED,UNKNOWN
ALT-000801,OT-01673,PLT-16,2026-09-08T17:16:00,MALWARE_SIGNAL,MEDIUM,CLOSED,UNKNOWN
ALT-000802,OT-01060,PLT-10,2026-09-30T23:14:00,NEW_DEVICE,HIGH,SUPPRESSED,MAINTENANCE_WINDOW
ALT-000803,OT-01679,PLT-16,2026-09-24T06:48:00,UNEXPECTED_WRITE,LOW,CLOSED,UNKNOWN
ALT-000804,OT-00561,PLT-06,2026-09-21T13:20:00,CONFIG_DRIFT,MEDIUM,TRIAGED,UNKNOWN
ALT-000805,OT-00454,PLT-05,2026-09-07T18:22:00,UNEXPECTED_WRITE,CRITICAL,OPEN,UNKNOWN
ALT-000806,OT-01424,PLT-13,2026-09-21T03:55:00,POLICY_VIOLATION,MEDIUM,CLOSED,UNKNOWN
ALT-000807,OT-00925,PLT-09,2026-09-09T21:12:00,UNEXPECTED_WRITE,MEDIUM,SUPPRESSED,DEGRADED
ALT-000808,OT-01156,PLT-11,2026-09-17T19:01:00,UNEXPECTED_WRITE,MEDIUM,SUPPRESSED,DEGRADED
ALT-000809,OT-00102,PLT-01,2026-09-23T16:05:00,NEW_DEVICE,MEDIUM,CLOSED,UNKNOWN
ALT-000810,OT-00208,PLT-03,2026-09-07T22:23:00,AUTH_ANOMALY,MEDIUM,TRIAGED,DEGRADED
ALT-000811,OT-01420,PLT-13,2026-09-23T11:24:00,MALWARE_SIGNAL,HIGH,CLOSED,UNKNOWN
ALT-000812,OT-00007,PLT-01,2026-10-04T14:07:00,MALWARE_SIGNAL,MEDIUM,SUPPRESSED,UNKNOWN
ALT-000813,OT-01946,PLT-18,2026-09-14T10:17:00,POLICY_VIOLATION,LOW,TRIAGED,UNKNOWN
ALT-000814,OT-01884,PLT-17,2026-09-13T01:31:00,CONFIG_DRIFT,CRITICAL,CLOSED,MAINTENANCE_WINDOW
ALT-000815,OT-01183,PLT-11,2026-09-24T08:27:00,CONFIG_DRIFT,CRITICAL,SUPPRESSED,NORMAL
ALT-000816,OT-00013,PLT-01,2026-09-17T09:47:00,PROTOCOL_ANOMALY,MEDIUM,OPEN,NORMAL
ALT-000817,OT-01076,PLT-10,2026-09-20T16:39:00,NEW_DEVICE,HIGH,SUPPRESSED,MAINTENANCE_WINDOW
ALT-000818,OT-00278,PLT-03,2026-09-16T11:46:00,POLICY_VIOLATION,HIGH,SUPPRESSED,UNKNOWN
ALT-000819,OT-00249,PLT-03,2026-09-02T10:30:00,AUTH_ANOMALY,MEDIUM,TRIAGED,UNKNOWN
ALT-000820,OT-00353,PLT-04,2026-09-15T09:46:00,CONFIG_DRIFT,LOW,OPEN,UNKNOWN
ALT-000821,OT-00672,PLT-07,2026-09-13T09:36:00,NEW_DEVICE,MEDIUM,SUPPRESSED,MAINTENANCE_WINDOW
ALT-000822,OT-01547,PLT-14,2026-09-22T16:51:00,PROTOCOL_ANOMALY,MEDIUM,SUPPRESSED,MAINTENANCE_WINDOW
ALT-000823,OT-01653,PLT-15,2026-09-06T20:28:00,MALWARE_SIGNAL,MEDIUM,OPEN,MAINTENANCE_WINDOW
ALT-000824,OT-01804,PLT-17,2026-10-01T18:29:00,NEW_DEVICE,LOW,OPEN,UNKNOWN
ALT-000825,OT-01640,PLT-15,2026-09-12T17:41:00,CONFIG_DRIFT,LOW,OPEN,UNKNOWN
ALT-000826,OT-00950,PLT-09,2026-09-01T22:55:00,UNEXPECTED_WRITE,HIGH,CLOSED,UNKNOWN
ALT-000827,OT-01818,PLT-17,2026-09-22T12:33:00,POLICY_VIOLATION,MEDIUM,OPEN,MAINTENANCE_WINDOW
ALT-000828,OT-00894,PLT-09,2026-09-19T10:43:00,NEW_DEVICE,MEDIUM,TRIAGED,DEGRADED
ALT-000829,OT-01579,PLT-15,2026-09-03T13:50:00,NEW_DEVICE,LOW,CLOSED,DEGRADED
ALT-000830,OT-00383,PLT-04,2026-09-27T09:43:00,NEW_DEVICE,HIGH,OPEN,NORMAL
ALT-000831,OT-00423,PLT-04,2026-09-30T11:33:00,MALWARE_SIGNAL,MEDIUM,TRIAGED,UNKNOWN
ALT-000832,OT-00988,PLT-10,2026-09-14T03:47:00,MALWARE_SIGNAL,HIGH,TRIAGED,DEGRADED
ALT-000833,OT-01521,PLT-14,2026-09-26T03:33:00,MALWARE_SIGNAL,HIGH,OPEN,UNKNOWN
ALT-000834,OT-01981,PLT-18,2026-09-15T12:49:00,MALWARE_SIGNAL,MEDIUM,SUPPRESSED,UNKNOWN
ALT-000835,OT-00405,PLT-04,2026-09-12T15:37:00,PROTOCOL_ANOMALY,CRITICAL,CLOSED,UNKNOWN
ALT-000836,OT-00151,PLT-02,2026-10-02T14:48:00,POLICY_VIOLATION,MEDIUM,TRIAGED,DEGRADED
ALT-000837,OT-00141,PLT-02,2026-10-01T22:47:00,UNEXPECTED_WRITE,LOW,OPEN,UNKNOWN
ALT-000838,OT-00157,PLT-02,2026-09-24T18:34:00,CONFIG_DRIFT,MEDIUM,CLOSED,MAINTENANCE_WINDOW
ALT-000839,OT-00015,PLT-01,2026-09-28T11:02:00,POLICY_VIOLATION,HIGH,TRIAGED,UNKNOWN
ALT-000840,OT-00680,PLT-07,2026-09-22T04:06:00,NEW_DEVICE,MEDIUM,SUPPRESSED,UNKNOWN
ALT-000841,OT-01927,PLT-18,2026-09-17T21:16:00,POLICY_VIOLATION,LOW,TRIAGED,UNKNOWN
ALT-000842,OT-01351,PLT-13,2026-09-30T10:22:00,PROTOCOL_ANOMALY,LOW,TRIAGED,NORMAL
ALT-000843,OT-01355,PLT-13,2026-09-27T18:16:00,MALWARE_SIGNAL,MEDIUM,OPEN,UNKNOWN
ALT-000844,OT-00453,PLT-05,2026-09-03T19:15:00,NEW_DEVICE,LOW,TRIAGED,UNKNOWN
ALT-000845,OT-00843,PLT-08,2026-09-20T16:37:00,AUTH_ANOMALY,MEDIUM,CLOSED,NORMAL
ALT-000846,OT-00018,PLT-01,2026-09-28T22:19:00,POLICY_VIOLATION,MEDIUM,TRIAGED,UNKNOWN
ALT-000847,OT-00655,PLT-07,2026-09-09T18:25:00,UNEXPECTED_WRITE,MEDIUM,TRIAGED,UNKNOWN
ALT-000848,OT-01121,PLT-11,2026-10-04T03:25:00,MALWARE_SIGNAL,CRITICAL,OPEN,UNKNOWN
ALT-000849,OT-00715,PLT-07,2026-09-24T17:00:00,AUTH_ANOMALY,HIGH,CLOSED,MAINTENANCE_WINDOW
ALT-000850,OT-00985,PLT-09,2026-09-15T11:04:00,MALWARE_SIGNAL,HIGH,CLOSED,UNKNOWN
ALT-000851,OT-00338,PLT-04,2026-09-14T20:23:00,MALWARE_SIGNAL,MEDIUM,TRIAGED,NORMAL
ALT-000852,OT-01790,PLT-17,2026-09-25T18:10:00,AUTH_ANOMALY,MEDIUM,TRIAGED,MAINTENANCE_WINDOW
ALT-000853,OT-01023,PLT-10,2026-09-04T04:04:00,PROTOCOL_ANOMALY,HIGH,CLOSED,NORMAL
ALT-000854,OT-00189,PLT-02,2026-10-03T09:00:00,MALWARE_SIGNAL,HIGH,OPEN,UNKNOWN
ALT-000855,OT-00147,PLT-02,2026-09-05T14:03:00,AUTH_ANOMALY,CRITICAL,TRIAGED,DEGRADED
ALT-000856,OT-01166,PLT-11,2026-09-29T04:01:00,CONFIG_DRIFT,HIGH,CLOSED,NORMAL
ALT-000857,OT-01618,PLT-15,2026-09-05T07:33:00,POLICY_VIOLATION,CRITICAL,SUPPRESSED,NORMAL
ALT-000858,OT-00670,PLT-07,2026-09-26T17:28:00,MALWARE_SIGNAL,LOW,SUPPRESSED,DEGRADED
ALT-000859,OT-01107,PLT-11,2026-09-08T06:10:00,POLICY_VIOLATION,CRITICAL,OPEN,UNKNOWN
ALT-000860,OT-00079,PLT-01,2026-09-19T11:00:00,PROTOCOL_ANOMALY,HIGH,TRIAGED,UNKNOWN
ALT-000861,OT-00133,PLT-02,2026-09-24T23:16:00,MALWARE_SIGNAL,MEDIUM,CLOSED,UNKNOWN
ALT-000862,OT-01313,PLT-13,2026-09-22T21:13:00,NEW_DEVICE,HIGH,OPEN,UNKNOWN
ALT-000863,OT-00636,PLT-07,2026-09-24T12:26:00,AUTH_ANOMALY,HIGH,CLOSED,MAINTENANCE_WINDOW
ALT-000864,OT-01513,PLT-14,2026-09-26T00:47:00,CONFIG_DRIFT,MEDIUM,SUPPRESSED,MAINTENANCE_WINDOW
ALT-000865,OT-00463,PLT-05,2026-09-16T21:10:00,NEW_DEVICE,MEDIUM,CLOSED,NORMAL
ALT-000866,OT-01098,PLT-10,2026-09-09T20:52:00,NEW_DEVICE,MEDIUM,OPEN,UNKNOWN
ALT-000867,OT-01678,PLT-16,2026-09-21T04:16:00,MALWARE_SIGNAL,MEDIUM,TRIAGED,UNKNOWN
ALT-000868,OT-01326,PLT-13,2026-09-22T13:51:00,NEW_DEVICE,LOW,CLOSED,NORMAL
ALT-000869,OT-01177,PLT-11,2026-09-03T09:58:00,MALWARE_SIGNAL,MEDIUM,OPEN,UNKNOWN
ALT-000870,OT-01141,PLT-11,2026-09-16T08:06:00,MALWARE_SIGNAL,HIGH,TRIAGED,UNKNOWN
ALT-000871,OT-01679,PLT-16,2026-09-18T17:34:00,MALWARE_SIGNAL,LOW,TRIAGED,UNKNOWN
ALT-000872,OT-01518,PLT-14,2026-09-23T19:05:00,MALWARE_SIGNAL,LOW,CLOSED,UNKNOWN
ALT-000873,OT-00424,PLT-04,2026-09-28T02:32:00,AUTH_ANOMALY,LOW,SUPPRESSED,UNKNOWN
ALT-000874,OT-01521,PLT-14,2026-09-11T16:14:00,POLICY_VIOLATION,HIGH,CLOSED,UNKNOWN
ALT-000875,OT-00119,PLT-02,2026-09-30T14:51:00,PROTOCOL_ANOMALY,MEDIUM,OPEN,UNKNOWN
ALT-000876,OT-01948,PLT-18,2026-09-02T09:32:00,AUTH_ANOMALY,MEDIUM,SUPPRESSED,DEGRADED
ALT-000877,OT-01469,PLT-14,2026-09-23T13:10:00,POLICY_VIOLATION,MEDIUM,TRIAGED,NORMAL
ALT-000878,OT-01285,PLT-12,2026-09-19T08:32:00,MALWARE_SIGNAL,MEDIUM,CLOSED,UNKNOWN
ALT-000879,OT-01806,PLT-17,2026-09-21T18:55:00,MALWARE_SIGNAL,CRITICAL,OPEN,MAINTENANCE_WINDOW
ALT-000880,OT-00701,PLT-07,2026-09-13T20:33:00,POLICY_VIOLATION,LOW,OPEN,UNKNOWN
ALT-000881,OT-01412,PLT-13,2026-09-12T16:21:00,AUTH_ANOMALY,MEDIUM,CLOSED,UNKNOWN
ALT-000882,OT-00121,PLT-02,2026-09-20T11:48:00,PROTOCOL_ANOMALY,MEDIUM,OPEN,UNKNOWN
ALT-000883,OT-00956,PLT-09,2026-09-29T01:17:00,PROTOCOL_ANOMALY,MEDIUM,OPEN,MAINTENANCE_WINDOW
ALT-000884,OT-00121,PLT-02,2026-09-24T12:04:00,MALWARE_SIGNAL,MEDIUM,OPEN,DEGRADED
ALT-000885,OT-00872,PLT-08,2026-09-03T02:01:00,NEW_DEVICE,HIGH,TRIAGED,UNKNOWN
ALT-000886,OT-01282,PLT-12,2026-09-28T03:19:00,PROTOCOL_ANOMALY,LOW,TRIAGED,DEGRADED
ALT-000887,OT-01930,PLT-18,2026-09-16T06:09:00,NEW_DEVICE,MEDIUM,TRIAGED,MAINTENANCE_WINDOW
ALT-000888,OT-01301,PLT-12,2026-09-05T05:39:00,POLICY_VIOLATION,MEDIUM,CLOSED,MAINTENANCE_WINDOW
ALT-000889,OT-00998,PLT-10,2026-10-04T13:11:00,NEW_DEVICE,MEDIUM,TRIAGED,UNKNOWN
ALT-000890,OT-00734,PLT-07,2026-09-14T19:57:00,AUTH_ANOMALY,LOW,TRIAGED,UNKNOWN
ALT-000891,OT-01186,PLT-11,2026-09-15T03:37:00,NEW_DEVICE,MEDIUM,CLOSED,MAINTENANCE_WINDOW
ALT-000892,OT-00431,PLT-04,2026-09-16T02:37:00,AUTH_ANOMALY,HIGH,OPEN,MAINTENANCE_WINDOW
ALT-000893,OT-01308,PLT-13,2026-09-16T19:15:00,PROTOCOL_ANOMALY,MEDIUM,CLOSED,NORMAL
ALT-000894,OT-01025,PLT-10,2026-09-21T22:54:00,PROTOCOL_ANOMALY,LOW,OPEN,UNKNOWN
ALT-000895,OT-00973,PLT-09,2026-09-10T05:59:00,UNEXPECTED_WRITE,HIGH,TRIAGED,MAINTENANCE_WINDOW
ALT-000896,OT-01108,PLT-11,2026-09-25T04:46:00,POLICY_VIOLATION,CRITICAL,SUPPRESSED,UNKNOWN
ALT-000897,OT-01895,PLT-17,2026-09-07T23:17:00,UNEXPECTED_WRITE,LOW,TRIAGED,UNKNOWN
ALT-000898,OT-01650,PLT-15,2026-09-09T06:25:00,PROTOCOL_ANOMALY,MEDIUM,OPEN,NORMAL
ALT-000899,OT-01880,PLT-17,2026-09-05T13:00:00,CONFIG_DRIFT,MEDIUM,SUPPRESSED,NORMAL
ALT-000900,OT-00711,PLT-07,2026-09-26T20:24:00,CONFIG_DRIFT,LOW,TRIAGED,UNKNOWN
ALT-000901,OT-01810,PLT-17,2026-09-30T18:34:00,AUTH_ANOMALY,MEDIUM,SUPPRESSED,UNKNOWN
ALT-000902,OT-00300,PLT-03,2026-09-10T23:00:00,POLICY_VIOLATION,HIGH,TRIAGED,UNKNOWN
ALT-000903,OT-01045,PLT-10,2026-09-15T23:09:00,CONFIG_DRIFT,CRITICAL,OPEN,MAINTENANCE_WINDOW
ALT-000904,OT-00859,PLT-08,2026-09-06T19:50:00,UNEXPECTED_WRITE,LOW,SUPPRESSED,NORMAL
ALT-000905,OT-00692,PLT-07,2026-09-15T13:28:00,AUTH_ANOMALY,MEDIUM,SUPPRESSED,UNKNOWN
ALT-000906,OT-00745,PLT-07,2026-09-19T03:22:00,POLICY_VIOLATION,LOW,TRIAGED,UNKNOWN
ALT-000907,OT-01219,PLT-12,2026-09-03T19:56:00,UNEXPECTED_WRITE,CRITICAL,SUPPRESSED,UNKNOWN
ALT-000908,OT-01706,PLT-16,2026-09-20T01:58:00,AUTH_ANOMALY,LOW,OPEN,UNKNOWN
ALT-000909,OT-01302,PLT-12,2026-09-15T11:53:00,MALWARE_SIGNAL,MEDIUM,TRIAGED,MAINTENANCE_WINDOW
ALT-000910,OT-00784,PLT-08,2026-09-17T12:39:00,NEW_DEVICE,HIGH,OPEN,DEGRADED
ALT-000911,OT-01208,PLT-12,2026-09-03T06:26:00,PROTOCOL_ANOMALY,MEDIUM,SUPPRESSED,UNKNOWN
ALT-000912,OT-00314,PLT-03,2026-09-09T22:32:00,AUTH_ANOMALY,LOW,TRIAGED,NORMAL
ALT-000913,OT-00916,PLT-09,2026-09-16T23:48:00,POLICY_VIOLATION,HIGH,TRIAGED,NORMAL
ALT-000914,OT-01946,PLT-18,2026-09-15T06:33:00,MALWARE_SIGNAL,HIGH,TRIAGED,UNKNOWN
ALT-000915,OT-01844,PLT-17,2026-09-25T23:03:00,MALWARE_SIGNAL,LOW,SUPPRESSED,UNKNOWN
ALT-000916,OT-00838,PLT-08,2026-09-11T07:31:00,AUTH_ANOMALY,MEDIUM,OPEN,UNKNOWN
ALT-000917,OT-00411,PLT-04,2026-09-10T06:48:00,POLICY_VIOLATION,MEDIUM,OPEN,UNKNOWN
ALT-000918,OT-01545,PLT-14,2026-09-21T17:45:00,UNEXPECTED_WRITE,MEDIUM,TRIAGED,UNKNOWN
ALT-000919,OT-02014,PLT-18,2026-09-23T12:37:00,NEW_DEVICE,MEDIUM,TRIAGED,UNKNOWN
ALT-000920,OT-00270,PLT-03,2026-10-01T17:04:00,PROTOCOL_ANOMALY,LOW,SUPPRESSED,UNKNOWN
ALT-000921,OT-01026,PLT-10,2026-09-02T06:18:00,POLICY_VIOLATION,MEDIUM,SUPPRESSED,MAINTENANCE_WINDOW
ALT-000922,OT-00888,PLT-09,2026-09-13T14:22:00,CONFIG_DRIFT,HIGH,OPEN,DEGRADED
ALT-000923,OT-00133,PLT-02,2026-09-04T14:23:00,MALWARE_SIGNAL,CRITICAL,SUPPRESSED,DEGRADED
ALT-000924,OT-00250,PLT-03,2026-09-13T23:09:00,UNEXPECTED_WRITE,MEDIUM,SUPPRESSED,UNKNOWN
ALT-000925,OT-00870,PLT-08,2026-09-19T15:49:00,CONFIG_DRIFT,HIGH,CLOSED,DEGRADED
ALT-000926,OT-01665,PLT-15,2026-09-10T01:59:00,UNEXPECTED_WRITE,CRITICAL,CLOSED,UNKNOWN
ALT-000927,OT-01294,PLT-12,2026-09-17T11:12:00,PROTOCOL_ANOMALY,MEDIUM,OPEN,NORMAL
ALT-000928,OT-00460,PLT-05,2026-09-28T14:02:00,NEW_DEVICE,MEDIUM,TRIAGED,UNKNOWN
ALT-000929,OT-01000,PLT-10,2026-09-04T20:06:00,POLICY_VIOLATION,MEDIUM,SUPPRESSED,NORMAL
ALT-000930,OT-00433,PLT-04,2026-09-11T07:35:00,MALWARE_SIGNAL,MEDIUM,SUPPRESSED,UNKNOWN
ALT-000931,OT-00134,PLT-02,2026-09-20T05:05:00,NEW_DEVICE,MEDIUM,CLOSED,UNKNOWN
ALT-000932,OT-01736,PLT-16,2026-09-07T06:29:00,NEW_DEVICE,MEDIUM,CLOSED,DEGRADED
ALT-000933,OT-01759,PLT-16,2026-09-05T11:28:00,MALWARE_SIGNAL,MEDIUM,SUPPRESSED,UNKNOWN
ALT-000934,OT-00002,PLT-01,2026-10-05T01:10:00,NEW_DEVICE,HIGH,CLOSED,UNKNOWN
ALT-000935,OT-01264,PLT-12,2026-09-12T11:00:00,PROTOCOL_ANOMALY,MEDIUM,CLOSED,UNKNOWN
ALT-000936,OT-01457,PLT-14,2026-09-24T20:54:00,NEW_DEVICE,MEDIUM,OPEN,MAINTENANCE_WINDOW
ALT-000937,OT-00971,PLT-09,2026-09-07T15:20:00,POLICY_VIOLATION,MEDIUM,TRIAGED,NORMAL
ALT-000938,OT-00332,PLT-04,2026-09-10T15:05:00,MALWARE_SIGNAL,HIGH,TRIAGED,DEGRADED
ALT-000939,OT-01456,PLT-14,2026-10-01T13:25:00,PROTOCOL_ANOMALY,HIGH,SUPPRESSED,DEGRADED
ALT-000940,OT-00069,PLT-01,2026-09-15T04:33:00,CONFIG_DRIFT,HIGH,OPEN,NORMAL
ALT-000941,OT-01959,PLT-18,2026-09-20T08:56:00,MALWARE_SIGNAL,MEDIUM,CLOSED,UNKNOWN
ALT-000942,OT-00137,PLT-02,2026-09-27T00:30:00,AUTH_ANOMALY,HIGH,SUPPRESSED,UNKNOWN
ALT-000943,OT-00981,PLT-09,2026-09-24T19:29:00,PROTOCOL_ANOMALY,MEDIUM,TRIAGED,MAINTENANCE_WINDOW
ALT-000944,OT-00153,PLT-02,2026-09-06T15:09:00,CONFIG_DRIFT,LOW,TRIAGED,NORMAL
ALT-000945,OT-01561,PLT-15,2026-09-08T20:28:00,MALWARE_SIGNAL,HIGH,SUPPRESSED,DEGRADED
ALT-000946,OT-01977,PLT-18,2026-09-21T07:10:00,AUTH_ANOMALY,CRITICAL,OPEN,NORMAL
ALT-000947,OT-01507,PLT-14,2026-09-13T05:14:00,PROTOCOL_ANOMALY,HIGH,OPEN,UNKNOWN
ALT-000948,OT-01867,PLT-17,2026-09-20T04:45:00,AUTH_ANOMALY,MEDIUM,SUPPRESSED,UNKNOWN
ALT-000949,OT-00613,PLT-06,2026-09-24T03:26:00,AUTH_ANOMALY,MEDIUM,CLOSED,DEGRADED
ALT-000950,OT-00836,PLT-08,2026-09-30T16:32:00,AUTH_ANOMALY,MEDIUM,SUPPRESSED,UNKNOWN
ALT-000951,OT-01713,PLT-16,2026-09-05T17:26:00,PROTOCOL_ANOMALY,LOW,CLOSED,UNKNOWN
ALT-000952,OT-01074,PLT-10,2026-09-30T00:13:00,PROTOCOL_ANOMALY,LOW,SUPPRESSED,UNKNOWN
ALT-000953,OT-00624,PLT-06,2026-09-14T12:26:00,MALWARE_SIGNAL,MEDIUM,TRIAGED,MAINTENANCE_WINDOW
ALT-000954,OT-00224,PLT-03,2026-09-30T12:03:00,NEW_DEVICE,HIGH,OPEN,NORMAL
ALT-000955,OT-00100,PLT-01,2026-09-10T00:30:00,POLICY_VIOLATION,LOW,CLOSED,UNKNOWN
ALT-000956,OT-01835,PLT-17,2026-09-07T03:15:00,POLICY_VIOLATION,MEDIUM,SUPPRESSED,UNKNOWN
ALT-000957,OT-00075,PLT-01,2026-09-10T03:32:00,CONFIG_DRIFT,MEDIUM,CLOSED,DEGRADED
ALT-000958,OT-01502,PLT-14,2026-09-30T09:43:00,MALWARE_SIGNAL,LOW,SUPPRESSED,UNKNOWN
ALT-000959,OT-00549,PLT-06,2026-10-02T20:47:00,POLICY_VIOLATION,HIGH,TRIAGED,MAINTENANCE_WINDOW
ALT-000960,OT-00339,PLT-04,2026-09-18T22:37:00,AUTH_ANOMALY,CRITICAL,SUPPRESSED,MAINTENANCE_WINDOW
ALT-000961,OT-01118,PLT-11,2026-09-22T17:44:00,POLICY_VIOLATION,HIGH,CLOSED,UNKNOWN
ALT-000962,OT-00050,PLT-01,2026-09-19T07:45:00,PROTOCOL_ANOMALY,MEDIUM,SUPPRESSED,DEGRADED
ALT-000963,OT-01518,PLT-14,2026-09-08T03:22:00,POLICY_VIOLATION,HIGH,SUPPRESSED,UNKNOWN
ALT-000964,OT-01383,PLT-13,2026-09-07T12:45:00,PROTOCOL_ANOMALY,MEDIUM,SUPPRESSED,UNKNOWN
ALT-000965,OT-00121,PLT-02,2026-09-03T20:44:00,POLICY_VIOLATION,LOW,OPEN,UNKNOWN
ALT-000966,OT-00704,PLT-07,2026-09-04T20:52:00,UNEXPECTED_WRITE,MEDIUM,CLOSED,MAINTENANCE_WINDOW
ALT-000967,OT-00518,PLT-05,2026-09-10T20:32:00,AUTH_ANOMALY,CRITICAL,SUPPRESSED,UNKNOWN
ALT-000968,OT-00404,PLT-04,2026-09-29T01:04:00,CONFIG_DRIFT,LOW,OPEN,UNKNOWN
ALT-000969,OT-00136,PLT-02,2026-09-17T23:31:00,PROTOCOL_ANOMALY,MEDIUM,CLOSED,MAINTENANCE_WINDOW
ALT-000970,OT-01061,PLT-10,2026-09-01T12:42:00,PROTOCOL_ANOMALY,MEDIUM,CLOSED,NORMAL
ALT-000971,OT-01940,PLT-18,2026-09-18T16:48:00,NEW_DEVICE,LOW,SUPPRESSED,UNKNOWN
ALT-000972,OT-00064,PLT-01,2026-10-05T12:25:00,CONFIG_DRIFT,MEDIUM,CLOSED,UNKNOWN
ALT-000973,OT-00204,PLT-02,2026-09-22T09:07:00,CONFIG_DRIFT,LOW,OPEN,UNKNOWN
ALT-000974,OT-00648,PLT-07,2026-09-09T23:47:00,NEW_DEVICE,MEDIUM,SUPPRESSED,UNKNOWN
ALT-000975,OT-00797,PLT-08,2026-10-02T00:42:00,CONFIG_DRIFT,LOW,TRIAGED,UNKNOWN
ALT-000976,OT-01153,PLT-11,2026-09-20T23:03:00,POLICY_VIOLATION,LOW,CLOSED,NORMAL
ALT-000977,OT-00723,PLT-07,2026-09-07T13:36:00,PROTOCOL_ANOMALY,MEDIUM,TRIAGED,UNKNOWN
ALT-000978,OT-01934,PLT-18,2026-09-11T03:27:00,AUTH_ANOMALY,HIGH,CLOSED,DEGRADED
ALT-000979,OT-00138,PLT-02,2026-10-04T13:56:00,MALWARE_SIGNAL,LOW,SUPPRESSED,UNKNOWN
ALT-000980,OT-00970,PLT-09,2026-09-18T21:03:00,POLICY_VIOLATION,LOW,OPEN,MAINTENANCE_WINDOW
ALT-000981,OT-00953,PLT-09,2026-09-09T07:07:00,NEW_DEVICE,CRITICAL,TRIAGED,MAINTENANCE_WINDOW
ALT-000982,OT-01817,PLT-17,2026-10-01T22:11:00,AUTH_ANOMALY,LOW,CLOSED,UNKNOWN
ALT-000983,OT-01071,PLT-10,2026-09-25T12:22:00,MALWARE_SIGNAL,CRITICAL,SUPPRESSED,UNKNOWN
ALT-000984,OT-01404,PLT-13,2026-09-19T15:15:00,CONFIG_DRIFT,MEDIUM,TRIAGED,UNKNOWN
ALT-000985,OT-00595,PLT-06,2026-09-10T03:54:00,UNEXPECTED_WRITE,MEDIUM,SUPPRESSED,UNKNOWN
ALT-000986,OT-00371,PLT-04,2026-10-03T19:35:00,POLICY_VIOLATION,LOW,TRIAGED,UNKNOWN
ALT-000987,OT-01221,PLT-12,2026-09-10T06:48:00,MALWARE_SIGNAL,LOW,SUPPRESSED,UNKNOWN
ALT-000988,OT-01086,PLT-10,2026-09-05T20:50:00,PROTOCOL_ANOMALY,CRITICAL,OPEN,UNKNOWN
ALT-000989,OT-01312,PLT-13,2026-09-03T11:33:00,AUTH_ANOMALY,HIGH,SUPPRESSED,UNKNOWN
ALT-000990,OT-00789,PLT-08,2026-09-06T01:41:00,CONFIG_DRIFT,HIGH,SUPPRESSED,UNKNOWN
ALT-000991,OT-01829,PLT-17,2026-09-11T02:36:00,MALWARE_SIGNAL,CRITICAL,SUPPRESSED,UNKNOWN
ALT-000992,OT-01097,PLT-10,2026-09-03T13:08:00,NEW_DEVICE,MEDIUM,OPEN,NORMAL
ALT-000993,OT-01060,PLT-10,2026-09-05T03:36:00,CONFIG_DRIFT,LOW,CLOSED,UNKNOWN
ALT-000994,OT-00370,PLT-04,2026-09-12T07:13:00,NEW_DEVICE,MEDIUM,OPEN,DEGRADED
ALT-000995,OT-01816,PLT-17,2026-09-11T10:01:00,PROTOCOL_ANOMALY,CRITICAL,OPEN,UNKNOWN
ALT-000996,OT-00558,PLT-06,2026-09-05T06:17:00,AUTH_ANOMALY,LOW,SUPPRESSED,UNKNOWN
ALT-000997,OT-00844,PLT-08,2026-09-26T02:10:00,CONFIG_DRIFT,HIGH,SUPPRESSED,UNKNOWN
ALT-000998,OT-01444,PLT-14,2026-09-19T01:27:00,PROTOCOL_ANOMALY,LOW,SUPPRESSED,UNKNOWN
ALT-000999,OT-01894,PLT-17,2026-09-29T20:18:00,POLICY_VIOLATION,CRITICAL,TRIAGED,UNKNOWN
ALT-001000,OT-00523,PLT-05,2026-09-03T00:51:00,MALWARE_SIGNAL,MEDIUM,TRIAGED,MAINTENANCE_WINDOW
ALT-001001,OT-01311,PLT-13,2026-09-17T23:02:00,UNEXPECTED_WRITE,HIGH,OPEN,UNKNOWN
ALT-001002,OT-00465,PLT-05,2026-09-22T09:12:00,UNEXPECTED_WRITE,MEDIUM,CLOSED,UNKNOWN
ALT-001003,OT-01089,PLT-10,2026-09-28T15:36:00,MALWARE_SIGNAL,HIGH,OPEN,NORMAL
ALT-001004,OT-01701,PLT-16,2026-09-12T14:57:00,AUTH_ANOMALY,LOW,TRIAGED,MAINTENANCE_WINDOW
ALT-001005,OT-00067,PLT-01,2026-09-15T10:26:00,AUTH_ANOMALY,HIGH,TRIAGED,UNKNOWN
ALT-001006,OT-00687,PLT-07,2026-10-02T14:49:00,POLICY_VIOLATION,CRITICAL,TRIAGED,UNKNOWN
ALT-001007,OT-00701,PLT-07,2026-09-05T06:30:00,POLICY_VIOLATION,LOW,OPEN,UNKNOWN
ALT-001008,OT-00771,PLT-08,2026-09-07T20:58:00,NEW_DEVICE,MEDIUM,TRIAGED,NORMAL
ALT-001009,OT-01835,PLT-17,2026-09-21T09:37:00,AUTH_ANOMALY,LOW,TRIAGED,UNKNOWN
ALT-001010,OT-00527,PLT-05,2026-09-22T01:59:00,POLICY_VIOLATION,MEDIUM,OPEN,NORMAL
ALT-001011,OT-00347,PLT-04,2026-09-30T04:10:00,CONFIG_DRIFT,MEDIUM,OPEN,UNKNOWN
ALT-001012,OT-00992,PLT-10,2026-09-05T11:43:00,AUTH_ANOMALY,MEDIUM,SUPPRESSED,MAINTENANCE_WINDOW
ALT-001013,OT-01412,PLT-13,2026-09-07T12:47:00,MALWARE_SIGNAL,MEDIUM,CLOSED,UNKNOWN
ALT-001014,OT-01434,PLT-14,2026-09-24T00:39:00,AUTH_ANOMALY,LOW,SUPPRESSED,UNKNOWN
ALT-001015,OT-01378,PLT-13,2026-09-26T20:47:00,UNEXPECTED_WRITE,MEDIUM,CLOSED,NORMAL
ALT-001016,OT-01629,PLT-15,2026-09-03T11:35:00,AUTH_ANOMALY,LOW,TRIAGED,UNKNOWN
ALT-001017,OT-01153,PLT-11,2026-09-03T12:17:00,MALWARE_SIGNAL,MEDIUM,CLOSED,UNKNOWN
ALT-001018,OT-01377,PLT-13,2026-09-23T00:15:00,PROTOCOL_ANOMALY,LOW,SUPPRESSED,UNKNOWN
ALT-001019,OT-00084,PLT-01,2026-09-20T09:22:00,NEW_DEVICE,MEDIUM,CLOSED,UNKNOWN
ALT-001020,OT-01610,PLT-15,2026-09-30T17:49:00,CONFIG_DRIFT,MEDIUM,CLOSED,DEGRADED
ALT-001021,OT-01001,PLT-10,2026-09-30T17:17:00,POLICY_VIOLATION,HIGH,CLOSED,MAINTENANCE_WINDOW
ALT-001022,OT-00849,PLT-08,2026-09-02T19:05:00,AUTH_ANOMALY,LOW,CLOSED,UNKNOWN
ALT-001023,OT-01917,PLT-18,2026-10-02T07:05:00,CONFIG_DRIFT,HIGH,TRIAGED,MAINTENANCE_WINDOW
ALT-001024,OT-00797,PLT-08,2026-09-17T15:57:00,NEW_DEVICE,MEDIUM,SUPPRESSED,UNKNOWN
ALT-001025,OT-01647,PLT-15,2026-09-18T20:19:00,PROTOCOL_ANOMALY,MEDIUM,SUPPRESSED,UNKNOWN
ALT-001026,OT-01387,PLT-13,2026-09-04T08:40:00,PROTOCOL_ANOMALY,CRITICAL,OPEN,MAINTENANCE_WINDOW
ALT-001027,OT-01797,PLT-17,2026-09-05T17:30:00,CONFIG_DRIFT,MEDIUM,CLOSED,UNKNOWN
ALT-001028,OT-00204,PLT-02,2026-09-05T18:07:00,UNEXPECTED_WRITE,LOW,SUPPRESSED,UNKNOWN
ALT-001029,OT-01723,PLT-16,2026-09-10T01:14:00,UNEXPECTED_WRITE,LOW,SUPPRESSED,UNKNOWN
ALT-001030,OT-00064,PLT-01,2026-09-13T11:17:00,AUTH_ANOMALY,MEDIUM,TRIAGED,NORMAL
ALT-001031,OT-01453,PLT-14,2026-09-20T10:19:00,POLICY_VIOLATION,LOW,SUPPRESSED,NORMAL
ALT-001032,OT-01879,PLT-17,2026-09-20T05:01:00,UNEXPECTED_WRITE,LOW,TRIAGED,UNKNOWN
ALT-001033,OT-01262,PLT-12,2026-09-15T06:20:00,NEW_DEVICE,HIGH,CLOSED,MAINTENANCE_WINDOW
ALT-001034,OT-01168,PLT-11,2026-09-23T16:41:00,UNEXPECTED_WRITE,MEDIUM,CLOSED,DEGRADED
ALT-001035,OT-00286,PLT-03,2026-09-16T12:00:00,PROTOCOL_ANOMALY,MEDIUM,SUPPRESSED,UNKNOWN
ALT-001036,OT-00427,PLT-04,2026-09-17T23:38:00,AUTH_ANOMALY,HIGH,TRIAGED,UNKNOWN
ALT-001037,OT-01404,PLT-13,2026-09-15T20:58:00,NEW_DEVICE,LOW,TRIAGED,MAINTENANCE_WINDOW
ALT-001038,OT-00730,PLT-07,2026-09-01T07:22:00,CONFIG_DRIFT,MEDIUM,TRIAGED,MAINTENANCE_WINDOW
ALT-001039,OT-00286,PLT-03,2026-09-13T01:59:00,UNEXPECTED_WRITE,MEDIUM,OPEN,NORMAL
ALT-001040,OT-00897,PLT-09,2026-09-14T03:58:00,POLICY_VIOLATION,MEDIUM,TRIAGED,UNKNOWN
ALT-001041,OT-00376,PLT-04,2026-09-12T08:30:00,UNEXPECTED_WRITE,HIGH,OPEN,MAINTENANCE_WINDOW
ALT-001042,OT-01066,PLT-10,2026-09-27T05:24:00,AUTH_ANOMALY,MEDIUM,CLOSED,UNKNOWN
ALT-001043,OT-00126,PLT-02,2026-09-17T17:10:00,POLICY_VIOLATION,MEDIUM,TRIAGED,NORMAL
ALT-001044,OT-00052,PLT-01,2026-09-15T13:27:00,UNEXPECTED_WRITE,MEDIUM,CLOSED,MAINTENANCE_WINDOW
ALT-001045,OT-01110,PLT-11,2026-09-20T09:50:00,MALWARE_SIGNAL,MEDIUM,SUPPRESSED,UNKNOWN
ALT-001046,OT-01178,PLT-11,2026-09-01T09:30:00,POLICY_VIOLATION,HIGH,OPEN,UNKNOWN
ALT-001047,OT-00618,PLT-06,2026-09-01T15:50:00,CONFIG_DRIFT,MEDIUM,CLOSED,UNKNOWN
ALT-001048,OT-01624,PLT-15,2026-09-21T05:14:00,UNEXPECTED_WRITE,LOW,OPEN,UNKNOWN
ALT-001049,OT-00383,PLT-04,2026-10-02T03:33:00,CONFIG_DRIFT,LOW,CLOSED,MAINTENANCE_WINDOW
ALT-001050,OT-01202,PLT-11,2026-09-19T01:45:00,CONFIG_DRIFT,HIGH,OPEN,UNKNOWN
ALT-001051,OT-00679,PLT-07,2026-09-20T08:53:00,POLICY_VIOLATION,HIGH,OPEN,UNKNOWN
ALT-001052,OT-00647,PLT-07,2026-10-01T23:16:00,MALWARE_SIGNAL,LOW,SUPPRESSED,DEGRADED
ALT-001053,OT-00076,PLT-01,2026-09-10T08:16:00,CONFIG_DRIFT,MEDIUM,SUPPRESSED,UNKNOWN
ALT-001054,OT-01906,PLT-18,2026-09-11T15:54:00,POLICY_VIOLATION,HIGH,OPEN,UNKNOWN
ALT-001055,OT-00462,PLT-05,2026-10-04T01:52:00,MALWARE_SIGNAL,LOW,CLOSED,UNKNOWN
ALT-001056,OT-01915,PLT-18,2026-09-11T13:50:00,POLICY_VIOLATION,HIGH,TRIAGED,NORMAL
ALT-001057,OT-01661,PLT-15,2026-09-18T02:40:00,MALWARE_SIGNAL,CRITICAL,TRIAGED,UNKNOWN
ALT-001058,OT-01546,PLT-14,2026-09-01T15:52:00,AUTH_ANOMALY,HIGH,TRIAGED,NORMAL
ALT-001059,OT-00078,PLT-01,2026-09-10T03:20:00,POLICY_VIOLATION,LOW,SUPPRESSED,UNKNOWN
ALT-001060,OT-00302,PLT-03,2026-09-24T04:19:00,UNEXPECTED_WRITE,MEDIUM,SUPPRESSED,NORMAL
ALT-001061,OT-01668,PLT-16,2026-09-03T18:53:00,AUTH_ANOMALY,MEDIUM,OPEN,DEGRADED
ALT-001062,OT-00260,PLT-03,2026-09-14T16:50:00,NEW_DEVICE,MEDIUM,SUPPRESSED,UNKNOWN
ALT-001063,OT-01087,PLT-10,2026-09-12T20:21:00,POLICY_VIOLATION,MEDIUM,SUPPRESSED,UNKNOWN
ALT-001064,OT-01120,PLT-11,2026-09-17T14:01:00,UNEXPECTED_WRITE,LOW,CLOSED,NORMAL
ALT-001065,OT-00262,PLT-03,2026-10-01T06:41:00,CONFIG_DRIFT,LOW,TRIAGED,UNKNOWN
ALT-001066,OT-01529,PLT-14,2026-09-04T10:21:00,POLICY_VIOLATION,CRITICAL,TRIAGED,NORMAL
ALT-001067,OT-00311,PLT-03,2026-09-29T22:37:00,AUTH_ANOMALY,LOW,SUPPRESSED,NORMAL
ALT-001068,OT-01297,PLT-12,2026-09-12T18:38:00,UNEXPECTED_WRITE,MEDIUM,TRIAGED,DEGRADED
ALT-001069,OT-01417,PLT-13,2026-09-04T18:24:00,AUTH_ANOMALY,MEDIUM,OPEN,NORMAL
ALT-001070,OT-01957,PLT-18,2026-10-02T02:28:00,MALWARE_SIGNAL,MEDIUM,OPEN,UNKNOWN
ALT-001071,OT-01759,PLT-16,2026-10-02T09:59:00,PROTOCOL_ANOMALY,LOW,CLOSED,UNKNOWN
ALT-001072,OT-00299,PLT-03,2026-09-05T02:23:00,POLICY_VIOLATION,HIGH,TRIAGED,UNKNOWN
ALT-001073,OT-00336,PLT-04,2026-10-05T08:18:00,PROTOCOL_ANOMALY,MEDIUM,CLOSED,NORMAL
ALT-001074,OT-00975,PLT-09,2026-09-15T05:30:00,NEW_DEVICE,MEDIUM,SUPPRESSED,UNKNOWN
ALT-001075,OT-00409,PLT-04,2026-09-10T01:13:00,POLICY_VIOLATION,LOW,CLOSED,MAINTENANCE_WINDOW
ALT-001076,OT-00869,PLT-08,2026-09-16T23:09:00,NEW_DEVICE,MEDIUM,SUPPRESSED,NORMAL
ALT-001077,OT-01435,PLT-14,2026-09-19T17:40:00,UNEXPECTED_WRITE,HIGH,OPEN,DEGRADED
ALT-001078,OT-01867,PLT-17,2026-09-02T11:06:00,NEW_DEVICE,MEDIUM,OPEN,UNKNOWN
ALT-001079,OT-01513,PLT-14,2026-09-04T01:30:00,POLICY_VIOLATION,CRITICAL,TRIAGED,UNKNOWN
ALT-001080,OT-00462,PLT-05,2026-09-12T20:08:00,AUTH_ANOMALY,MEDIUM,SUPPRESSED,MAINTENANCE_WINDOW
ALT-001081,OT-00767,PLT-08,2026-09-04T04:34:00,AUTH_ANOMALY,MEDIUM,TRIAGED,UNKNOWN
ALT-001082,OT-01663,PLT-15,2026-10-02T13:41:00,MALWARE_SIGNAL,MEDIUM,SUPPRESSED,UNKNOWN
ALT-001083,OT-01988,PLT-18,2026-09-10T06:31:00,NEW_DEVICE,MEDIUM,CLOSED,UNKNOWN
ALT-001084,OT-01179,PLT-11,2026-09-05T08:28:00,CONFIG_DRIFT,MEDIUM,SUPPRESSED,UNKNOWN
ALT-001085,OT-00627,PLT-06,2026-09-15T10:46:00,MALWARE_SIGNAL,MEDIUM,TRIAGED,UNKNOWN
ALT-001086,OT-01726,PLT-16,2026-09-18T04:16:00,MALWARE_SIGNAL,MEDIUM,SUPPRESSED,NORMAL
ALT-001087,OT-00965,PLT-09,2026-09-14T16:25:00,AUTH_ANOMALY,LOW,TRIAGED,UNKNOWN
ALT-001088,OT-00123,PLT-02,2026-10-02T11:05:00,CONFIG_DRIFT,MEDIUM,CLOSED,DEGRADED
ALT-001089,OT-00442,PLT-05,2026-09-01T09:45:00,UNEXPECTED_WRITE,HIGH,SUPPRESSED,MAINTENANCE_WINDOW
ALT-001090,OT-00063,PLT-01,2026-09-08T12:51:00,MALWARE_SIGNAL,HIGH,TRIAGED,NORMAL
ALT-001091,OT-01619,PLT-15,2026-09-12T21:23:00,NEW_DEVICE,MEDIUM,OPEN,UNKNOWN
ALT-001092,OT-01459,PLT-14,2026-09-11T03:34:00,PROTOCOL_ANOMALY,MEDIUM,CLOSED,NORMAL
ALT-001093,OT-00885,PLT-09,2026-09-06T15:13:00,POLICY_VIOLATION,CRITICAL,OPEN,UNKNOWN
ALT-001094,OT-00979,PLT-09,2026-10-04T09:53:00,POLICY_VIOLATION,MEDIUM,OPEN,UNKNOWN
ALT-001095,OT-01853,PLT-17,2026-09-27T14:17:00,UNEXPECTED_WRITE,MEDIUM,CLOSED,DEGRADED
ALT-001096,OT-01026,PLT-10,2026-09-22T04:13:00,PROTOCOL_ANOMALY,HIGH,CLOSED,MAINTENANCE_WINDOW
ALT-001097,OT-00156,PLT-02,2026-09-14T01:34:00,AUTH_ANOMALY,LOW,TRIAGED,UNKNOWN
ALT-001098,OT-01286,PLT-12,2026-09-10T10:55:00,POLICY_VIOLATION,LOW,OPEN,NORMAL
ALT-001099,OT-00920,PLT-09,2026-09-17T13:37:00,PROTOCOL_ANOMALY,MEDIUM,CLOSED,UNKNOWN
ALT-001100,OT-01352,PLT-13,2026-09-21T02:04:00,NEW_DEVICE,MEDIUM,TRIAGED,MAINTENANCE_WINDOW
ALT-001101,OT-00252,PLT-03,2026-09-24T11:04:00,PROTOCOL_ANOMALY,MEDIUM,OPEN,UNKNOWN
ALT-001102,OT-01111,PLT-11,2026-09-27T00:25:00,UNEXPECTED_WRITE,MEDIUM,SUPPRESSED,UNKNOWN
ALT-001103,OT-01688,PLT-16,2026-09-19T12:46:00,AUTH_ANOMALY,LOW,SUPPRESSED,MAINTENANCE_WINDOW
ALT-001104,OT-01143,PLT-11,2026-10-05T10:12:00,POLICY_VIOLATION,CRITICAL,TRIAGED,MAINTENANCE_WINDOW
ALT-001105,OT-00115,PLT-02,2026-09-08T19:35:00,POLICY_VIOLATION,HIGH,TRIAGED,NORMAL
ALT-001106,OT-01269,PLT-12,2026-09-06T14:02:00,CONFIG_DRIFT,HIGH,CLOSED,UNKNOWN
ALT-001107,OT-01386,PLT-13,2026-09-26T05:56:00,NEW_DEVICE,HIGH,TRIAGED,UNKNOWN
ALT-001108,OT-01582,PLT-15,2026-09-07T11:04:00,NEW_DEVICE,LOW,CLOSED,UNKNOWN
ALT-001109,OT-00666,PLT-07,2026-09-07T02:33:00,POLICY_VIOLATION,LOW,SUPPRESSED,UNKNOWN
ALT-001110,OT-01524,PLT-14,2026-09-09T02:32:00,CONFIG_DRIFT,HIGH,CLOSED,UNKNOWN
ALT-001111,OT-01170,PLT-11,2026-09-12T11:23:00,AUTH_ANOMALY,HIGH,OPEN,UNKNOWN
ALT-001112,OT-01245,PLT-12,2026-09-21T11:42:00,PROTOCOL_ANOMALY,MEDIUM,CLOSED,UNKNOWN
ALT-001113,OT-01366,PLT-13,2026-10-03T17:28:00,POLICY_VIOLATION,MEDIUM,SUPPRESSED,UNKNOWN
ALT-001114,OT-00377,PLT-04,2026-10-02T13:32:00,MALWARE_SIGNAL,HIGH,CLOSED,UNKNOWN
ALT-001115,OT-00141,PLT-02,2026-09-15T21:37:00,AUTH_ANOMALY,HIGH,SUPPRESSED,UNKNOWN
ALT-001116,OT-00964,PLT-09,2026-09-10T03:15:00,UNEXPECTED_WRITE,MEDIUM,OPEN,DEGRADED
ALT-001117,OT-01315,PLT-13,2026-10-05T09:18:00,NEW_DEVICE,LOW,OPEN,UNKNOWN
ALT-001118,OT-00150,PLT-02,2026-09-19T12:34:00,UNEXPECTED_WRITE,LOW,TRIAGED,UNKNOWN
ALT-001119,OT-01741,PLT-16,2026-09-21T17:58:00,UNEXPECTED_WRITE,LOW,CLOSED,NORMAL
ALT-001120,OT-00395,PLT-04,2026-09-11T13:23:00,AUTH_ANOMALY,LOW,OPEN,UNKNOWN
ALT-001121,OT-02015,PLT-18,2026-09-05T00:15:00,UNEXPECTED_WRITE,MEDIUM,CLOSED,DEGRADED
ALT-001122,OT-00094,PLT-01,2026-09-11T17:29:00,AUTH_ANOMALY,HIGH,CLOSED,MAINTENANCE_WINDOW
ALT-001123,OT-00988,PLT-10,2026-10-05T15:11:00,CONFIG_DRIFT,MEDIUM,SUPPRESSED,DEGRADED
ALT-001124,OT-00585,PLT-06,2026-10-05T10:37:00,AUTH_ANOMALY,MEDIUM,CLOSED,UNKNOWN
ALT-001125,OT-01914,PLT-18,2026-09-30T03:56:00,MALWARE_SIGNAL,MEDIUM,TRIAGED,UNKNOWN
ALT-001126,OT-00354,PLT-04,2026-10-04T19:45:00,POLICY_VIOLATION,LOW,TRIAGED,DEGRADED
ALT-001127,OT-00842,PLT-08,2026-09-20T10:02:00,PROTOCOL_ANOMALY,LOW,TRIAGED,UNKNOWN
ALT-001128,OT-00810,PLT-08,2026-10-03T22:21:00,CONFIG_DRIFT,LOW,OPEN,UNKNOWN
ALT-001129,OT-01330,PLT-13,2026-09-10T09:09:00,MALWARE_SIGNAL,MEDIUM,CLOSED,UNKNOWN
ALT-001130,OT-00184,PLT-02,2026-09-22T11:02:00,POLICY_VIOLATION,MEDIUM,CLOSED,UNKNOWN
ALT-001131,OT-01537,PLT-14,2026-09-12T05:45:00,AUTH_ANOMALY,HIGH,SUPPRESSED,NORMAL
ALT-001132,OT-01373,PLT-13,2026-09-10T00:25:00,NEW_DEVICE,MEDIUM,OPEN,NORMAL
ALT-001133,OT-00743,PLT-07,2026-09-23T05:26:00,AUTH_ANOMALY,MEDIUM,SUPPRESSED,MAINTENANCE_WINDOW
ALT-001134,OT-00509,PLT-05,2026-10-02T15:27:00,NEW_DEVICE,MEDIUM,CLOSED,NORMAL
ALT-001135,OT-01851,PLT-17,2026-10-03T03:39:00,NEW_DEVICE,HIGH,CLOSED,UNKNOWN
ALT-001136,OT-00296,PLT-03,2026-09-23T17:06:00,PROTOCOL_ANOMALY,LOW,SUPPRESSED,DEGRADED
ALT-001137,OT-01339,PLT-13,2026-09-12T06:51:00,MALWARE_SIGNAL,HIGH,OPEN,DEGRADED
ALT-001138,OT-00965,PLT-09,2026-09-13T21:02:00,POLICY_VIOLATION,MEDIUM,TRIAGED,NORMAL
ALT-001139,OT-00070,PLT-01,2026-09-16T14:17:00,NEW_DEVICE,LOW,CLOSED,DEGRADED
ALT-001140,OT-00653,PLT-07,2026-09-26T05:43:00,PROTOCOL_ANOMALY,LOW,OPEN,NORMAL
ALT-001141,OT-01282,PLT-12,2026-09-27T09:07:00,MALWARE_SIGNAL,MEDIUM,OPEN,UNKNOWN
ALT-001142,OT-01036,PLT-10,2026-09-26T12:08:00,AUTH_ANOMALY,MEDIUM,CLOSED,UNKNOWN
ALT-001143,OT-00069,PLT-01,2026-09-11T02:31:00,NEW_DEVICE,MEDIUM,CLOSED,UNKNOWN
ALT-001144,OT-01700,PLT-16,2026-09-18T22:55:00,NEW_DEVICE,LOW,OPEN,UNKNOWN
ALT-001145,OT-00941,PLT-09,2026-09-11T13:28:00,NEW_DEVICE,HIGH,SUPPRESSED,UNKNOWN
ALT-001146,OT-01254,PLT-12,2026-10-05T16:50:00,MALWARE_SIGNAL,LOW,TRIAGED,UNKNOWN
ALT-001147,OT-01005,PLT-10,2026-09-17T17:06:00,MALWARE_SIGNAL,HIGH,SUPPRESSED,UNKNOWN
ALT-001148,OT-00560,PLT-06,2026-10-02T20:48:00,CONFIG_DRIFT,LOW,OPEN,UNKNOWN
ALT-001149,OT-00239,PLT-03,2026-10-01T22:42:00,CONFIG_DRIFT,MEDIUM,CLOSED,UNKNOWN
ALT-001150,OT-01741,PLT-16,2026-09-23T19:47:00,PROTOCOL_ANOMALY,LOW,TRIAGED,UNKNOWN
ALT-001151,OT-00638,PLT-07,2026-09-22T21:11:00,MALWARE_SIGNAL,LOW,SUPPRESSED,MAINTENANCE_WINDOW
ALT-001152,OT-01265,PLT-12,2026-09-18T15:30:00,MALWARE_SIGNAL,MEDIUM,SUPPRESSED,UNKNOWN
ALT-001153,OT-01277,PLT-12,2026-09-15T21:25:00,AUTH_ANOMALY,MEDIUM,TRIAGED,UNKNOWN
ALT-001154,OT-01150,PLT-11,2026-09-28T04:34:00,NEW_DEVICE,HIGH,TRIAGED,UNKNOWN
ALT-001155,OT-00806,PLT-08,2026-09-20T22:16:00,NEW_DEVICE,MEDIUM,CLOSED,NORMAL
ALT-001156,OT-00557,PLT-06,2026-09-20T00:36:00,NEW_DEVICE,LOW,SUPPRESSED,UNKNOWN
ALT-001157,OT-01145,PLT-11,2026-09-26T17:27:00,CONFIG_DRIFT,MEDIUM,CLOSED,UNKNOWN
ALT-001158,OT-01842,PLT-17,2026-09-19T15:08:00,MALWARE_SIGNAL,MEDIUM,OPEN,UNKNOWN
ALT-001159,OT-01506,PLT-14,2026-09-09T01:36:00,CONFIG_DRIFT,LOW,SUPPRESSED,UNKNOWN
ALT-001160,OT-00746,PLT-07,2026-09-07T22:27:00,PROTOCOL_ANOMALY,HIGH,SUPPRESSED,UNKNOWN
ALT-001161,OT-00835,PLT-08,2026-09-18T13:23:00,CONFIG_DRIFT,LOW,OPEN,UNKNOWN
ALT-001162,OT-01936,PLT-18,2026-09-08T12:51:00,PROTOCOL_ANOMALY,MEDIUM,CLOSED,DEGRADED
ALT-001163,OT-00452,PLT-05,2026-09-16T08:31:00,UNEXPECTED_WRITE,CRITICAL,OPEN,UNKNOWN
ALT-001164,OT-00713,PLT-07,2026-09-09T19:27:00,MALWARE_SIGNAL,MEDIUM,SUPPRESSED,UNKNOWN
ALT-001165,OT-01014,PLT-10,2026-09-21T12:28:00,UNEXPECTED_WRITE,LOW,SUPPRESSED,DEGRADED
ALT-001166,OT-01811,PLT-17,2026-10-01T10:41:00,MALWARE_SIGNAL,HIGH,CLOSED,UNKNOWN
ALT-001167,OT-01086,PLT-10,2026-09-21T08:33:00,PROTOCOL_ANOMALY,HIGH,CLOSED,UNKNOWN
ALT-001168,OT-00446,PLT-05,2026-09-19T03:27:00,UNEXPECTED_WRITE,CRITICAL,CLOSED,UNKNOWN
ALT-001169,OT-01410,PLT-13,2026-09-29T15:30:00,UNEXPECTED_WRITE,LOW,SUPPRESSED,UNKNOWN
ALT-001170,OT-01705,PLT-16,2026-09-16T11:27:00,UNEXPECTED_WRITE,MEDIUM,CLOSED,MAINTENANCE_WINDOW
ALT-001171,OT-00870,PLT-08,2026-09-16T11:05:00,PROTOCOL_ANOMALY,MEDIUM,TRIAGED,UNKNOWN
ALT-001172,OT-01937,PLT-18,2026-09-14T04:04:00,CONFIG_DRIFT,MEDIUM,CLOSED,UNKNOWN
ALT-001173,OT-01512,PLT-14,2026-09-15T23:04:00,POLICY_VIOLATION,MEDIUM,TRIAGED,UNKNOWN
ALT-001174,OT-01616,PLT-15,2026-09-09T15:16:00,UNEXPECTED_WRITE,MEDIUM,TRIAGED,MAINTENANCE_WINDOW
ALT-001175,OT-01387,PLT-13,2026-09-29T16:29:00,PROTOCOL_ANOMALY,MEDIUM,OPEN,NORMAL
ALT-001176,OT-00419,PLT-04,2026-09-05T06:27:00,MALWARE_SIGNAL,LOW,CLOSED,UNKNOWN
ALT-001177,OT-01026,PLT-10,2026-09-22T11:25:00,UNEXPECTED_WRITE,HIGH,OPEN,UNKNOWN
ALT-001178,OT-00127,PLT-02,2026-09-25T20:35:00,AUTH_ANOMALY,HIGH,OPEN,DEGRADED
ALT-001179,OT-00562,PLT-06,2026-09-27T02:19:00,AUTH_ANOMALY,HIGH,SUPPRESSED,NORMAL
ALT-001180,OT-00970,PLT-09,2026-09-01T00:50:00,POLICY_VIOLATION,LOW,OPEN,UNKNOWN
ALT-001181,OT-01776,PLT-16,2026-10-05T10:26:00,CONFIG_DRIFT,MEDIUM,SUPPRESSED,NORMAL
ALT-001182,OT-00279,PLT-03,2026-09-10T21:04:00,UNEXPECTED_WRITE,LOW,OPEN,DEGRADED
ALT-001183,OT-01500,PLT-14,2026-10-03T08:14:00,MALWARE_SIGNAL,MEDIUM,OPEN,NORMAL
ALT-001184,OT-00384,PLT-04,2026-09-05T01:08:00,MALWARE_SIGNAL,LOW,TRIAGED,DEGRADED
ALT-001185,OT-01561,PLT-15,2026-09-08T23:34:00,PROTOCOL_ANOMALY,MEDIUM,CLOSED,DEGRADED
ALT-001186,OT-01774,PLT-16,2026-09-20T21:34:00,NEW_DEVICE,LOW,TRIAGED,UNKNOWN
ALT-001187,OT-01695,PLT-16,2026-09-30T02:43:00,NEW_DEVICE,HIGH,TRIAGED,UNKNOWN
ALT-001188,OT-00737,PLT-07,2026-09-09T19:28:00,MALWARE_SIGNAL,HIGH,TRIAGED,UNKNOWN
ALT-001189,OT-01037,PLT-10,2026-10-03T19:56:00,CONFIG_DRIFT,MEDIUM,OPEN,UNKNOWN
ALT-001190,OT-00959,PLT-09,2026-09-09T02:02:00,POLICY_VIOLATION,CRITICAL,TRIAGED,UNKNOWN
ALT-001191,OT-00743,PLT-07,2026-09-07T12:00:00,AUTH_ANOMALY,LOW,SUPPRESSED,NORMAL
ALT-001192,OT-00242,PLT-03,2026-09-01T22:14:00,POLICY_VIOLATION,CRITICAL,SUPPRESSED,UNKNOWN
ALT-001193,OT-00692,PLT-07,2026-09-17T02:21:00,UNEXPECTED_WRITE,CRITICAL,SUPPRESSED,NORMAL
ALT-001194,OT-01248,PLT-12,2026-09-15T19:58:00,MALWARE_SIGNAL,LOW,TRIAGED,NORMAL
ALT-001195,OT-00642,PLT-07,2026-09-29T20:09:00,NEW_DEVICE,LOW,OPEN,UNKNOWN
ALT-001196,OT-01607,PLT-15,2026-09-17T17:28:00,POLICY_VIOLATION,HIGH,TRIAGED,NORMAL
ALT-001197,OT-01365,PLT-13,2026-09-17T14:03:00,UNEXPECTED_WRITE,LOW,OPEN,UNKNOWN
ALT-001198,OT-01537,PLT-14,2026-09-12T16:24:00,AUTH_ANOMALY,LOW,CLOSED,UNKNOWN
ALT-001199,OT-00983,PLT-09,2026-09-11T13:30:00,MALWARE_SIGNAL,LOW,SUPPRESSED,UNKNOWN
ALT-001200,OT-01663,PLT-15,2026-09-17T20:03:00,POLICY_VIOLATION,CRITICAL,SUPPRESSED,UNKNOWN
ALT-001201,OT-00358,PLT-04,2026-09-21T10:20:00,PROTOCOL_ANOMALY,HIGH,TRIAGED,DEGRADED
ALT-001202,OT-01201,PLT-11,2026-09-06T23:29:00,MALWARE_SIGNAL,HIGH,SUPPRESSED,DEGRADED
ALT-001203,OT-00393,PLT-04,2026-10-05T07:37:00,PROTOCOL_ANOMALY,HIGH,OPEN,UNKNOWN
ALT-001204,OT-01324,PLT-13,2026-09-03T04:29:00,AUTH_ANOMALY,HIGH,TRIAGED,UNKNOWN
ALT-001205,OT-00015,PLT-01,2026-09-08T08:49:00,AUTH_ANOMALY,MEDIUM,OPEN,UNKNOWN
ALT-001206,OT-01551,PLT-14,2026-09-23T21:43:00,UNEXPECTED_WRITE,CRITICAL,CLOSED,MAINTENANCE_WINDOW
ALT-001207,OT-00713,PLT-07,2026-09-13T20:34:00,MALWARE_SIGNAL,LOW,OPEN,DEGRADED
ALT-001208,OT-00468,PLT-05,2026-09-13T11:14:00,AUTH_ANOMALY,MEDIUM,CLOSED,UNKNOWN
ALT-001209,OT-01265,PLT-12,2026-09-02T08:37:00,CONFIG_DRIFT,MEDIUM,TRIAGED,UNKNOWN
ALT-001210,OT-00289,PLT-03,2026-10-01T00:52:00,UNEXPECTED_WRITE,LOW,CLOSED,UNKNOWN
ALT-001211,OT-00852,PLT-08,2026-10-04T00:03:00,POLICY_VIOLATION,MEDIUM,TRIAGED,UNKNOWN
ALT-001212,OT-01365,PLT-13,2026-10-03T21:56:00,NEW_DEVICE,MEDIUM,TRIAGED,UNKNOWN
ALT-001213,OT-00094,PLT-01,2026-09-09T12:03:00,UNEXPECTED_WRITE,MEDIUM,SUPPRESSED,UNKNOWN
ALT-001214,OT-00556,PLT-06,2026-10-04T01:41:00,CONFIG_DRIFT,MEDIUM,CLOSED,NORMAL
ALT-001215,OT-00729,PLT-07,2026-09-29T08:58:00,POLICY_VIOLATION,MEDIUM,OPEN,NORMAL
ALT-001216,OT-01214,PLT-12,2026-10-04T14:23:00,UNEXPECTED_WRITE,MEDIUM,SUPPRESSED,DEGRADED
ALT-001217,OT-01558,PLT-15,2026-09-22T17:53:00,UNEXPECTED_WRITE,LOW,CLOSED,NORMAL
ALT-001218,OT-00971,PLT-09,2026-10-02T10:11:00,PROTOCOL_ANOMALY,MEDIUM,CLOSED,MAINTENANCE_WINDOW
ALT-001219,OT-01073,PLT-10,2026-09-18T15:03:00,AUTH_ANOMALY,CRITICAL,TRIAGED,UNKNOWN
ALT-001220,OT-00791,PLT-08,2026-09-12T22:17:00,MALWARE_SIGNAL,LOW,SUPPRESSED,UNKNOWN
ALT-001221,OT-01798,PLT-17,2026-09-26T22:36:00,CONFIG_DRIFT,HIGH,TRIAGED,UNKNOWN
ALT-001222,OT-00006,PLT-01,2026-09-02T22:16:00,AUTH_ANOMALY,HIGH,OPEN,UNKNOWN
ALT-001223,OT-01125,PLT-11,2026-10-05T14:22:00,PROTOCOL_ANOMALY,HIGH,TRIAGED,UNKNOWN
ALT-001224,OT-00090,PLT-01,2026-09-29T15:04:00,NEW_DEVICE,MEDIUM,OPEN,NORMAL
ALT-001225,OT-00380,PLT-04,2026-09-16T05:15:00,PROTOCOL_ANOMALY,LOW,CLOSED,UNKNOWN
ALT-001226,OT-00581,PLT-06,2026-09-24T21:15:00,UNEXPECTED_WRITE,HIGH,TRIAGED,UNKNOWN
ALT-001227,OT-00185,PLT-02,2026-09-06T10:34:00,AUTH_ANOMALY,LOW,CLOSED,UNKNOWN
ALT-001228,OT-00478,PLT-05,2026-10-04T00:21:00,POLICY_VIOLATION,HIGH,OPEN,UNKNOWN
ALT-001229,OT-00467,PLT-05,2026-09-07T17:06:00,NEW_DEVICE,HIGH,OPEN,UNKNOWN
ALT-001230,OT-01007,PLT-10,2026-10-04T04:48:00,PROTOCOL_ANOMALY,LOW,TRIAGED,UNKNOWN
ALT-001231,OT-01171,PLT-11,2026-09-13T16:52:00,POLICY_VIOLATION,LOW,CLOSED,UNKNOWN
ALT-001232,OT-01023,PLT-10,2026-10-04T23:07:00,PROTOCOL_ANOMALY,HIGH,OPEN,MAINTENANCE_WINDOW
ALT-001233,OT-00486,PLT-05,2026-09-07T20:54:00,POLICY_VIOLATION,MEDIUM,TRIAGED,MAINTENANCE_WINDOW
ALT-001234,OT-01461,PLT-14,2026-09-20T15:07:00,POLICY_VIOLATION,LOW,SUPPRESSED,UNKNOWN
ALT-001235,OT-00970,PLT-09,2026-09-10T10:29:00,CONFIG_DRIFT,MEDIUM,SUPPRESSED,DEGRADED
ALT-001236,OT-00044,PLT-01,2026-09-30T06:21:00,AUTH_ANOMALY,LOW,CLOSED,UNKNOWN
ALT-001237,OT-00005,PLT-01,2026-09-28T18:01:00,POLICY_VIOLATION,HIGH,TRIAGED,MAINTENANCE_WINDOW
ALT-001238,OT-00482,PLT-05,2026-09-07T22:03:00,POLICY_VIOLATION,LOW,CLOSED,NORMAL
ALT-001239,OT-01666,PLT-15,2026-09-14T20:24:00,MALWARE_SIGNAL,MEDIUM,SUPPRESSED,UNKNOWN
ALT-001240,OT-00018,PLT-01,2026-10-04T23:02:00,NEW_DEVICE,HIGH,SUPPRESSED,UNKNOWN
ALT-001241,OT-01500,PLT-14,2026-09-20T09:20:00,PROTOCOL_ANOMALY,MEDIUM,OPEN,UNKNOWN
ALT-001242,OT-01767,PLT-16,2026-09-08T10:21:00,UNEXPECTED_WRITE,HIGH,CLOSED,NORMAL
ALT-001243,OT-00437,PLT-05,2026-09-11T23:45:00,POLICY_VIOLATION,MEDIUM,CLOSED,DEGRADED
ALT-001244,OT-01810,PLT-17,2026-09-15T21:08:00,PROTOCOL_ANOMALY,MEDIUM,TRIAGED,MAINTENANCE_WINDOW
ALT-001245,OT-00275,PLT-03,2026-09-23T15:31:00,MALWARE_SIGNAL,LOW,SUPPRESSED,MAINTENANCE_WINDOW
ALT-001246,OT-01460,PLT-14,2026-09-03T10:16:00,AUTH_ANOMALY,HIGH,CLOSED,UNKNOWN
ALT-001247,OT-01214,PLT-12,2026-09-18T19:01:00,CONFIG_DRIFT,LOW,TRIAGED,UNKNOWN
ALT-001248,OT-00719,PLT-07,2026-09-22T21:05:00,UNEXPECTED_WRITE,LOW,SUPPRESSED,DEGRADED
ALT-001249,OT-01344,PLT-13,2026-09-28T01:03:00,UNEXPECTED_WRITE,LOW,SUPPRESSED,NORMAL
ALT-001250,OT-00303,PLT-03,2026-09-01T11:41:00,CONFIG_DRIFT,LOW,CLOSED,NORMAL
ALT-001251,OT-00482,PLT-05,2026-09-15T05:17:00,AUTH_ANOMALY,HIGH,TRIAGED,NORMAL
ALT-001252,OT-00902,PLT-09,2026-09-04T21:41:00,CONFIG_DRIFT,HIGH,SUPPRESSED,UNKNOWN
ALT-001253,OT-01951,PLT-18,2026-09-15T18:32:00,PROTOCOL_ANOMALY,CRITICAL,SUPPRESSED,MAINTENANCE_WINDOW
ALT-001254,OT-00867,PLT-08,2026-09-05T22:39:00,NEW_DEVICE,HIGH,SUPPRESSED,MAINTENANCE_WINDOW
ALT-001255,OT-00642,PLT-07,2026-09-14T20:57:00,NEW_DEVICE,MEDIUM,TRIAGED,UNKNOWN
ALT-001256,OT-00103,PLT-01,2026-09-25T17:44:00,POLICY_VIOLATION,LOW,CLOSED,DEGRADED
ALT-001257,OT-01592,PLT-15,2026-09-04T11:16:00,PROTOCOL_ANOMALY,HIGH,SUPPRESSED,DEGRADED
ALT-001258,OT-01119,PLT-11,2026-09-10T22:26:00,MALWARE_SIGNAL,LOW,SUPPRESSED,UNKNOWN
ALT-001259,OT-00163,PLT-02,2026-10-05T03:22:00,NEW_DEVICE,CRITICAL,TRIAGED,NORMAL
ALT-001260,OT-01008,PLT-10,2026-09-03T07:44:00,NEW_DEVICE,CRITICAL,CLOSED,UNKNOWN
ALT-001261,OT-00701,PLT-07,2026-10-02T05:10:00,AUTH_ANOMALY,MEDIUM,OPEN,MAINTENANCE_WINDOW
ALT-001262,OT-01255,PLT-12,2026-09-10T21:20:00,POLICY_VIOLATION,MEDIUM,OPEN,UNKNOWN
ALT-001263,OT-00074,PLT-01,2026-09-05T06:39:00,UNEXPECTED_WRITE,MEDIUM,CLOSED,UNKNOWN
ALT-001264,OT-00649,PLT-07,2026-09-23T01:32:00,CONFIG_DRIFT,LOW,CLOSED,DEGRADED
ALT-001265,OT-00473,PLT-05,2026-09-25T20:57:00,NEW_DEVICE,MEDIUM,TRIAGED,UNKNOWN
ALT-001266,OT-00921,PLT-09,2026-09-14T04:25:00,POLICY_VIOLATION,MEDIUM,TRIAGED,NORMAL
ALT-001267,OT-00150,PLT-02,2026-09-23T09:43:00,MALWARE_SIGNAL,HIGH,OPEN,DEGRADED
ALT-001268,OT-01933,PLT-18,2026-09-23T07:57:00,PROTOCOL_ANOMALY,HIGH,SUPPRESSED,UNKNOWN
ALT-001269,OT-00950,PLT-09,2026-09-11T18:28:00,CONFIG_DRIFT,MEDIUM,CLOSED,NORMAL
ALT-001270,OT-00819,PLT-08,2026-09-03T07:54:00,AUTH_ANOMALY,LOW,OPEN,NORMAL
ALT-001271,OT-00842,PLT-08,2026-09-10T22:31:00,MALWARE_SIGNAL,LOW,TRIAGED,UNKNOWN
ALT-001272,OT-00461,PLT-05,2026-10-02T00:39:00,AUTH_ANOMALY,MEDIUM,SUPPRESSED,UNKNOWN
ALT-001273,OT-01368,PLT-13,2026-09-20T09:40:00,POLICY_VIOLATION,MEDIUM,TRIAGED,UNKNOWN
ALT-001274,OT-01794,PLT-17,2026-09-15T19:21:00,CONFIG_DRIFT,LOW,TRIAGED,UNKNOWN
ALT-001275,OT-00058,PLT-01,2026-09-16T16:15:00,UNEXPECTED_WRITE,HIGH,OPEN,UNKNOWN
ALT-001276,OT-01167,PLT-11,2026-10-04T12:58:00,PROTOCOL_ANOMALY,LOW,CLOSED,UNKNOWN
ALT-001277,OT-01273,PLT-12,2026-09-29T02:46:00,UNEXPECTED_WRITE,HIGH,TRIAGED,UNKNOWN
ALT-001278,OT-01347,PLT-13,2026-09-16T02:37:00,POLICY_VIOLATION,MEDIUM,OPEN,UNKNOWN
ALT-001279,OT-01904,PLT-18,2026-09-21T11:21:00,POLICY_VIOLATION,MEDIUM,CLOSED,NORMAL
ALT-001280,OT-00252,PLT-03,2026-09-16T14:38:00,NEW_DEVICE,MEDIUM,CLOSED,MAINTENANCE_WINDOW
ALT-001281,OT-01740,PLT-16,2026-09-12T20:22:00,POLICY_VIOLATION,MEDIUM,SUPPRESSED,DEGRADED
ALT-001282,OT-00438,PLT-05,2026-09-25T13:48:00,MALWARE_SIGNAL,MEDIUM,OPEN,UNKNOWN
ALT-001283,OT-01715,PLT-16,2026-09-11T15:50:00,UNEXPECTED_WRITE,LOW,CLOSED,MAINTENANCE_WINDOW
ALT-001284,OT-00043,PLT-01,2026-10-03T21:29:00,MALWARE_SIGNAL,LOW,SUPPRESSED,MAINTENANCE_WINDOW
ALT-001285,OT-00403,PLT-04,2026-09-25T02:55:00,CONFIG_DRIFT,LOW,OPEN,UNKNOWN
ALT-001286,OT-00549,PLT-06,2026-09-29T00:03:00,CONFIG_DRIFT,HIGH,CLOSED,UNKNOWN
ALT-001287,OT-01012,PLT-10,2026-09-27T20:15:00,PROTOCOL_ANOMALY,MEDIUM,OPEN,UNKNOWN
ALT-001288,OT-01233,PLT-12,2026-09-04T22:19:00,CONFIG_DRIFT,LOW,OPEN,UNKNOWN
ALT-001289,OT-01819,PLT-17,2026-10-01T12:33:00,AUTH_ANOMALY,LOW,OPEN,UNKNOWN
ALT-001290,OT-00675,PLT-07,2026-09-22T10:18:00,CONFIG_DRIFT,MEDIUM,CLOSED,MAINTENANCE_WINDOW
ALT-001291,OT-02014,PLT-18,2026-09-05T10:12:00,NEW_DEVICE,LOW,SUPPRESSED,DEGRADED
ALT-001292,OT-00733,PLT-07,2026-10-04T12:48:00,AUTH_ANOMALY,HIGH,TRIAGED,NORMAL
ALT-001293,OT-00265,PLT-03,2026-09-08T19:23:00,POLICY_VIOLATION,MEDIUM,OPEN,MAINTENANCE_WINDOW
ALT-001294,OT-00157,PLT-02,2026-09-20T18:32:00,POLICY_VIOLATION,MEDIUM,TRIAGED,UNKNOWN
ALT-001295,OT-01756,PLT-16,2026-09-28T16:37:00,AUTH_ANOMALY,LOW,OPEN,NORMAL
ALT-001296,OT-01096,PLT-10,2026-10-01T07:01:00,PROTOCOL_ANOMALY,MEDIUM,TRIAGED,UNKNOWN
ALT-001297,OT-01684,PLT-16,2026-09-17T11:52:00,MALWARE_SIGNAL,LOW,SUPPRESSED,MAINTENANCE_WINDOW
ALT-001298,OT-01253,PLT-12,2026-09-11T06:46:00,MALWARE_SIGNAL,LOW,SUPPRESSED,UNKNOWN
ALT-001299,OT-00917,PLT-09,2026-09-10T07:54:00,MALWARE_SIGNAL,MEDIUM,OPEN,UNKNOWN
ALT-001300,OT-01473,PLT-14,2026-09-07T02:20:00,AUTH_ANOMALY,HIGH,CLOSED,NORMAL
ALT-001301,OT-01720,PLT-16,2026-09-26T23:35:00,CONFIG_DRIFT,HIGH,TRIAGED,UNKNOWN
ALT-001302,OT-00804,PLT-08,2026-09-03T03:15:00,AUTH_ANOMALY,MEDIUM,TRIAGED,UNKNOWN
ALT-001303,OT-01403,PLT-13,2026-09-04T10:56:00,AUTH_ANOMALY,MEDIUM,TRIAGED,UNKNOWN
ALT-001304,OT-00232,PLT-03,2026-09-05T14:38:00,MALWARE_SIGNAL,HIGH,CLOSED,UNKNOWN
ALT-001305,OT-01059,PLT-10,2026-10-01T15:07:00,PROTOCOL_ANOMALY,HIGH,OPEN,UNKNOWN
ALT-001306,OT-01630,PLT-15,2026-09-04T14:02:00,CONFIG_DRIFT,HIGH,TRIAGED,UNKNOWN
ALT-001307,OT-01247,PLT-12,2026-09-03T12:55:00,CONFIG_DRIFT,CRITICAL,TRIAGED,UNKNOWN
ALT-001308,OT-01259,PLT-12,2026-09-10T14:56:00,UNEXPECTED_WRITE,HIGH,TRIAGED,MAINTENANCE_WINDOW
ALT-001309,OT-01418,PLT-13,2026-09-08T01:09:00,MALWARE_SIGNAL,MEDIUM,SUPPRESSED,UNKNOWN
ALT-001310,OT-01024,PLT-10,2026-09-21T16:47:00,MALWARE_SIGNAL,MEDIUM,OPEN,NORMAL
ALT-001311,OT-00730,PLT-07,2026-09-14T05:41:00,PROTOCOL_ANOMALY,HIGH,OPEN,UNKNOWN
ALT-001312,OT-00101,PLT-01,2026-09-07T13:07:00,NEW_DEVICE,MEDIUM,SUPPRESSED,UNKNOWN
ALT-001313,OT-01204,PLT-11,2026-10-04T14:00:00,AUTH_ANOMALY,HIGH,OPEN,UNKNOWN
ALT-001314,OT-01593,PLT-15,2026-09-13T03:51:00,POLICY_VIOLATION,MEDIUM,OPEN,UNKNOWN
ALT-001315,OT-00833,PLT-08,2026-09-28T07:28:00,CONFIG_DRIFT,LOW,CLOSED,UNKNOWN
ALT-001316,OT-01726,PLT-16,2026-09-15T15:28:00,UNEXPECTED_WRITE,LOW,OPEN,NORMAL
ALT-001317,OT-01263,PLT-12,2026-09-24T11:52:00,UNEXPECTED_WRITE,MEDIUM,CLOSED,UNKNOWN
ALT-001318,OT-01300,PLT-12,2026-09-30T05:20:00,MALWARE_SIGNAL,LOW,TRIAGED,UNKNOWN
ALT-001319,OT-00252,PLT-03,2026-10-02T08:48:00,MALWARE_SIGNAL,LOW,OPEN,DEGRADED
ALT-001320,OT-01564,PLT-15,2026-09-14T16:45:00,CONFIG_DRIFT,MEDIUM,CLOSED,UNKNOWN
ALT-001321,OT-01896,PLT-18,2026-09-04T18:45:00,AUTH_ANOMALY,HIGH,SUPPRESSED,UNKNOWN
ALT-001322,OT-00091,PLT-01,2026-09-24T02:59:00,AUTH_ANOMALY,MEDIUM,TRIAGED,UNKNOWN
ALT-001323,OT-00746,PLT-07,2026-09-20T08:07:00,MALWARE_SIGNAL,LOW,CLOSED,UNKNOWN
ALT-001324,OT-00720,PLT-07,2026-09-08T19:01:00,NEW_DEVICE,MEDIUM,CLOSED,NORMAL
ALT-001325,OT-01578,PLT-15,2026-09-05T15:01:00,MALWARE_SIGNAL,MEDIUM,SUPPRESSED,DEGRADED
ALT-001326,OT-01796,PLT-17,2026-09-29T16:17:00,MALWARE_SIGNAL,CRITICAL,OPEN,MAINTENANCE_WINDOW
ALT-001327,OT-01013,PLT-10,2026-09-03T00:24:00,CONFIG_DRIFT,LOW,OPEN,UNKNOWN
ALT-001328,OT-01164,PLT-11,2026-09-10T06:58:00,POLICY_VIOLATION,MEDIUM,CLOSED,UNKNOWN
ALT-001329,OT-00176,PLT-02,2026-09-22T10:15:00,UNEXPECTED_WRITE,HIGH,SUPPRESSED,UNKNOWN
ALT-001330,OT-00237,PLT-03,2026-09-06T11:43:00,PROTOCOL_ANOMALY,LOW,OPEN,UNKNOWN
ALT-001331,OT-01892,PLT-17,2026-09-18T13:00:00,MALWARE_SIGNAL,CRITICAL,SUPPRESSED,UNKNOWN
ALT-001332,OT-01900,PLT-18,2026-09-07T22:29:00,CONFIG_DRIFT,CRITICAL,OPEN,UNKNOWN
ALT-001333,OT-01501,PLT-14,2026-09-26T16:03:00,PROTOCOL_ANOMALY,MEDIUM,SUPPRESSED,UNKNOWN
ALT-001334,OT-01124,PLT-11,2026-09-04T09:06:00,UNEXPECTED_WRITE,HIGH,CLOSED,UNKNOWN
ALT-001335,OT-01281,PLT-12,2026-09-21T02:30:00,AUTH_ANOMALY,CRITICAL,SUPPRESSED,UNKNOWN
ALT-001336,OT-01948,PLT-18,2026-09-02T03:13:00,PROTOCOL_ANOMALY,HIGH,TRIAGED,MAINTENANCE_WINDOW
ALT-001337,OT-00470,PLT-05,2026-09-27T16:44:00,UNEXPECTED_WRITE,LOW,SUPPRESSED,NORMAL
ALT-001338,OT-01061,PLT-10,2026-09-17T02:53:00,POLICY_VIOLATION,LOW,CLOSED,UNKNOWN
ALT-001339,OT-00221,PLT-03,2026-09-09T18:53:00,NEW_DEVICE,MEDIUM,CLOSED,UNKNOWN
ALT-001340,OT-01128,PLT-11,2026-09-02T18:52:00,MALWARE_SIGNAL,HIGH,SUPPRESSED,UNKNOWN
ALT-001341,OT-01287,PLT-12,2026-09-23T22:32:00,PROTOCOL_ANOMALY,MEDIUM,SUPPRESSED,UNKNOWN
ALT-001342,OT-01902,PLT-18,2026-09-15T01:34:00,UNEXPECTED_WRITE,HIGH,SUPPRESSED,UNKNOWN
ALT-001343,OT-01576,PLT-15,2026-09-17T09:09:00,POLICY_VIOLATION,MEDIUM,CLOSED,NORMAL
ALT-001344,OT-00733,PLT-07,2026-10-05T00:00:00,UNEXPECTED_WRITE,MEDIUM,OPEN,UNKNOWN
ALT-001345,OT-00220,PLT-03,2026-09-11T01:27:00,CONFIG_DRIFT,CRITICAL,OPEN,NORMAL
ALT-001346,OT-01412,PLT-13,2026-09-14T19:04:00,PROTOCOL_ANOMALY,MEDIUM,TRIAGED,UNKNOWN
ALT-001347,OT-00987,PLT-10,2026-09-14T15:01:00,CONFIG_DRIFT,LOW,CLOSED,UNKNOWN
ALT-001348,OT-00783,PLT-08,2026-09-23T22:36:00,AUTH_ANOMALY,LOW,SUPPRESSED,UNKNOWN
ALT-001349,OT-01805,PLT-17,2026-09-04T20:24:00,POLICY_VIOLATION,MEDIUM,CLOSED,MAINTENANCE_WINDOW
ALT-001350,OT-00911,PLT-09,2026-09-04T22:47:00,MALWARE_SIGNAL,MEDIUM,CLOSED,UNKNOWN
ALT-001351,OT-00870,PLT-08,2026-09-20T11:07:00,CONFIG_DRIFT,MEDIUM,OPEN,NORMAL
ALT-001352,OT-00369,PLT-04,2026-09-17T09:47:00,UNEXPECTED_WRITE,HIGH,TRIAGED,UNKNOWN
ALT-001353,OT-00302,PLT-03,2026-09-15T12:18:00,UNEXPECTED_WRITE,LOW,CLOSED,UNKNOWN
ALT-001354,OT-01803,PLT-17,2026-09-07T05:07:00,CONFIG_DRIFT,MEDIUM,TRIAGED,UNKNOWN
ALT-001355,OT-00723,PLT-07,2026-09-27T21:58:00,POLICY_VIOLATION,MEDIUM,CLOSED,UNKNOWN
ALT-001356,OT-01064,PLT-10,2026-09-27T23:14:00,UNEXPECTED_WRITE,MEDIUM,TRIAGED,UNKNOWN
ALT-001357,OT-00991,PLT-10,2026-09-13T07:46:00,CONFIG_DRIFT,MEDIUM,TRIAGED,NORMAL
ALT-001358,OT-00358,PLT-04,2026-09-29T01:07:00,CONFIG_DRIFT,LOW,OPEN,UNKNOWN
ALT-001359,OT-00901,PLT-09,2026-09-21T11:50:00,CONFIG_DRIFT,CRITICAL,TRIAGED,UNKNOWN
ALT-001360,OT-00282,PLT-03,2026-09-12T01:56:00,CONFIG_DRIFT,LOW,TRIAGED,UNKNOWN
ALT-001361,OT-01714,PLT-16,2026-09-19T16:26:00,MALWARE_SIGNAL,LOW,SUPPRESSED,UNKNOWN
ALT-001362,OT-00725,PLT-07,2026-09-09T02:36:00,CONFIG_DRIFT,HIGH,CLOSED,UNKNOWN
ALT-001363,OT-01215,PLT-12,2026-09-26T13:26:00,POLICY_VIOLATION,LOW,TRIAGED,UNKNOWN
ALT-001364,OT-00277,PLT-03,2026-09-05T06:02:00,UNEXPECTED_WRITE,MEDIUM,SUPPRESSED,UNKNOWN
ALT-001365,OT-01890,PLT-17,2026-09-20T18:22:00,UNEXPECTED_WRITE,HIGH,OPEN,UNKNOWN
ALT-001366,OT-01142,PLT-11,2026-09-26T15:59:00,CONFIG_DRIFT,MEDIUM,TRIAGED,UNKNOWN
ALT-001367,OT-01653,PLT-15,2026-09-06T07:50:00,PROTOCOL_ANOMALY,MEDIUM,CLOSED,NORMAL
ALT-001368,OT-01238,PLT-12,2026-09-23T09:35:00,PROTOCOL_ANOMALY,LOW,OPEN,DEGRADED
ALT-001369,OT-01120,PLT-11,2026-09-18T08:58:00,CONFIG_DRIFT,HIGH,CLOSED,UNKNOWN
ALT-001370,OT-00530,PLT-05,2026-09-22T11:04:00,NEW_DEVICE,MEDIUM,OPEN,MAINTENANCE_WINDOW
ALT-001371,OT-00891,PLT-09,2026-09-09T21:31:00,NEW_DEVICE,HIGH,TRIAGED,UNKNOWN
ALT-001372,OT-01067,PLT-10,2026-09-10T15:30:00,CONFIG_DRIFT,MEDIUM,TRIAGED,UNKNOWN
ALT-001373,OT-01091,PLT-10,2026-09-26T13:44:00,NEW_DEVICE,LOW,CLOSED,NORMAL
ALT-001374,OT-01166,PLT-11,2026-09-01T08:14:00,CONFIG_DRIFT,CRITICAL,SUPPRESSED,UNKNOWN
ALT-001375,OT-00792,PLT-08,2026-09-15T14:11:00,MALWARE_SIGNAL,MEDIUM,TRIAGED,UNKNOWN
ALT-001376,OT-01231,PLT-12,2026-09-19T15:26:00,MALWARE_SIGNAL,MEDIUM,CLOSED,UNKNOWN
ALT-001377,OT-01975,PLT-18,2026-09-30T09:38:00,UNEXPECTED_WRITE,MEDIUM,OPEN,UNKNOWN
ALT-001378,OT-01364,PLT-13,2026-09-04T22:23:00,AUTH_ANOMALY,MEDIUM,TRIAGED,UNKNOWN
ALT-001379,OT-00842,PLT-08,2026-10-04T17:01:00,CONFIG_DRIFT,MEDIUM,CLOSED,UNKNOWN
ALT-001380,OT-00353,PLT-04,2026-09-11T09:34:00,MALWARE_SIGNAL,MEDIUM,TRIAGED,UNKNOWN
ALT-001381,OT-00497,PLT-05,2026-09-16T12:48:00,CONFIG_DRIFT,MEDIUM,SUPPRESSED,UNKNOWN
ALT-001382,OT-01349,PLT-13,2026-10-04T16:30:00,MALWARE_SIGNAL,LOW,SUPPRESSED,UNKNOWN
ALT-001383,OT-01180,PLT-11,2026-09-04T06:26:00,CONFIG_DRIFT,MEDIUM,OPEN,UNKNOWN
ALT-001384,OT-00046,PLT-01,2026-10-02T10:45:00,POLICY_VIOLATION,HIGH,SUPPRESSED,UNKNOWN
ALT-001385,OT-01463,PLT-14,2026-09-04T10:24:00,NEW_DEVICE,MEDIUM,TRIAGED,UNKNOWN
ALT-001386,OT-00197,PLT-02,2026-10-02T03:16:00,NEW_DEVICE,MEDIUM,OPEN,MAINTENANCE_WINDOW
ALT-001387,OT-01995,PLT-18,2026-09-14T21:18:00,UNEXPECTED_WRITE,MEDIUM,OPEN,DEGRADED
ALT-001388,OT-01828,PLT-17,2026-09-16T00:54:00,PROTOCOL_ANOMALY,HIGH,SUPPRESSED,UNKNOWN
ALT-001389,OT-01244,PLT-12,2026-10-02T01:27:00,CONFIG_DRIFT,MEDIUM,CLOSED,MAINTENANCE_WINDOW
ALT-001390,OT-00668,PLT-07,2026-09-16T01:44:00,AUTH_ANOMALY,LOW,TRIAGED,DEGRADED
ALT-001391,OT-01784,PLT-16,2026-09-02T08:02:00,POLICY_VIOLATION,HIGH,OPEN,DEGRADED
ALT-001392,OT-01734,PLT-16,2026-10-02T09:56:00,UNEXPECTED_WRITE,MEDIUM,SUPPRESSED,UNKNOWN
ALT-001393,OT-01606,PLT-15,2026-09-29T06:28:00,AUTH_ANOMALY,MEDIUM,TRIAGED,UNKNOWN
ALT-001394,OT-01140,PLT-11,2026-09-23T09:03:00,CONFIG_DRIFT,LOW,SUPPRESSED,NORMAL
ALT-001395,OT-01239,PLT-12,2026-09-18T11:54:00,PROTOCOL_ANOMALY,LOW,SUPPRESSED,UNKNOWN
ALT-001396,OT-01028,PLT-10,2026-09-12T20:25:00,MALWARE_SIGNAL,MEDIUM,CLOSED,UNKNOWN
ALT-001397,OT-00492,PLT-05,2026-09-10T21:48:00,UNEXPECTED_WRITE,LOW,OPEN,UNKNOWN
ALT-001398,OT-00515,PLT-05,2026-09-30T04:17:00,AUTH_ANOMALY,HIGH,SUPPRESSED,UNKNOWN
ALT-001399,OT-00307,PLT-03,2026-09-17T04:19:00,CONFIG_DRIFT,MEDIUM,SUPPRESSED,UNKNOWN
ALT-001400,OT-00105,PLT-02,2026-09-30T07:08:00,PROTOCOL_ANOMALY,HIGH,TRIAGED,UNKNOWN
ALT-001401,OT-00592,PLT-06,2026-09-16T18:48:00,UNEXPECTED_WRITE,MEDIUM,OPEN,UNKNOWN
ALT-001402,OT-00375,PLT-04,2026-10-05T20:49:00,UNEXPECTED_WRITE,LOW,CLOSED,UNKNOWN
ALT-001403,OT-01850,PLT-17,2026-09-21T23:52:00,AUTH_ANOMALY,CRITICAL,TRIAGED,UNKNOWN
ALT-001404,OT-02009,PLT-18,2026-09-27T22:16:00,UNEXPECTED_WRITE,MEDIUM,OPEN,UNKNOWN
ALT-001405,OT-01095,PLT-10,2026-10-04T09:57:00,UNEXPECTED_WRITE,MEDIUM,SUPPRESSED,UNKNOWN
ALT-001406,OT-01089,PLT-10,2026-09-25T02:13:00,UNEXPECTED_WRITE,HIGH,OPEN,UNKNOWN
ALT-001407,OT-00114,PLT-02,2026-09-07T03:27:00,AUTH_ANOMALY,HIGH,OPEN,UNKNOWN
ALT-001408,OT-00438,PLT-05,2026-09-08T10:02:00,AUTH_ANOMALY,CRITICAL,TRIAGED,UNKNOWN
ALT-001409,OT-01988,PLT-18,2026-09-27T23:55:00,NEW_DEVICE,HIGH,CLOSED,UNKNOWN
ALT-001410,OT-01563,PLT-15,2026-09-23T13:27:00,MALWARE_SIGNAL,MEDIUM,OPEN,UNKNOWN
ALT-001411,OT-01347,PLT-13,2026-09-09T19:32:00,NEW_DEVICE,LOW,CLOSED,UNKNOWN
ALT-001412,OT-00485,PLT-05,2026-09-09T02:20:00,NEW_DEVICE,LOW,TRIAGED,NORMAL
ALT-001413,OT-01550,PLT-14,2026-09-22T03:57:00,MALWARE_SIGNAL,MEDIUM,CLOSED,DEGRADED
ALT-001414,OT-00748,PLT-07,2026-09-02T07:19:00,POLICY_VIOLATION,LOW,OPEN,DEGRADED
ALT-001415,OT-00113,PLT-02,2026-09-16T21:53:00,PROTOCOL_ANOMALY,LOW,CLOSED,MAINTENANCE_WINDOW
ALT-001416,OT-01119,PLT-11,2026-09-22T00:14:00,POLICY_VIOLATION,HIGH,OPEN,NORMAL
ALT-001417,OT-00836,PLT-08,2026-09-08T01:04:00,POLICY_VIOLATION,MEDIUM,TRIAGED,UNKNOWN
ALT-001418,OT-00361,PLT-04,2026-09-18T06:15:00,PROTOCOL_ANOMALY,CRITICAL,TRIAGED,UNKNOWN
ALT-001419,OT-00121,PLT-02,2026-09-11T15:42:00,POLICY_VIOLATION,HIGH,OPEN,UNKNOWN
ALT-001420,OT-01477,PLT-14,2026-09-14T23:56:00,UNEXPECTED_WRITE,MEDIUM,OPEN,UNKNOWN
ALT-001421,OT-01141,PLT-11,2026-09-19T01:32:00,NEW_DEVICE,MEDIUM,TRIAGED,UNKNOWN
ALT-001422,OT-01716,PLT-16,2026-09-28T20:23:00,AUTH_ANOMALY,MEDIUM,TRIAGED,DEGRADED
ALT-001423,OT-00970,PLT-09,2026-09-30T09:32:00,MALWARE_SIGNAL,LOW,CLOSED,MAINTENANCE_WINDOW
ALT-001424,OT-00416,PLT-04,2026-09-17T09:29:00,AUTH_ANOMALY,LOW,TRIAGED,UNKNOWN
ALT-001425,OT-00019,PLT-01,2026-09-07T02:03:00,POLICY_VIOLATION,HIGH,OPEN,UNKNOWN
ALT-001426,OT-00307,PLT-03,2026-09-18T22:25:00,AUTH_ANOMALY,LOW,SUPPRESSED,UNKNOWN
ALT-001427,OT-01163,PLT-11,2026-10-05T10:19:00,PROTOCOL_ANOMALY,HIGH,OPEN,MAINTENANCE_WINDOW
ALT-001428,OT-00846,PLT-08,2026-10-04T00:39:00,CONFIG_DRIFT,CRITICAL,OPEN,UNKNOWN
ALT-001429,OT-00418,PLT-04,2026-09-16T18:36:00,MALWARE_SIGNAL,LOW,CLOSED,MAINTENANCE_WINDOW
ALT-001430,OT-01112,PLT-11,2026-09-20T02:02:00,POLICY_VIOLATION,MEDIUM,OPEN,UNKNOWN
ALT-001431,OT-01220,PLT-12,2026-09-22T18:49:00,CONFIG_DRIFT,HIGH,CLOSED,NORMAL
ALT-001432,OT-01504,PLT-14,2026-09-25T08:29:00,POLICY_VIOLATION,HIGH,TRIAGED,NORMAL
ALT-001433,OT-01775,PLT-16,2026-09-08T11:30:00,CONFIG_DRIFT,LOW,CLOSED,NORMAL
ALT-001434,OT-01077,PLT-10,2026-09-22T00:39:00,MALWARE_SIGNAL,LOW,OPEN,UNKNOWN
ALT-001435,OT-01695,PLT-16,2026-09-10T05:01:00,MALWARE_SIGNAL,HIGH,SUPPRESSED,UNKNOWN
ALT-001436,OT-01677,PLT-16,2026-09-08T11:38:00,PROTOCOL_ANOMALY,MEDIUM,CLOSED,MAINTENANCE_WINDOW
ALT-001437,OT-00756,PLT-08,2026-09-21T13:20:00,MALWARE_SIGNAL,LOW,SUPPRESSED,UNKNOWN
ALT-001438,OT-00495,PLT-05,2026-09-13T02:18:00,AUTH_ANOMALY,LOW,TRIAGED,UNKNOWN
ALT-001439,OT-01602,PLT-15,2026-09-07T11:05:00,UNEXPECTED_WRITE,LOW,CLOSED,UNKNOWN
ALT-001440,OT-00480,PLT-05,2026-09-08T18:15:00,POLICY_VIOLATION,LOW,SUPPRESSED,UNKNOWN
ALT-001441,OT-01310,PLT-13,2026-09-11T10:33:00,AUTH_ANOMALY,MEDIUM,OPEN,DEGRADED
ALT-001442,OT-00452,PLT-05,2026-09-11T18:32:00,AUTH_ANOMALY,MEDIUM,SUPPRESSED,DEGRADED
ALT-001443,OT-01521,PLT-14,2026-09-30T11:42:00,CONFIG_DRIFT,MEDIUM,SUPPRESSED,UNKNOWN
ALT-001444,OT-00639,PLT-07,2026-09-17T17:34:00,MALWARE_SIGNAL,CRITICAL,CLOSED,DEGRADED
ALT-001445,OT-02016,PLT-18,2026-09-27T10:21:00,UNEXPECTED_WRITE,HIGH,TRIAGED,NORMAL
ALT-001446,OT-01669,PLT-16,2026-09-16T02:08:00,POLICY_VIOLATION,LOW,CLOSED,NORMAL
ALT-001447,OT-01347,PLT-13,2026-09-08T18:29:00,MALWARE_SIGNAL,HIGH,TRIAGED,UNKNOWN
ALT-001448,OT-01744,PLT-16,2026-09-22T22:24:00,POLICY_VIOLATION,LOW,SUPPRESSED,UNKNOWN
ALT-001449,OT-00241,PLT-03,2026-09-22T21:18:00,UNEXPECTED_WRITE,LOW,SUPPRESSED,UNKNOWN
ALT-001450,OT-00261,PLT-03,2026-10-02T17:57:00,NEW_DEVICE,CRITICAL,SUPPRESSED,UNKNOWN
ALT-001451,OT-01465,PLT-14,2026-09-16T20:16:00,PROTOCOL_ANOMALY,HIGH,OPEN,UNKNOWN
ALT-001452,OT-01218,PLT-12,2026-09-15T02:41:00,UNEXPECTED_WRITE,LOW,CLOSED,UNKNOWN
ALT-001453,OT-01424,PLT-13,2026-09-14T23:12:00,NEW_DEVICE,MEDIUM,TRIAGED,UNKNOWN
ALT-001454,OT-00799,PLT-08,2026-10-05T01:54:00,NEW_DEVICE,HIGH,CLOSED,DEGRADED
ALT-001455,OT-00161,PLT-02,2026-09-20T20:34:00,POLICY_VIOLATION,LOW,TRIAGED,UNKNOWN
ALT-001456,OT-01148,PLT-11,2026-10-02T13:13:00,NEW_DEVICE,MEDIUM,TRIAGED,UNKNOWN
ALT-001457,OT-01926,PLT-18,2026-09-09T06:01:00,NEW_DEVICE,LOW,SUPPRESSED,DEGRADED
ALT-001458,OT-00116,PLT-02,2026-09-06T18:40:00,AUTH_ANOMALY,MEDIUM,TRIAGED,MAINTENANCE_WINDOW
ALT-001459,OT-01721,PLT-16,2026-09-12T07:52:00,CONFIG_DRIFT,MEDIUM,CLOSED,UNKNOWN
ALT-001460,OT-00896,PLT-09,2026-09-30T17:26:00,AUTH_ANOMALY,LOW,OPEN,UNKNOWN
ALT-001461,OT-00688,PLT-07,2026-09-04T04:16:00,CONFIG_DRIFT,MEDIUM,SUPPRESSED,UNKNOWN
ALT-001462,OT-00479,PLT-05,2026-09-27T09:55:00,UNEXPECTED_WRITE,LOW,OPEN,DEGRADED
ALT-001463,OT-01939,PLT-18,2026-09-12T08:44:00,NEW_DEVICE,HIGH,OPEN,UNKNOWN
ALT-001464,OT-00393,PLT-04,2026-09-02T19:35:00,PROTOCOL_ANOMALY,LOW,OPEN,MAINTENANCE_WINDOW
ALT-001465,OT-00331,PLT-04,2026-09-09T23:33:00,UNEXPECTED_WRITE,LOW,CLOSED,UNKNOWN
ALT-001466,OT-00445,PLT-05,2026-09-13T20:13:00,POLICY_VIOLATION,HIGH,CLOSED,UNKNOWN
ALT-001467,OT-01775,PLT-16,2026-09-26T22:51:00,UNEXPECTED_WRITE,LOW,CLOSED,UNKNOWN
ALT-001468,OT-01752,PLT-16,2026-09-29T14:14:00,UNEXPECTED_WRITE,LOW,CLOSED,UNKNOWN
ALT-001469,OT-00464,PLT-05,2026-09-18T21:07:00,MALWARE_SIGNAL,HIGH,OPEN,UNKNOWN
ALT-001470,OT-01278,PLT-12,2026-09-03T04:24:00,MALWARE_SIGNAL,HIGH,SUPPRESSED,UNKNOWN
ALT-001471,OT-01078,PLT-10,2026-09-16T02:05:00,AUTH_ANOMALY,HIGH,OPEN,UNKNOWN
ALT-001472,OT-00688,PLT-07,2026-09-20T23:59:00,CONFIG_DRIFT,MEDIUM,TRIAGED,UNKNOWN
ALT-001473,OT-01280,PLT-12,2026-10-04T16:00:00,AUTH_ANOMALY,MEDIUM,SUPPRESSED,UNKNOWN
ALT-001474,OT-01748,PLT-16,2026-09-15T22:43:00,POLICY_VIOLATION,MEDIUM,OPEN,UNKNOWN
ALT-001475,OT-01539,PLT-14,2026-09-03T03:29:00,AUTH_ANOMALY,MEDIUM,TRIAGED,UNKNOWN
ALT-001476,OT-01839,PLT-17,2026-09-22T06:05:00,AUTH_ANOMALY,HIGH,OPEN,DEGRADED
ALT-001477,OT-01135,PLT-11,2026-09-21T19:07:00,POLICY_VIOLATION,LOW,OPEN,NORMAL
ALT-001478,OT-00958,PLT-09,2026-09-13T09:48:00,UNEXPECTED_WRITE,HIGH,OPEN,UNKNOWN
ALT-001479,OT-01584,PLT-15,2026-09-12T03:55:00,MALWARE_SIGNAL,HIGH,TRIAGED,UNKNOWN
ALT-001480,OT-00407,PLT-04,2026-09-30T09:54:00,UNEXPECTED_WRITE,MEDIUM,CLOSED,NORMAL
ALT-001481,OT-00447,PLT-05,2026-09-20T01:15:00,UNEXPECTED_WRITE,HIGH,CLOSED,DEGRADED
ALT-001482,OT-01695,PLT-16,2026-09-07T09:14:00,CONFIG_DRIFT,MEDIUM,OPEN,UNKNOWN
ALT-001483,OT-01126,PLT-11,2026-09-10T22:02:00,PROTOCOL_ANOMALY,MEDIUM,CLOSED,UNKNOWN
ALT-001484,OT-00430,PLT-04,2026-09-26T06:22:00,AUTH_ANOMALY,MEDIUM,TRIAGED,UNKNOWN
ALT-001485,OT-00938,PLT-09,2026-09-07T22:58:00,NEW_DEVICE,MEDIUM,OPEN,UNKNOWN
ALT-001486,OT-01311,PLT-13,2026-10-05T20:51:00,MALWARE_SIGNAL,CRITICAL,CLOSED,MAINTENANCE_WINDOW
ALT-001487,OT-01806,PLT-17,2026-09-07T01:05:00,POLICY_VIOLATION,MEDIUM,SUPPRESSED,UNKNOWN
ALT-001488,OT-00150,PLT-02,2026-09-09T17:19:00,POLICY_VIOLATION,CRITICAL,CLOSED,DEGRADED
ALT-001489,OT-00718,PLT-07,2026-10-03T01:57:00,NEW_DEVICE,MEDIUM,SUPPRESSED,UNKNOWN
ALT-001490,OT-01663,PLT-15,2026-09-13T21:00:00,MALWARE_SIGNAL,MEDIUM,OPEN,UNKNOWN
ALT-001491,OT-00519,PLT-05,2026-09-17T03:49:00,POLICY_VIOLATION,MEDIUM,OPEN,UNKNOWN
ALT-001492,OT-01483,PLT-14,2026-09-16T00:08:00,CONFIG_DRIFT,MEDIUM,SUPPRESSED,UNKNOWN
ALT-001493,OT-01676,PLT-16,2026-09-30T19:36:00,PROTOCOL_ANOMALY,MEDIUM,OPEN,UNKNOWN
ALT-001494,OT-01106,PLT-11,2026-09-07T00:48:00,CONFIG_DRIFT,MEDIUM,TRIAGED,UNKNOWN
ALT-001495,OT-01105,PLT-11,2026-09-15T20:28:00,MALWARE_SIGNAL,HIGH,TRIAGED,UNKNOWN
ALT-001496,OT-00701,PLT-07,2026-09-30T11:15:00,NEW_DEVICE,HIGH,SUPPRESSED,UNKNOWN
ALT-001497,OT-01095,PLT-10,2026-10-03T01:45:00,UNEXPECTED_WRITE,MEDIUM,CLOSED,DEGRADED
ALT-001498,OT-01203,PLT-11,2026-10-03T02:02:00,PROTOCOL_ANOMALY,MEDIUM,OPEN,UNKNOWN
ALT-001499,OT-00477,PLT-05,2026-09-20T17:16:00,POLICY_VIOLATION,LOW,TRIAGED,UNKNOWN
ALT-001500,OT-01216,PLT-12,2026-10-05T01:29:00,POLICY_VIOLATION,MEDIUM,CLOSED,UNKNOWN
ALT-001501,OT-01168,PLT-11,2026-09-17T08:30:00,POLICY_VIOLATION,MEDIUM,CLOSED,MAINTENANCE_WINDOW
ALT-001502,OT-01069,PLT-10,2026-10-01T14:04:00,CONFIG_DRIFT,LOW,OPEN,UNKNOWN
ALT-001503,OT-01454,PLT-14,2026-09-30T22:37:00,UNEXPECTED_WRITE,LOW,CLOSED,UNKNOWN
ALT-001504,OT-00232,PLT-03,2026-09-12T17:39:00,MALWARE_SIGNAL,HIGH,CLOSED,UNKNOWN
ALT-001505,OT-01697,PLT-16,2026-09-05T17:28:00,PROTOCOL_ANOMALY,LOW,TRIAGED,DEGRADED
ALT-001506,OT-01436,PLT-14,2026-09-25T13:07:00,NEW_DEVICE,MEDIUM,OPEN,UNKNOWN
ALT-001507,OT-01198,PLT-11,2026-09-18T12:19:00,AUTH_ANOMALY,MEDIUM,OPEN,UNKNOWN
ALT-001508,OT-01869,PLT-17,2026-09-25T08:49:00,NEW_DEVICE,HIGH,SUPPRESSED,UNKNOWN
ALT-001509,OT-00184,PLT-02,2026-09-12T00:55:00,NEW_DEVICE,MEDIUM,SUPPRESSED,UNKNOWN
ALT-001510,OT-00859,PLT-08,2026-09-05T17:46:00,POLICY_VIOLATION,MEDIUM,SUPPRESSED,UNKNOWN
ALT-001511,OT-01388,PLT-13,2026-09-08T23:57:00,PROTOCOL_ANOMALY,HIGH,CLOSED,UNKNOWN
ALT-001512,OT-00282,PLT-03,2026-09-28T19:16:00,MALWARE_SIGNAL,MEDIUM,TRIAGED,UNKNOWN
ALT-001513,OT-00238,PLT-03,2026-10-03T20:54:00,UNEXPECTED_WRITE,LOW,TRIAGED,NORMAL
ALT-001514,OT-01113,PLT-11,2026-09-24T23:46:00,PROTOCOL_ANOMALY,HIGH,OPEN,UNKNOWN
ALT-001515,OT-01589,PLT-15,2026-09-17T02:47:00,POLICY_VIOLATION,CRITICAL,TRIAGED,UNKNOWN
ALT-001516,OT-01991,PLT-18,2026-09-28T09:21:00,CONFIG_DRIFT,MEDIUM,OPEN,UNKNOWN
ALT-001517,OT-00362,PLT-04,2026-09-15T22:16:00,AUTH_ANOMALY,MEDIUM,CLOSED,UNKNOWN
ALT-001518,OT-01176,PLT-11,2026-09-11T19:58:00,MALWARE_SIGNAL,LOW,SUPPRESSED,UNKNOWN
ALT-001519,OT-01982,PLT-18,2026-09-25T06:12:00,AUTH_ANOMALY,LOW,SUPPRESSED,DEGRADED
ALT-001520,OT-00824,PLT-08,2026-09-07T10:53:00,PROTOCOL_ANOMALY,MEDIUM,SUPPRESSED,MAINTENANCE_WINDOW
ALT-001521,OT-00505,PLT-05,2026-09-07T16:02:00,AUTH_ANOMALY,MEDIUM,TRIAGED,UNKNOWN
ALT-001522,OT-00751,PLT-07,2026-09-06T16:57:00,POLICY_VIOLATION,MEDIUM,OPEN,UNKNOWN
ALT-001523,OT-00868,PLT-08,2026-09-04T14:05:00,UNEXPECTED_WRITE,LOW,OPEN,MAINTENANCE_WINDOW
ALT-001524,OT-00970,PLT-09,2026-09-14T09:45:00,AUTH_ANOMALY,MEDIUM,CLOSED,NORMAL
ALT-001525,OT-01482,PLT-14,2026-09-13T07:48:00,NEW_DEVICE,HIGH,TRIAGED,NORMAL
ALT-001526,OT-00379,PLT-04,2026-10-01T00:22:00,AUTH_ANOMALY,MEDIUM,OPEN,NORMAL
ALT-001527,OT-00537,PLT-06,2026-09-15T03:17:00,AUTH_ANOMALY,MEDIUM,TRIAGED,NORMAL
ALT-001528,OT-01659,PLT-15,2026-09-04T06:45:00,CONFIG_DRIFT,LOW,TRIAGED,UNKNOWN
ALT-001529,OT-00042,PLT-01,2026-09-19T08:24:00,PROTOCOL_ANOMALY,HIGH,OPEN,UNKNOWN
ALT-001530,OT-01857,PLT-17,2026-09-28T19:27:00,NEW_DEVICE,MEDIUM,CLOSED,NORMAL
ALT-001531,OT-00900,PLT-09,2026-10-04T17:17:00,AUTH_ANOMALY,CRITICAL,SUPPRESSED,UNKNOWN
ALT-001532,OT-01400,PLT-13,2026-09-15T03:35:00,CONFIG_DRIFT,MEDIUM,CLOSED,MAINTENANCE_WINDOW
ALT-001533,OT-01196,PLT-11,2026-09-24T22:35:00,PROTOCOL_ANOMALY,HIGH,CLOSED,UNKNOWN
ALT-001534,OT-01447,PLT-14,2026-09-15T09:49:00,CONFIG_DRIFT,MEDIUM,OPEN,NORMAL
ALT-001535,OT-00430,PLT-04,2026-10-02T09:32:00,MALWARE_SIGNAL,MEDIUM,OPEN,UNKNOWN
ALT-001536,OT-00839,PLT-08,2026-10-02T20:39:00,UNEXPECTED_WRITE,LOW,SUPPRESSED,UNKNOWN
ALT-001537,OT-01944,PLT-18,2026-09-14T18:55:00,MALWARE_SIGNAL,HIGH,TRIAGED,MAINTENANCE_WINDOW
ALT-001538,OT-00181,PLT-02,2026-09-25T22:46:00,MALWARE_SIGNAL,HIGH,OPEN,UNKNOWN
ALT-001539,OT-01179,PLT-11,2026-09-19T17:00:00,NEW_DEVICE,HIGH,SUPPRESSED,UNKNOWN
ALT-001540,OT-00981,PLT-09,2026-10-01T14:43:00,PROTOCOL_ANOMALY,HIGH,TRIAGED,UNKNOWN
ALT-001541,OT-00930,PLT-09,2026-09-05T18:32:00,AUTH_ANOMALY,LOW,CLOSED,UNKNOWN
ALT-001542,OT-00238,PLT-03,2026-09-22T02:30:00,AUTH_ANOMALY,MEDIUM,SUPPRESSED,UNKNOWN
ALT-001543,OT-00507,PLT-05,2026-09-30T16:40:00,NEW_DEVICE,MEDIUM,OPEN,NORMAL
ALT-001544,OT-01716,PLT-16,2026-09-03T19:43:00,PROTOCOL_ANOMALY,HIGH,CLOSED,NORMAL
ALT-001545,OT-01719,PLT-16,2026-09-29T20:15:00,UNEXPECTED_WRITE,MEDIUM,CLOSED,NORMAL
ALT-001546,OT-00284,PLT-03,2026-09-16T04:59:00,CONFIG_DRIFT,LOW,OPEN,UNKNOWN
ALT-001547,OT-01922,PLT-18,2026-09-19T22:07:00,UNEXPECTED_WRITE,CRITICAL,TRIAGED,UNKNOWN
ALT-001548,OT-01950,PLT-18,2026-09-12T06:21:00,POLICY_VIOLATION,MEDIUM,SUPPRESSED,UNKNOWN
ALT-001549,OT-01358,PLT-13,2026-09-22T22:08:00,UNEXPECTED_WRITE,HIGH,TRIAGED,UNKNOWN
ALT-001550,OT-01437,PLT-14,2026-09-11T09:59:00,CONFIG_DRIFT,LOW,TRIAGED,UNKNOWN
ALT-001551,OT-01095,PLT-10,2026-09-16T18:56:00,PROTOCOL_ANOMALY,HIGH,OPEN,MAINTENANCE_WINDOW
ALT-001552,OT-00468,PLT-05,2026-09-08T04:27:00,NEW_DEVICE,MEDIUM,TRIAGED,UNKNOWN
ALT-001553,OT-01218,PLT-12,2026-09-05T19:17:00,NEW_DEVICE,LOW,CLOSED,UNKNOWN
ALT-001554,OT-01999,PLT-18,2026-09-06T11:55:00,CONFIG_DRIFT,MEDIUM,SUPPRESSED,UNKNOWN
ALT-001555,OT-01936,PLT-18,2026-09-21T17:00:00,CONFIG_DRIFT,MEDIUM,OPEN,UNKNOWN
ALT-001556,OT-01297,PLT-12,2026-09-08T08:14:00,MALWARE_SIGNAL,MEDIUM,OPEN,UNKNOWN
ALT-001557,OT-00310,PLT-03,2026-09-01T00:36:00,UNEXPECTED_WRITE,HIGH,SUPPRESSED,UNKNOWN
ALT-001558,OT-00707,PLT-07,2026-09-07T18:44:00,UNEXPECTED_WRITE,LOW,OPEN,DEGRADED
ALT-001559,OT-00724,PLT-07,2026-09-26T15:37:00,PROTOCOL_ANOMALY,HIGH,OPEN,DEGRADED
ALT-001560,OT-00149,PLT-02,2026-09-19T03:15:00,NEW_DEVICE,MEDIUM,TRIAGED,UNKNOWN
ALT-001561,OT-01119,PLT-11,2026-09-19T04:07:00,UNEXPECTED_WRITE,MEDIUM,SUPPRESSED,UNKNOWN
ALT-001562,OT-01988,PLT-18,2026-09-02T09:01:00,CONFIG_DRIFT,HIGH,SUPPRESSED,MAINTENANCE_WINDOW
ALT-001563,OT-00372,PLT-04,2026-09-05T00:11:00,PROTOCOL_ANOMALY,LOW,SUPPRESSED,MAINTENANCE_WINDOW
ALT-001564,OT-01304,PLT-12,2026-09-20T20:41:00,MALWARE_SIGNAL,HIGH,SUPPRESSED,UNKNOWN
ALT-001565,OT-00104,PLT-02,2026-09-27T20:18:00,MALWARE_SIGNAL,HIGH,SUPPRESSED,UNKNOWN
ALT-001566,OT-01311,PLT-13,2026-09-28T13:19:00,PROTOCOL_ANOMALY,LOW,SUPPRESSED,UNKNOWN
ALT-001567,OT-00138,PLT-02,2026-09-28T15:38:00,CONFIG_DRIFT,LOW,CLOSED,UNKNOWN
ALT-001568,OT-01920,PLT-18,2026-09-17T17:27:00,MALWARE_SIGNAL,MEDIUM,TRIAGED,UNKNOWN
ALT-001569,OT-00884,PLT-09,2026-09-18T03:03:00,NEW_DEVICE,CRITICAL,CLOSED,NORMAL
ALT-001570,OT-01183,PLT-11,2026-09-26T04:26:00,AUTH_ANOMALY,HIGH,OPEN,MAINTENANCE_WINDOW
ALT-001571,OT-01418,PLT-13,2026-09-13T05:45:00,UNEXPECTED_WRITE,LOW,OPEN,MAINTENANCE_WINDOW
ALT-001572,OT-00010,PLT-01,2026-09-23T15:09:00,CONFIG_DRIFT,MEDIUM,SUPPRESSED,UNKNOWN
ALT-001573,OT-01823,PLT-17,2026-09-15T13:16:00,PROTOCOL_ANOMALY,MEDIUM,OPEN,UNKNOWN
ALT-001574,OT-01922,PLT-18,2026-09-03T07:02:00,CONFIG_DRIFT,CRITICAL,TRIAGED,UNKNOWN
ALT-001575,OT-00102,PLT-01,2026-09-09T11:25:00,UNEXPECTED_WRITE,HIGH,OPEN,DEGRADED
ALT-001576,OT-01430,PLT-14,2026-09-12T04:47:00,AUTH_ANOMALY,MEDIUM,SUPPRESSED,UNKNOWN
ALT-001577,OT-00344,PLT-04,2026-09-20T13:16:00,MALWARE_SIGNAL,MEDIUM,SUPPRESSED,UNKNOWN
ALT-001578,OT-01130,PLT-11,2026-09-09T16:00:00,UNEXPECTED_WRITE,MEDIUM,CLOSED,UNKNOWN
ALT-001579,OT-01480,PLT-14,2026-09-12T01:03:00,POLICY_VIOLATION,MEDIUM,CLOSED,NORMAL
ALT-001580,OT-00559,PLT-06,2026-09-22T04:22:00,UNEXPECTED_WRITE,LOW,OPEN,DEGRADED
ALT-001581,OT-00199,PLT-02,2026-09-29T23:00:00,UNEXPECTED_WRITE,HIGH,OPEN,UNKNOWN
ALT-001582,OT-00027,PLT-01,2026-09-25T14:05:00,NEW_DEVICE,MEDIUM,OPEN,UNKNOWN
ALT-001583,OT-00489,PLT-05,2026-09-19T15:38:00,PROTOCOL_ANOMALY,LOW,SUPPRESSED,NORMAL
ALT-001584,OT-01312,PLT-13,2026-09-04T08:46:00,AUTH_ANOMALY,HIGH,SUPPRESSED,UNKNOWN
ALT-001585,OT-00723,PLT-07,2026-09-12T08:54:00,NEW_DEVICE,LOW,CLOSED,MAINTENANCE_WINDOW
ALT-001586,OT-01814,PLT-17,2026-09-23T09:48:00,UNEXPECTED_WRITE,MEDIUM,CLOSED,UNKNOWN
ALT-001587,OT-00830,PLT-08,2026-09-21T15:56:00,MALWARE_SIGNAL,LOW,OPEN,NORMAL
ALT-001588,OT-00076,PLT-01,2026-09-26T06:21:00,PROTOCOL_ANOMALY,MEDIUM,CLOSED,UNKNOWN
ALT-001589,OT-00898,PLT-09,2026-09-28T02:36:00,NEW_DEVICE,MEDIUM,TRIAGED,UNKNOWN
ALT-001590,OT-01033,PLT-10,2026-10-03T15:18:00,AUTH_ANOMALY,MEDIUM,TRIAGED,UNKNOWN
ALT-001591,OT-01688,PLT-16,2026-09-12T07:47:00,PROTOCOL_ANOMALY,LOW,OPEN,UNKNOWN
ALT-001592,OT-01170,PLT-11,2026-09-20T02:46:00,MALWARE_SIGNAL,LOW,OPEN,UNKNOWN
ALT-001593,OT-00034,PLT-01,2026-09-29T02:40:00,UNEXPECTED_WRITE,MEDIUM,OPEN,UNKNOWN
ALT-001594,OT-00819,PLT-08,2026-09-02T13:22:00,AUTH_ANOMALY,MEDIUM,OPEN,UNKNOWN
ALT-001595,OT-00325,PLT-04,2026-09-18T14:05:00,CONFIG_DRIFT,MEDIUM,TRIAGED,UNKNOWN
ALT-001596,OT-01203,PLT-11,2026-09-21T17:55:00,POLICY_VIOLATION,MEDIUM,OPEN,UNKNOWN
ALT-001597,OT-00599,PLT-06,2026-09-22T01:39:00,POLICY_VIOLATION,CRITICAL,OPEN,UNKNOWN
ALT-001598,OT-00602,PLT-06,2026-09-04T14:41:00,NEW_DEVICE,HIGH,CLOSED,MAINTENANCE_WINDOW
ALT-001599,OT-00328,PLT-04,2026-09-29T20:02:00,CONFIG_DRIFT,MEDIUM,TRIAGED,UNKNOWN
ALT-001600,OT-01683,PLT-16,2026-09-25T05:17:00,PROTOCOL_ANOMALY,HIGH,OPEN,UNKNOWN
ALT-001601,OT-01470,PLT-14,2026-09-14T11:02:00,PROTOCOL_ANOMALY,LOW,SUPPRESSED,NORMAL
ALT-001602,OT-00023,PLT-01,2026-09-03T02:05:00,MALWARE_SIGNAL,MEDIUM,TRIAGED,DEGRADED
ALT-001603,OT-00461,PLT-05,2026-09-13T06:37:00,PROTOCOL_ANOMALY,MEDIUM,SUPPRESSED,UNKNOWN
ALT-001604,OT-01859,PLT-17,2026-09-23T02:51:00,CONFIG_DRIFT,MEDIUM,CLOSED,UNKNOWN
ALT-001605,OT-01263,PLT-12,2026-10-02T19:06:00,PROTOCOL_ANOMALY,LOW,TRIAGED,UNKNOWN
ALT-001606,OT-00660,PLT-07,2026-09-10T02:48:00,MALWARE_SIGNAL,LOW,TRIAGED,DEGRADED
ALT-001607,OT-01852,PLT-17,2026-09-12T10:18:00,PROTOCOL_ANOMALY,MEDIUM,CLOSED,NORMAL
ALT-001608,OT-01621,PLT-15,2026-09-19T03:17:00,PROTOCOL_ANOMALY,CRITICAL,CLOSED,MAINTENANCE_WINDOW
ALT-001609,OT-01980,PLT-18,2026-09-26T01:03:00,NEW_DEVICE,MEDIUM,CLOSED,UNKNOWN
ALT-001610,OT-01801,PLT-17,2026-09-10T04:02:00,UNEXPECTED_WRITE,CRITICAL,OPEN,UNKNOWN
ALT-001611,OT-00915,PLT-09,2026-09-21T08:38:00,NEW_DEVICE,LOW,TRIAGED,NORMAL
ALT-001612,OT-00919,PLT-09,2026-09-20T21:24:00,POLICY_VIOLATION,CRITICAL,SUPPRESSED,UNKNOWN
ALT-001613,OT-00647,PLT-07,2026-09-13T18:20:00,MALWARE_SIGNAL,LOW,CLOSED,UNKNOWN
ALT-001614,OT-01431,PLT-14,2026-09-01T16:31:00,CONFIG_DRIFT,LOW,SUPPRESSED,DEGRADED
ALT-001615,OT-00560,PLT-06,2026-09-09T13:55:00,MALWARE_SIGNAL,HIGH,SUPPRESSED,UNKNOWN
ALT-001616,OT-01910,PLT-18,2026-09-18T20:31:00,MALWARE_SIGNAL,MEDIUM,TRIAGED,UNKNOWN
ALT-001617,OT-01427,PLT-14,2026-10-03T21:54:00,PROTOCOL_ANOMALY,LOW,TRIAGED,UNKNOWN
ALT-001618,OT-00545,PLT-06,2026-09-01T19:44:00,AUTH_ANOMALY,LOW,OPEN,DEGRADED
ALT-001619,OT-01800,PLT-17,2026-09-25T07:45:00,NEW_DEVICE,MEDIUM,CLOSED,UNKNOWN
ALT-001620,OT-01800,PLT-17,2026-09-23T08:06:00,PROTOCOL_ANOMALY,MEDIUM,OPEN,NORMAL
ALT-001621,OT-01046,PLT-10,2026-09-23T04:18:00,NEW_DEVICE,LOW,SUPPRESSED,UNKNOWN
ALT-001622,OT-01365,PLT-13,2026-10-01T11:52:00,NEW_DEVICE,HIGH,OPEN,UNKNOWN
ALT-001623,OT-01541,PLT-14,2026-09-16T12:07:00,UNEXPECTED_WRITE,MEDIUM,OPEN,MAINTENANCE_WINDOW
ALT-001624,OT-01402,PLT-13,2026-10-01T07:44:00,NEW_DEVICE,MEDIUM,OPEN,UNKNOWN
ALT-001625,OT-01719,PLT-16,2026-09-23T20:54:00,PROTOCOL_ANOMALY,HIGH,OPEN,UNKNOWN
ALT-001626,OT-00270,PLT-03,2026-10-01T20:57:00,MALWARE_SIGNAL,MEDIUM,OPEN,UNKNOWN
ALT-001627,OT-00464,PLT-05,2026-09-09T06:02:00,MALWARE_SIGNAL,LOW,CLOSED,UNKNOWN
ALT-001628,OT-01536,PLT-14,2026-09-28T19:12:00,NEW_DEVICE,MEDIUM,SUPPRESSED,MAINTENANCE_WINDOW
ALT-001629,OT-00222,PLT-03,2026-09-05T02:29:00,POLICY_VIOLATION,MEDIUM,OPEN,DEGRADED
ALT-001630,OT-00447,PLT-05,2026-09-26T05:04:00,AUTH_ANOMALY,CRITICAL,SUPPRESSED,UNKNOWN
ALT-001631,OT-00490,PLT-05,2026-09-16T13:56:00,PROTOCOL_ANOMALY,LOW,SUPPRESSED,NORMAL
ALT-001632,OT-00408,PLT-04,2026-09-26T00:19:00,CONFIG_DRIFT,CRITICAL,TRIAGED,UNKNOWN
ALT-001633,OT-00212,PLT-03,2026-09-24T15:08:00,POLICY_VIOLATION,LOW,TRIAGED,UNKNOWN
ALT-001634,OT-00756,PLT-08,2026-09-23T04:23:00,MALWARE_SIGNAL,MEDIUM,SUPPRESSED,UNKNOWN
ALT-001635,OT-00790,PLT-08,2026-09-19T22:50:00,AUTH_ANOMALY,HIGH,OPEN,UNKNOWN
ALT-001636,OT-01663,PLT-15,2026-09-11T00:42:00,CONFIG_DRIFT,HIGH,TRIAGED,UNKNOWN
ALT-001637,OT-00143,PLT-02,2026-09-22T08:29:00,UNEXPECTED_WRITE,CRITICAL,CLOSED,UNKNOWN
ALT-001638,OT-00044,PLT-01,2026-09-10T14:24:00,MALWARE_SIGNAL,MEDIUM,SUPPRESSED,UNKNOWN
ALT-001639,OT-00762,PLT-08,2026-09-25T07:43:00,AUTH_ANOMALY,HIGH,SUPPRESSED,DEGRADED
ALT-001640,OT-01086,PLT-10,2026-09-02T18:03:00,UNEXPECTED_WRITE,HIGH,CLOSED,UNKNOWN
ALT-001641,OT-01491,PLT-14,2026-09-25T21:15:00,POLICY_VIOLATION,MEDIUM,TRIAGED,UNKNOWN
ALT-001642,OT-01120,PLT-11,2026-09-02T22:23:00,CONFIG_DRIFT,MEDIUM,OPEN,UNKNOWN
ALT-001643,OT-00595,PLT-06,2026-10-04T04:22:00,NEW_DEVICE,HIGH,SUPPRESSED,UNKNOWN
ALT-001644,OT-01755,PLT-16,2026-10-01T08:13:00,PROTOCOL_ANOMALY,LOW,OPEN,MAINTENANCE_WINDOW
ALT-001645,OT-00180,PLT-02,2026-09-22T08:59:00,CONFIG_DRIFT,MEDIUM,CLOSED,DEGRADED
ALT-001646,OT-00935,PLT-09,2026-09-30T20:33:00,CONFIG_DRIFT,HIGH,TRIAGED,UNKNOWN
ALT-001647,OT-01562,PLT-15,2026-09-09T04:10:00,UNEXPECTED_WRITE,MEDIUM,SUPPRESSED,UNKNOWN
ALT-001648,OT-00047,PLT-01,2026-09-25T15:53:00,POLICY_VIOLATION,LOW,SUPPRESSED,UNKNOWN
ALT-001649,OT-01098,PLT-10,2026-09-18T13:16:00,NEW_DEVICE,LOW,TRIAGED,UNKNOWN
ALT-001650,OT-01317,PLT-13,2026-09-27T14:36:00,AUTH_ANOMALY,HIGH,OPEN,UNKNOWN
ALT-001651,OT-00761,PLT-08,2026-09-14T03:42:00,NEW_DEVICE,HIGH,OPEN,UNKNOWN
ALT-001652,OT-00383,PLT-04,2026-09-26T11:19:00,AUTH_ANOMALY,HIGH,TRIAGED,NORMAL
ALT-001653,OT-00050,PLT-01,2026-09-29T04:21:00,AUTH_ANOMALY,MEDIUM,CLOSED,MAINTENANCE_WINDOW
ALT-001654,OT-00999,PLT-10,2026-09-09T17:29:00,CONFIG_DRIFT,MEDIUM,OPEN,UNKNOWN
ALT-001655,OT-01156,PLT-11,2026-10-01T13:48:00,NEW_DEVICE,CRITICAL,CLOSED,UNKNOWN
ALT-001656,OT-01869,PLT-17,2026-09-23T08:53:00,POLICY_VIOLATION,LOW,CLOSED,UNKNOWN
ALT-001657,OT-00211,PLT-03,2026-09-19T14:09:00,CONFIG_DRIFT,MEDIUM,TRIAGED,UNKNOWN
ALT-001658,OT-01152,PLT-11,2026-09-04T13:36:00,CONFIG_DRIFT,MEDIUM,CLOSED,UNKNOWN
ALT-001659,OT-02009,PLT-18,2026-09-01T03:09:00,MALWARE_SIGNAL,LOW,TRIAGED,UNKNOWN
ALT-001660,OT-00596,PLT-06,2026-09-11T08:49:00,MALWARE_SIGNAL,CRITICAL,CLOSED,DEGRADED
ALT-001661,OT-00486,PLT-05,2026-09-01T14:04:00,NEW_DEVICE,HIGH,TRIAGED,UNKNOWN
ALT-001662,OT-01538,PLT-14,2026-09-16T09:24:00,CONFIG_DRIFT,MEDIUM,OPEN,UNKNOWN
ALT-001663,OT-00887,PLT-09,2026-09-01T14:04:00,MALWARE_SIGNAL,MEDIUM,CLOSED,UNKNOWN
ALT-001664,OT-01829,PLT-17,2026-09-24T23:25:00,UNEXPECTED_WRITE,LOW,OPEN,UNKNOWN
ALT-001665,OT-00717,PLT-07,2026-09-04T17:52:00,NEW_DEVICE,HIGH,OPEN,NORMAL
ALT-001666,OT-00347,PLT-04,2026-09-21T07:05:00,PROTOCOL_ANOMALY,CRITICAL,TRIAGED,UNKNOWN
ALT-001667,OT-00615,PLT-06,2026-09-03T14:44:00,MALWARE_SIGNAL,MEDIUM,SUPPRESSED,UNKNOWN
ALT-001668,OT-01688,PLT-16,2026-09-20T11:41:00,AUTH_ANOMALY,HIGH,CLOSED,NORMAL
ALT-001669,OT-00270,PLT-03,2026-09-18T16:20:00,UNEXPECTED_WRITE,HIGH,OPEN,UNKNOWN
ALT-001670,OT-00838,PLT-08,2026-09-29T20:58:00,AUTH_ANOMALY,LOW,TRIAGED,DEGRADED
ALT-001671,OT-01677,PLT-16,2026-09-01T05:35:00,NEW_DEVICE,LOW,OPEN,UNKNOWN
ALT-001672,OT-01290,PLT-12,2026-09-12T05:03:00,CONFIG_DRIFT,MEDIUM,OPEN,UNKNOWN
ALT-001673,OT-01012,PLT-10,2026-09-17T21:50:00,PROTOCOL_ANOMALY,LOW,OPEN,UNKNOWN
ALT-001674,OT-00651,PLT-07,2026-09-05T20:42:00,MALWARE_SIGNAL,HIGH,SUPPRESSED,UNKNOWN
ALT-001675,OT-00540,PLT-06,2026-09-17T05:18:00,MALWARE_SIGNAL,HIGH,SUPPRESSED,UNKNOWN
ALT-001676,OT-01539,PLT-14,2026-09-21T15:46:00,POLICY_VIOLATION,LOW,TRIAGED,DEGRADED
ALT-001677,OT-00840,PLT-08,2026-09-28T22:49:00,MALWARE_SIGNAL,HIGH,OPEN,DEGRADED
ALT-001678,OT-00876,PLT-08,2026-09-30T09:58:00,AUTH_ANOMALY,LOW,CLOSED,DEGRADED
ALT-001679,OT-00271,PLT-03,2026-09-19T15:24:00,MALWARE_SIGNAL,MEDIUM,SUPPRESSED,UNKNOWN
ALT-001680,OT-00575,PLT-06,2026-09-30T14:28:00,POLICY_VIOLATION,LOW,OPEN,UNKNOWN
ALT-001681,OT-00643,PLT-07,2026-09-05T04:59:00,POLICY_VIOLATION,MEDIUM,SUPPRESSED,DEGRADED
ALT-001682,OT-01682,PLT-16,2026-10-04T20:11:00,NEW_DEVICE,MEDIUM,SUPPRESSED,UNKNOWN
ALT-001683,OT-00362,PLT-04,2026-09-29T18:35:00,NEW_DEVICE,MEDIUM,TRIAGED,NORMAL
ALT-001684,OT-00690,PLT-07,2026-09-06T09:59:00,CONFIG_DRIFT,CRITICAL,CLOSED,UNKNOWN
ALT-001685,OT-00986,PLT-09,2026-09-28T04:00:00,AUTH_ANOMALY,LOW,TRIAGED,UNKNOWN
ALT-001686,OT-00857,PLT-08,2026-09-08T23:06:00,POLICY_VIOLATION,MEDIUM,OPEN,DEGRADED
ALT-001687,OT-00423,PLT-04,2026-09-23T07:18:00,MALWARE_SIGNAL,MEDIUM,CLOSED,UNKNOWN
ALT-001688,OT-00377,PLT-04,2026-09-19T13:15:00,MALWARE_SIGNAL,LOW,CLOSED,UNKNOWN
ALT-001689,OT-01909,PLT-18,2026-09-19T17:41:00,AUTH_ANOMALY,HIGH,OPEN,DEGRADED
ALT-001690,OT-00821,PLT-08,2026-10-02T21:29:00,AUTH_ANOMALY,LOW,TRIAGED,UNKNOWN
ALT-001691,OT-00592,PLT-06,2026-09-01T13:21:00,CONFIG_DRIFT,LOW,CLOSED,UNKNOWN
ALT-001692,OT-00905,PLT-09,2026-09-20T17:40:00,CONFIG_DRIFT,LOW,TRIAGED,NORMAL
ALT-001693,OT-00836,PLT-08,2026-09-19T17:46:00,CONFIG_DRIFT,LOW,TRIAGED,UNKNOWN
ALT-001694,OT-01617,PLT-15,2026-09-10T03:24:00,CONFIG_DRIFT,HIGH,CLOSED,UNKNOWN
ALT-001695,OT-00128,PLT-02,2026-09-11T12:00:00,PROTOCOL_ANOMALY,LOW,TRIAGED,UNKNOWN
ALT-001696,OT-00143,PLT-02,2026-10-05T05:17:00,NEW_DEVICE,LOW,TRIAGED,UNKNOWN
ALT-001697,OT-01329,PLT-13,2026-09-05T16:47:00,CONFIG_DRIFT,HIGH,TRIAGED,UNKNOWN
ALT-001698,OT-01356,PLT-13,2026-10-01T16:41:00,PROTOCOL_ANOMALY,HIGH,OPEN,MAINTENANCE_WINDOW
ALT-001699,OT-01997,PLT-18,2026-10-03T19:25:00,AUTH_ANOMALY,HIGH,OPEN,UNKNOWN
ALT-001700,OT-00139,PLT-02,2026-10-04T13:22:00,UNEXPECTED_WRITE,LOW,CLOSED,UNKNOWN
ALT-001701,OT-01025,PLT-10,2026-09-29T08:23:00,CONFIG_DRIFT,CRITICAL,TRIAGED,UNKNOWN
ALT-001702,OT-01673,PLT-16,2026-09-19T04:42:00,AUTH_ANOMALY,LOW,CLOSED,UNKNOWN
ALT-001703,OT-01178,PLT-11,2026-09-07T14:54:00,UNEXPECTED_WRITE,MEDIUM,TRIAGED,UNKNOWN
ALT-001704,OT-00564,PLT-06,2026-09-08T22:05:00,POLICY_VIOLATION,MEDIUM,OPEN,MAINTENANCE_WINDOW
ALT-001705,OT-00923,PLT-09,2026-09-19T22:30:00,AUTH_ANOMALY,LOW,OPEN,UNKNOWN
ALT-001706,OT-00673,PLT-07,2026-09-27T12:05:00,NEW_DEVICE,MEDIUM,CLOSED,UNKNOWN
ALT-001707,OT-00512,PLT-05,2026-09-10T08:21:00,AUTH_ANOMALY,MEDIUM,CLOSED,UNKNOWN
ALT-001708,OT-01456,PLT-14,2026-09-05T09:22:00,NEW_DEVICE,HIGH,TRIAGED,DEGRADED
ALT-001709,OT-00031,PLT-01,2026-09-09T01:32:00,AUTH_ANOMALY,HIGH,OPEN,UNKNOWN
ALT-001710,OT-00252,PLT-03,2026-09-11T06:24:00,NEW_DEVICE,LOW,TRIAGED,UNKNOWN
ALT-001711,OT-01458,PLT-14,2026-10-01T08:39:00,UNEXPECTED_WRITE,MEDIUM,SUPPRESSED,UNKNOWN
ALT-001712,OT-00006,PLT-01,2026-09-21T06:44:00,POLICY_VIOLATION,CRITICAL,SUPPRESSED,MAINTENANCE_WINDOW
ALT-001713,OT-01390,PLT-13,2026-10-02T04:38:00,NEW_DEVICE,CRITICAL,SUPPRESSED,NORMAL
ALT-001714,OT-00458,PLT-05,2026-09-11T18:34:00,MALWARE_SIGNAL,LOW,OPEN,NORMAL
ALT-001715,OT-01423,PLT-13,2026-10-04T12:06:00,CONFIG_DRIFT,MEDIUM,TRIAGED,UNKNOWN
ALT-001716,OT-00511,PLT-05,2026-09-16T21:44:00,AUTH_ANOMALY,LOW,TRIAGED,UNKNOWN
ALT-001717,OT-00352,PLT-04,2026-10-05T02:05:00,CONFIG_DRIFT,CRITICAL,CLOSED,MAINTENANCE_WINDOW
ALT-001718,OT-00339,PLT-04,2026-09-28T18:22:00,POLICY_VIOLATION,HIGH,OPEN,UNKNOWN
ALT-001719,OT-00190,PLT-02,2026-09-15T15:55:00,MALWARE_SIGNAL,LOW,CLOSED,UNKNOWN
ALT-001720,OT-01320,PLT-13,2026-10-05T17:12:00,CONFIG_DRIFT,MEDIUM,OPEN,UNKNOWN
ALT-001721,OT-00388,PLT-04,2026-09-19T08:27:00,MALWARE_SIGNAL,MEDIUM,CLOSED,DEGRADED
ALT-001722,OT-00744,PLT-07,2026-09-11T09:48:00,AUTH_ANOMALY,MEDIUM,CLOSED,DEGRADED
ALT-001723,OT-01227,PLT-12,2026-10-03T05:44:00,UNEXPECTED_WRITE,MEDIUM,TRIAGED,DEGRADED
ALT-001724,OT-01511,PLT-14,2026-09-20T22:23:00,CONFIG_DRIFT,MEDIUM,SUPPRESSED,DEGRADED
ALT-001725,OT-01992,PLT-18,2026-09-06T08:01:00,CONFIG_DRIFT,LOW,CLOSED,DEGRADED
ALT-001726,OT-01559,PLT-15,2026-09-02T23:07:00,POLICY_VIOLATION,MEDIUM,TRIAGED,UNKNOWN
ALT-001727,OT-00805,PLT-08,2026-09-28T14:50:00,AUTH_ANOMALY,HIGH,OPEN,DEGRADED
ALT-001728,OT-01291,PLT-12,2026-09-20T15:40:00,PROTOCOL_ANOMALY,LOW,CLOSED,MAINTENANCE_WINDOW
ALT-001729,OT-01814,PLT-17,2026-09-25T16:51:00,NEW_DEVICE,MEDIUM,OPEN,UNKNOWN
ALT-001730,OT-00919,PLT-09,2026-09-19T18:32:00,AUTH_ANOMALY,HIGH,SUPPRESSED,UNKNOWN
ALT-001731,OT-01507,PLT-14,2026-09-25T01:04:00,UNEXPECTED_WRITE,CRITICAL,OPEN,MAINTENANCE_WINDOW
ALT-001732,OT-00323,PLT-04,2026-09-28T04:19:00,POLICY_VIOLATION,HIGH,OPEN,UNKNOWN
ALT-001733,OT-01707,PLT-16,2026-09-15T13:58:00,AUTH_ANOMALY,HIGH,OPEN,UNKNOWN
ALT-001734,OT-01206,PLT-11,2026-09-18T01:48:00,NEW_DEVICE,LOW,SUPPRESSED,DEGRADED
ALT-001735,OT-00716,PLT-07,2026-09-27T17:54:00,AUTH_ANOMALY,HIGH,CLOSED,UNKNOWN
ALT-001736,OT-01802,PLT-17,2026-09-21T22:52:00,UNEXPECTED_WRITE,MEDIUM,TRIAGED,MAINTENANCE_WINDOW
ALT-001737,OT-01516,PLT-14,2026-09-16T21:33:00,AUTH_ANOMALY,MEDIUM,SUPPRESSED,UNKNOWN
ALT-001738,OT-00126,PLT-02,2026-10-05T20:12:00,AUTH_ANOMALY,MEDIUM,CLOSED,UNKNOWN
ALT-001739,OT-00378,PLT-04,2026-09-15T08:26:00,CONFIG_DRIFT,MEDIUM,SUPPRESSED,UNKNOWN
ALT-001740,OT-00771,PLT-08,2026-09-20T02:05:00,NEW_DEVICE,HIGH,OPEN,UNKNOWN
ALT-001741,OT-01354,PLT-13,2026-09-08T19:40:00,MALWARE_SIGNAL,MEDIUM,OPEN,UNKNOWN
ALT-001742,OT-01021,PLT-10,2026-09-02T09:06:00,AUTH_ANOMALY,HIGH,TRIAGED,MAINTENANCE_WINDOW
ALT-001743,OT-01217,PLT-12,2026-09-05T12:02:00,CONFIG_DRIFT,HIGH,TRIAGED,DEGRADED
ALT-001744,OT-00001,PLT-01,2026-09-22T16:42:00,UNEXPECTED_WRITE,LOW,TRIAGED,NORMAL
ALT-001745,OT-00627,PLT-06,2026-09-01T16:42:00,UNEXPECTED_WRITE,HIGH,SUPPRESSED,UNKNOWN
ALT-001746,OT-00736,PLT-07,2026-09-24T22:16:00,PROTOCOL_ANOMALY,LOW,TRIAGED,UNKNOWN
ALT-001747,OT-01934,PLT-18,2026-09-28T22:26:00,AUTH_ANOMALY,LOW,TRIAGED,DEGRADED
ALT-001748,OT-00127,PLT-02,2026-09-14T21:30:00,POLICY_VIOLATION,MEDIUM,CLOSED,UNKNOWN
ALT-001749,OT-01809,PLT-17,2026-09-20T20:50:00,PROTOCOL_ANOMALY,MEDIUM,CLOSED,MAINTENANCE_WINDOW
ALT-001750,OT-00966,PLT-09,2026-09-19T14:48:00,NEW_DEVICE,MEDIUM,OPEN,UNKNOWN
ALT-001751,OT-00736,PLT-07,2026-09-12T21:59:00,MALWARE_SIGNAL,MEDIUM,OPEN,MAINTENANCE_WINDOW
ALT-001752,OT-01417,PLT-13,2026-09-17T01:23:00,PROTOCOL_ANOMALY,LOW,TRIAGED,UNKNOWN
ALT-001753,OT-00898,PLT-09,2026-09-30T01:55:00,UNEXPECTED_WRITE,HIGH,CLOSED,DEGRADED
ALT-001754,OT-01569,PLT-15,2026-09-27T18:16:00,POLICY_VIOLATION,LOW,TRIAGED,DEGRADED
ALT-001755,OT-01269,PLT-12,2026-10-01T23:32:00,MALWARE_SIGNAL,HIGH,OPEN,UNKNOWN
ALT-001756,OT-00978,PLT-09,2026-09-18T03:56:00,MALWARE_SIGNAL,LOW,CLOSED,UNKNOWN
ALT-001757,OT-01329,PLT-13,2026-09-11T10:37:00,AUTH_ANOMALY,HIGH,CLOSED,NORMAL
ALT-001758,OT-01400,PLT-13,2026-09-14T09:17:00,CONFIG_DRIFT,LOW,SUPPRESSED,UNKNOWN
ALT-001759,OT-01047,PLT-10,2026-10-03T13:20:00,NEW_DEVICE,LOW,TRIAGED,DEGRADED
ALT-001760,OT-01205,PLT-11,2026-09-30T04:28:00,MALWARE_SIGNAL,MEDIUM,TRIAGED,UNKNOWN
ALT-001761,OT-00264,PLT-03,2026-09-09T12:21:00,PROTOCOL_ANOMALY,HIGH,OPEN,UNKNOWN
ALT-001762,OT-00420,PLT-04,2026-09-05T04:25:00,POLICY_VIOLATION,MEDIUM,CLOSED,UNKNOWN
ALT-001763,OT-01726,PLT-16,2026-10-02T20:54:00,AUTH_ANOMALY,MEDIUM,SUPPRESSED,UNKNOWN
ALT-001764,OT-01093,PLT-10,2026-09-26T21:30:00,UNEXPECTED_WRITE,LOW,TRIAGED,NORMAL
ALT-001765,OT-00813,PLT-08,2026-10-04T22:20:00,MALWARE_SIGNAL,HIGH,SUPPRESSED,DEGRADED
ALT-001766,OT-00517,PLT-05,2026-09-12T21:29:00,UNEXPECTED_WRITE,LOW,TRIAGED,UNKNOWN
ALT-001767,OT-01931,PLT-18,2026-09-25T23:43:00,MALWARE_SIGNAL,HIGH,SUPPRESSED,DEGRADED
ALT-001768,OT-01393,PLT-13,2026-09-27T18:00:00,MALWARE_SIGNAL,MEDIUM,OPEN,NORMAL
ALT-001769,OT-01083,PLT-10,2026-09-28T20:44:00,AUTH_ANOMALY,MEDIUM,TRIAGED,UNKNOWN
ALT-001770,OT-01314,PLT-13,2026-09-22T05:39:00,AUTH_ANOMALY,MEDIUM,OPEN,UNKNOWN
ALT-001771,OT-00780,PLT-08,2026-09-08T01:02:00,AUTH_ANOMALY,HIGH,TRIAGED,UNKNOWN
ALT-001772,OT-00642,PLT-07,2026-10-02T04:14:00,NEW_DEVICE,HIGH,CLOSED,MAINTENANCE_WINDOW
ALT-001773,OT-00006,PLT-01,2026-09-09T11:22:00,POLICY_VIOLATION,LOW,TRIAGED,UNKNOWN
ALT-001774,OT-00104,PLT-02,2026-10-03T06:42:00,UNEXPECTED_WRITE,MEDIUM,TRIAGED,UNKNOWN
ALT-001775,OT-01804,PLT-17,2026-09-17T04:12:00,UNEXPECTED_WRITE,HIGH,CLOSED,UNKNOWN
ALT-001776,OT-00203,PLT-02,2026-09-13T13:06:00,POLICY_VIOLATION,LOW,SUPPRESSED,UNKNOWN
ALT-001777,OT-01231,PLT-12,2026-09-27T14:19:00,AUTH_ANOMALY,LOW,CLOSED,NORMAL
ALT-001778,OT-00867,PLT-08,2026-09-24T14:16:00,AUTH_ANOMALY,LOW,SUPPRESSED,MAINTENANCE_WINDOW
ALT-001779,OT-01262,PLT-12,2026-10-04T06:20:00,AUTH_ANOMALY,MEDIUM,OPEN,UNKNOWN
ALT-001780,OT-01159,PLT-11,2026-10-02T22:06:00,PROTOCOL_ANOMALY,LOW,OPEN,UNKNOWN
ALT-001781,OT-00131,PLT-02,2026-10-02T15:40:00,AUTH_ANOMALY,LOW,SUPPRESSED,MAINTENANCE_WINDOW
ALT-001782,OT-00898,PLT-09,2026-09-11T05:42:00,CONFIG_DRIFT,LOW,TRIAGED,UNKNOWN
ALT-001783,OT-01436,PLT-14,2026-09-23T01:20:00,POLICY_VIOLATION,MEDIUM,TRIAGED,NORMAL
ALT-001784,OT-00668,PLT-07,2026-09-12T00:10:00,PROTOCOL_ANOMALY,MEDIUM,TRIAGED,MAINTENANCE_WINDOW
ALT-001785,OT-01179,PLT-11,2026-09-29T04:02:00,PROTOCOL_ANOMALY,MEDIUM,TRIAGED,NORMAL
ALT-001786,OT-00490,PLT-05,2026-10-03T23:21:00,MALWARE_SIGNAL,MEDIUM,SUPPRESSED,NORMAL
ALT-001787,OT-01720,PLT-16,2026-10-04T05:52:00,POLICY_VIOLATION,LOW,OPEN,MAINTENANCE_WINDOW
ALT-001788,OT-01480,PLT-14,2026-09-23T18:52:00,UNEXPECTED_WRITE,MEDIUM,SUPPRESSED,UNKNOWN
ALT-001789,OT-00716,PLT-07,2026-09-20T21:38:00,MALWARE_SIGNAL,LOW,CLOSED,UNKNOWN
ALT-001790,OT-00370,PLT-04,2026-09-25T09:42:00,UNEXPECTED_WRITE,MEDIUM,OPEN,UNKNOWN
ALT-001791,OT-01205,PLT-11,2026-09-03T11:03:00,AUTH_ANOMALY,LOW,OPEN,UNKNOWN
ALT-001792,OT-01217,PLT-12,2026-10-01T09:56:00,PROTOCOL_ANOMALY,CRITICAL,CLOSED,UNKNOWN
ALT-001793,OT-01349,PLT-13,2026-10-02T19:51:00,UNEXPECTED_WRITE,MEDIUM,SUPPRESSED,UNKNOWN
ALT-001794,OT-01418,PLT-13,2026-09-29T12:00:00,MALWARE_SIGNAL,MEDIUM,TRIAGED,DEGRADED
ALT-001795,OT-00065,PLT-01,2026-09-19T12:06:00,MALWARE_SIGNAL,MEDIUM,TRIAGED,UNKNOWN
ALT-001796,OT-01699,PLT-16,2026-09-09T11:28:00,PROTOCOL_ANOMALY,HIGH,CLOSED,UNKNOWN
ALT-001797,OT-00990,PLT-10,2026-09-26T12:46:00,UNEXPECTED_WRITE,HIGH,TRIAGED,UNKNOWN
ALT-001798,OT-00115,PLT-02,2026-09-03T21:30:00,POLICY_VIOLATION,MEDIUM,OPEN,MAINTENANCE_WINDOW
ALT-001799,OT-01314,PLT-13,2026-09-12T09:14:00,CONFIG_DRIFT,MEDIUM,OPEN,NORMAL
ALT-001800,OT-00619,PLT-06,2026-09-29T20:55:00,PROTOCOL_ANOMALY,MEDIUM,SUPPRESSED,UNKNOWN
ALT-001801,OT-00638,PLT-07,2026-10-04T08:49:00,AUTH_ANOMALY,MEDIUM,TRIAGED,UNKNOWN
ALT-001802,OT-00057,PLT-01,2026-10-05T02:41:00,CONFIG_DRIFT,HIGH,TRIAGED,MAINTENANCE_WINDOW
ALT-001803,OT-01134,PLT-11,2026-09-10T16:08:00,AUTH_ANOMALY,MEDIUM,SUPPRESSED,UNKNOWN
ALT-001804,OT-00784,PLT-08,2026-09-05T23:04:00,POLICY_VIOLATION,MEDIUM,SUPPRESSED,DEGRADED
ALT-001805,OT-00137,PLT-02,2026-09-23T16:47:00,NEW_DEVICE,HIGH,CLOSED,NORMAL
ALT-001806,OT-00735,PLT-07,2026-09-05T10:11:00,POLICY_VIOLATION,MEDIUM,TRIAGED,DEGRADED
ALT-001807,OT-01063,PLT-10,2026-09-27T14:46:00,NEW_DEVICE,CRITICAL,CLOSED,UNKNOWN
ALT-001808,OT-01299,PLT-12,2026-09-27T16:36:00,AUTH_ANOMALY,MEDIUM,TRIAGED,UNKNOWN
ALT-001809,OT-01826,PLT-17,2026-09-25T10:25:00,MALWARE_SIGNAL,HIGH,CLOSED,NORMAL
ALT-001810,OT-00938,PLT-09,2026-10-03T17:22:00,NEW_DEVICE,HIGH,OPEN,DEGRADED
ALT-001811,OT-00119,PLT-02,2026-09-15T15:11:00,NEW_DEVICE,MEDIUM,TRIAGED,UNKNOWN
ALT-001812,OT-01523,PLT-14,2026-09-11T03:56:00,CONFIG_DRIFT,MEDIUM,TRIAGED,UNKNOWN
ALT-001813,OT-01731,PLT-16,2026-10-01T20:15:00,MALWARE_SIGNAL,MEDIUM,SUPPRESSED,MAINTENANCE_WINDOW
ALT-001814,OT-01848,PLT-17,2026-10-04T03:06:00,CONFIG_DRIFT,MEDIUM,SUPPRESSED,NORMAL
ALT-001815,OT-00598,PLT-06,2026-09-28T11:44:00,POLICY_VIOLATION,LOW,SUPPRESSED,MAINTENANCE_WINDOW
ALT-001816,OT-01487,PLT-14,2026-09-01T04:32:00,UNEXPECTED_WRITE,LOW,TRIAGED,UNKNOWN
ALT-001817,OT-00373,PLT-04,2026-09-05T12:16:00,MALWARE_SIGNAL,CRITICAL,SUPPRESSED,MAINTENANCE_WINDOW
ALT-001818,OT-01067,PLT-10,2026-09-29T00:55:00,PROTOCOL_ANOMALY,MEDIUM,OPEN,DEGRADED
ALT-001819,OT-00918,PLT-09,2026-09-26T15:16:00,UNEXPECTED_WRITE,LOW,SUPPRESSED,DEGRADED
ALT-001820,OT-00324,PLT-04,2026-09-26T21:19:00,UNEXPECTED_WRITE,LOW,OPEN,UNKNOWN
ALT-001821,OT-00486,PLT-05,2026-09-14T05:10:00,NEW_DEVICE,CRITICAL,OPEN,DEGRADED
ALT-001822,OT-01977,PLT-18,2026-09-25T22:51:00,POLICY_VIOLATION,LOW,SUPPRESSED,UNKNOWN
ALT-001823,OT-00305,PLT-03,2026-09-02T06:24:00,AUTH_ANOMALY,MEDIUM,CLOSED,NORMAL
ALT-001824,OT-00839,PLT-08,2026-09-04T12:25:00,UNEXPECTED_WRITE,LOW,CLOSED,UNKNOWN
ALT-001825,OT-01042,PLT-10,2026-09-19T15:47:00,MALWARE_SIGNAL,MEDIUM,SUPPRESSED,UNKNOWN
ALT-001826,OT-00971,PLT-09,2026-09-06T23:33:00,NEW_DEVICE,HIGH,CLOSED,DEGRADED
ALT-001827,OT-01137,PLT-11,2026-09-13T19:21:00,AUTH_ANOMALY,MEDIUM,OPEN,UNKNOWN
ALT-001828,OT-00789,PLT-08,2026-09-05T11:40:00,POLICY_VIOLATION,MEDIUM,SUPPRESSED,MAINTENANCE_WINDOW
ALT-001829,OT-00664,PLT-07,2026-09-23T21:42:00,MALWARE_SIGNAL,CRITICAL,CLOSED,UNKNOWN
ALT-001830,OT-01627,PLT-15,2026-09-04T13:49:00,CONFIG_DRIFT,HIGH,TRIAGED,NORMAL
ALT-001831,OT-01802,PLT-17,2026-09-12T04:04:00,MALWARE_SIGNAL,LOW,CLOSED,UNKNOWN
ALT-001832,OT-01346,PLT-13,2026-09-10T14:48:00,UNEXPECTED_WRITE,LOW,OPEN,DEGRADED
ALT-001833,OT-00977,PLT-09,2026-09-27T03:27:00,POLICY_VIOLATION,MEDIUM,OPEN,UNKNOWN
ALT-001834,OT-00600,PLT-06,2026-09-03T15:40:00,POLICY_VIOLATION,LOW,CLOSED,UNKNOWN
ALT-001835,OT-01179,PLT-11,2026-09-22T18:47:00,UNEXPECTED_WRITE,LOW,OPEN,UNKNOWN
ALT-001836,OT-01058,PLT-10,2026-09-01T15:07:00,NEW_DEVICE,CRITICAL,CLOSED,UNKNOWN
ALT-001837,OT-00289,PLT-03,2026-10-03T06:15:00,PROTOCOL_ANOMALY,LOW,CLOSED,UNKNOWN
ALT-001838,OT-01445,PLT-14,2026-10-02T16:57:00,UNEXPECTED_WRITE,HIGH,OPEN,MAINTENANCE_WINDOW
ALT-001839,OT-01203,PLT-11,2026-09-04T17:05:00,NEW_DEVICE,HIGH,SUPPRESSED,UNKNOWN
ALT-001840,OT-00597,PLT-06,2026-09-17T18:12:00,MALWARE_SIGNAL,LOW,CLOSED,NORMAL
ALT-001841,OT-00090,PLT-01,2026-09-21T06:39:00,AUTH_ANOMALY,LOW,CLOSED,UNKNOWN
ALT-001842,OT-01649,PLT-15,2026-09-23T08:55:00,AUTH_ANOMALY,LOW,CLOSED,UNKNOWN
ALT-001843,OT-00615,PLT-06,2026-09-24T15:54:00,MALWARE_SIGNAL,LOW,OPEN,UNKNOWN
ALT-001844,OT-00866,PLT-08,2026-09-10T07:21:00,UNEXPECTED_WRITE,CRITICAL,CLOSED,UNKNOWN
ALT-001845,OT-01721,PLT-16,2026-09-25T18:17:00,PROTOCOL_ANOMALY,HIGH,OPEN,UNKNOWN
ALT-001846,OT-00120,PLT-02,2026-09-26T13:39:00,CONFIG_DRIFT,LOW,TRIAGED,NORMAL
ALT-001847,OT-01700,PLT-16,2026-09-23T05:00:00,NEW_DEVICE,MEDIUM,CLOSED,NORMAL
ALT-001848,OT-01919,PLT-18,2026-09-18T01:11:00,NEW_DEVICE,MEDIUM,OPEN,NORMAL
ALT-001849,OT-00531,PLT-05,2026-09-06T16:50:00,UNEXPECTED_WRITE,HIGH,CLOSED,UNKNOWN
ALT-001850,OT-01101,PLT-10,2026-09-11T09:58:00,POLICY_VIOLATION,MEDIUM,CLOSED,MAINTENANCE_WINDOW
ALT-001851,OT-01525,PLT-14,2026-09-28T04:16:00,POLICY_VIOLATION,MEDIUM,CLOSED,UNKNOWN
ALT-001852,OT-01828,PLT-17,2026-09-13T01:02:00,POLICY_VIOLATION,LOW,SUPPRESSED,UNKNOWN
ALT-001853,OT-00521,PLT-05,2026-10-03T10:03:00,AUTH_ANOMALY,MEDIUM,TRIAGED,UNKNOWN
ALT-001854,OT-00251,PLT-03,2026-09-05T04:59:00,UNEXPECTED_WRITE,MEDIUM,TRIAGED,UNKNOWN
ALT-001855,OT-01840,PLT-17,2026-09-14T20:28:00,CONFIG_DRIFT,LOW,OPEN,UNKNOWN
ALT-001856,OT-01431,PLT-14,2026-09-20T05:40:00,UNEXPECTED_WRITE,MEDIUM,CLOSED,UNKNOWN
ALT-001857,OT-00400,PLT-04,2026-10-03T15:57:00,NEW_DEVICE,HIGH,OPEN,MAINTENANCE_WINDOW
ALT-001858,OT-01097,PLT-10,2026-09-28T12:15:00,UNEXPECTED_WRITE,MEDIUM,SUPPRESSED,DEGRADED
ALT-001859,OT-01882,PLT-17,2026-09-02T01:26:00,PROTOCOL_ANOMALY,MEDIUM,SUPPRESSED,DEGRADED
ALT-001860,OT-01583,PLT-15,2026-09-23T23:20:00,CONFIG_DRIFT,MEDIUM,SUPPRESSED,UNKNOWN
ALT-001861,OT-01868,PLT-17,2026-09-26T07:18:00,AUTH_ANOMALY,LOW,OPEN,UNKNOWN
ALT-001862,OT-01766,PLT-16,2026-09-03T13:08:00,AUTH_ANOMALY,LOW,OPEN,UNKNOWN
ALT-001863,OT-00739,PLT-07,2026-09-22T16:07:00,MALWARE_SIGNAL,CRITICAL,SUPPRESSED,MAINTENANCE_WINDOW
ALT-001864,OT-00849,PLT-08,2026-09-13T23:17:00,CONFIG_DRIFT,HIGH,SUPPRESSED,UNKNOWN
ALT-001865,OT-01206,PLT-11,2026-09-15T02:51:00,CONFIG_DRIFT,LOW,SUPPRESSED,MAINTENANCE_WINDOW
ALT-001866,OT-01714,PLT-16,2026-09-02T10:07:00,POLICY_VIOLATION,MEDIUM,SUPPRESSED,UNKNOWN
ALT-001867,OT-00116,PLT-02,2026-09-01T09:52:00,POLICY_VIOLATION,HIGH,TRIAGED,UNKNOWN
ALT-001868,OT-00183,PLT-02,2026-09-23T02:22:00,PROTOCOL_ANOMALY,MEDIUM,TRIAGED,MAINTENANCE_WINDOW
ALT-001869,OT-00881,PLT-09,2026-09-25T15:47:00,UNEXPECTED_WRITE,MEDIUM,TRIAGED,NORMAL
ALT-001870,OT-01226,PLT-12,2026-09-15T09:54:00,MALWARE_SIGNAL,MEDIUM,OPEN,UNKNOWN
ALT-001871,OT-01683,PLT-16,2026-09-27T22:29:00,CONFIG_DRIFT,HIGH,OPEN,UNKNOWN
ALT-001872,OT-00645,PLT-07,2026-09-08T05:58:00,MALWARE_SIGNAL,MEDIUM,SUPPRESSED,UNKNOWN
ALT-001873,OT-01879,PLT-17,2026-10-02T19:32:00,CONFIG_DRIFT,MEDIUM,TRIAGED,NORMAL
ALT-001874,OT-01968,PLT-18,2026-10-03T01:51:00,POLICY_VIOLATION,LOW,CLOSED,DEGRADED
ALT-001875,OT-00265,PLT-03,2026-09-05T09:56:00,CONFIG_DRIFT,MEDIUM,TRIAGED,UNKNOWN
ALT-001876,OT-00212,PLT-03,2026-09-23T18:10:00,AUTH_ANOMALY,LOW,TRIAGED,UNKNOWN
ALT-001877,OT-00570,PLT-06,2026-09-08T04:06:00,PROTOCOL_ANOMALY,MEDIUM,OPEN,MAINTENANCE_WINDOW
ALT-001878,OT-01672,PLT-16,2026-09-15T22:05:00,AUTH_ANOMALY,HIGH,OPEN,MAINTENANCE_WINDOW
ALT-001879,OT-00852,PLT-08,2026-09-03T21:07:00,POLICY_VIOLATION,HIGH,OPEN,UNKNOWN
ALT-001880,OT-01470,PLT-14,2026-09-29T09:09:00,MALWARE_SIGNAL,CRITICAL,CLOSED,UNKNOWN
ALT-001881,OT-01822,PLT-17,2026-09-18T19:40:00,AUTH_ANOMALY,MEDIUM,CLOSED,UNKNOWN
ALT-001882,OT-00647,PLT-07,2026-09-10T18:29:00,POLICY_VIOLATION,MEDIUM,SUPPRESSED,UNKNOWN
ALT-001883,OT-01428,PLT-14,2026-10-03T00:57:00,PROTOCOL_ANOMALY,LOW,CLOSED,UNKNOWN
ALT-001884,OT-00525,PLT-05,2026-09-30T16:43:00,POLICY_VIOLATION,HIGH,TRIAGED,UNKNOWN
ALT-001885,OT-01971,PLT-18,2026-09-21T11:49:00,NEW_DEVICE,MEDIUM,TRIAGED,UNKNOWN
ALT-001886,OT-00953,PLT-09,2026-09-09T16:11:00,PROTOCOL_ANOMALY,LOW,CLOSED,UNKNOWN
ALT-001887,OT-00614,PLT-06,2026-09-25T20:26:00,AUTH_ANOMALY,LOW,CLOSED,UNKNOWN
ALT-001888,OT-01571,PLT-15,2026-10-04T06:59:00,AUTH_ANOMALY,LOW,CLOSED,MAINTENANCE_WINDOW
ALT-001889,OT-00994,PLT-10,2026-09-26T02:13:00,CONFIG_DRIFT,MEDIUM,TRIAGED,UNKNOWN
ALT-001890,OT-00118,PLT-02,2026-09-06T03:47:00,AUTH_ANOMALY,LOW,CLOSED,UNKNOWN
ALT-001891,OT-00163,PLT-02,2026-10-01T04:12:00,NEW_DEVICE,MEDIUM,TRIAGED,NORMAL
ALT-001892,OT-01660,PLT-15,2026-09-30T23:00:00,AUTH_ANOMALY,LOW,SUPPRESSED,NORMAL
ALT-001893,OT-00151,PLT-02,2026-09-15T22:14:00,NEW_DEVICE,MEDIUM,OPEN,UNKNOWN
ALT-001894,OT-01677,PLT-16,2026-09-28T20:40:00,PROTOCOL_ANOMALY,MEDIUM,TRIAGED,UNKNOWN
ALT-001895,OT-01741,PLT-16,2026-10-04T10:44:00,CONFIG_DRIFT,HIGH,OPEN,DEGRADED
ALT-001896,OT-00614,PLT-06,2026-10-04T06:28:00,NEW_DEVICE,CRITICAL,TRIAGED,UNKNOWN
ALT-001897,OT-00951,PLT-09,2026-09-27T13:49:00,MALWARE_SIGNAL,MEDIUM,TRIAGED,NORMAL
ALT-001898,OT-01401,PLT-13,2026-09-08T20:25:00,CONFIG_DRIFT,MEDIUM,TRIAGED,UNKNOWN
ALT-001899,OT-00018,PLT-01,2026-10-04T13:19:00,AUTH_ANOMALY,MEDIUM,CLOSED,DEGRADED
ALT-001900,OT-00713,PLT-07,2026-09-07T02:50:00,MALWARE_SIGNAL,HIGH,TRIAGED,UNKNOWN
ALT-001901,OT-01905,PLT-18,2026-09-21T22:36:00,MALWARE_SIGNAL,LOW,CLOSED,MAINTENANCE_WINDOW
ALT-001902,OT-01168,PLT-11,2026-09-11T15:01:00,UNEXPECTED_WRITE,MEDIUM,SUPPRESSED,UNKNOWN
ALT-001903,OT-00861,PLT-08,2026-09-20T20:26:00,NEW_DEVICE,MEDIUM,OPEN,MAINTENANCE_WINDOW
ALT-001904,OT-00938,PLT-09,2026-09-21T12:22:00,MALWARE_SIGNAL,MEDIUM,SUPPRESSED,UNKNOWN
ALT-001905,OT-01301,PLT-12,2026-09-22T04:09:00,PROTOCOL_ANOMALY,HIGH,SUPPRESSED,UNKNOWN
ALT-001906,OT-00987,PLT-10,2026-09-12T03:36:00,PROTOCOL_ANOMALY,CRITICAL,SUPPRESSED,DEGRADED
ALT-001907,OT-00098,PLT-01,2026-10-03T11:07:00,PROTOCOL_ANOMALY,CRITICAL,TRIAGED,UNKNOWN
ALT-001908,OT-00737,PLT-07,2026-09-21T20:31:00,NEW_DEVICE,MEDIUM,SUPPRESSED,MAINTENANCE_WINDOW
ALT-001909,OT-00876,PLT-08,2026-09-24T22:54:00,AUTH_ANOMALY,MEDIUM,SUPPRESSED,MAINTENANCE_WINDOW
ALT-001910,OT-01508,PLT-14,2026-09-13T14:14:00,AUTH_ANOMALY,HIGH,SUPPRESSED,NORMAL
ALT-001911,OT-01416,PLT-13,2026-09-26T10:51:00,PROTOCOL_ANOMALY,HIGH,SUPPRESSED,DEGRADED
ALT-001912,OT-00651,PLT-07,2026-09-09T15:14:00,CONFIG_DRIFT,MEDIUM,SUPPRESSED,UNKNOWN
ALT-001913,OT-00558,PLT-06,2026-10-03T11:48:00,MALWARE_SIGNAL,HIGH,OPEN,UNKNOWN
ALT-001914,OT-00099,PLT-01,2026-09-21T14:04:00,PROTOCOL_ANOMALY,HIGH,SUPPRESSED,NORMAL
ALT-001915,OT-01201,PLT-11,2026-09-09T07:58:00,MALWARE_SIGNAL,MEDIUM,SUPPRESSED,UNKNOWN
ALT-001916,OT-01075,PLT-10,2026-09-25T01:11:00,MALWARE_SIGNAL,MEDIUM,TRIAGED,NORMAL
ALT-001917,OT-00690,PLT-07,2026-09-09T02:26:00,POLICY_VIOLATION,CRITICAL,SUPPRESSED,UNKNOWN
ALT-001918,OT-00854,PLT-08,2026-10-02T07:07:00,UNEXPECTED_WRITE,LOW,CLOSED,MAINTENANCE_WINDOW
ALT-001919,OT-01843,PLT-17,2026-10-04T17:24:00,POLICY_VIOLATION,LOW,CLOSED,MAINTENANCE_WINDOW
ALT-001920,OT-00570,PLT-06,2026-09-28T11:15:00,AUTH_ANOMALY,HIGH,SUPPRESSED,UNKNOWN
ALT-001921,OT-02007,PLT-18,2026-09-29T21:49:00,PROTOCOL_ANOMALY,MEDIUM,CLOSED,DEGRADED
ALT-001922,OT-00606,PLT-06,2026-09-01T12:30:00,NEW_DEVICE,LOW,OPEN,NORMAL
ALT-001923,OT-00423,PLT-04,2026-10-01T02:02:00,PROTOCOL_ANOMALY,CRITICAL,SUPPRESSED,MAINTENANCE_WINDOW
ALT-001924,OT-00194,PLT-02,2026-09-08T11:40:00,UNEXPECTED_WRITE,LOW,SUPPRESSED,UNKNOWN
ALT-001925,OT-01421,PLT-13,2026-10-03T14:37:00,MALWARE_SIGNAL,HIGH,TRIAGED,NORMAL
ALT-001926,OT-00854,PLT-08,2026-09-11T15:04:00,NEW_DEVICE,HIGH,CLOSED,UNKNOWN
ALT-001927,OT-01798,PLT-17,2026-09-21T23:33:00,NEW_DEVICE,HIGH,CLOSED,UNKNOWN
ALT-001928,OT-00259,PLT-03,2026-10-01T02:32:00,POLICY_VIOLATION,LOW,SUPPRESSED,MAINTENANCE_WINDOW
ALT-001929,OT-01206,PLT-11,2026-09-29T23:17:00,MALWARE_SIGNAL,HIGH,TRIAGED,UNKNOWN
ALT-001930,OT-01443,PLT-14,2026-09-15T09:54:00,NEW_DEVICE,MEDIUM,SUPPRESSED,UNKNOWN
ALT-001931,OT-00409,PLT-04,2026-09-03T20:49:00,MALWARE_SIGNAL,LOW,TRIAGED,MAINTENANCE_WINDOW
ALT-001932,OT-01992,PLT-18,2026-09-22T07:17:00,AUTH_ANOMALY,MEDIUM,OPEN,UNKNOWN
ALT-001933,OT-00395,PLT-04,2026-09-24T11:58:00,AUTH_ANOMALY,MEDIUM,CLOSED,UNKNOWN
ALT-001934,OT-01303,PLT-12,2026-09-30T12:41:00,PROTOCOL_ANOMALY,MEDIUM,TRIAGED,MAINTENANCE_WINDOW
ALT-001935,OT-01952,PLT-18,2026-09-20T17:15:00,AUTH_ANOMALY,LOW,CLOSED,UNKNOWN
ALT-001936,OT-00815,PLT-08,2026-10-04T17:30:00,NEW_DEVICE,HIGH,CLOSED,UNKNOWN
ALT-001937,OT-00086,PLT-01,2026-09-25T06:39:00,NEW_DEVICE,LOW,CLOSED,NORMAL
ALT-001938,OT-00224,PLT-03,2026-09-21T02:25:00,POLICY_VIOLATION,CRITICAL,SUPPRESSED,DEGRADED
ALT-001939,OT-01947,PLT-18,2026-09-16T17:25:00,AUTH_ANOMALY,MEDIUM,SUPPRESSED,UNKNOWN
ALT-001940,OT-00439,PLT-05,2026-09-10T05:02:00,AUTH_ANOMALY,LOW,CLOSED,MAINTENANCE_WINDOW
ALT-001941,OT-00331,PLT-04,2026-09-25T09:30:00,PROTOCOL_ANOMALY,LOW,TRIAGED,MAINTENANCE_WINDOW
ALT-001942,OT-00453,PLT-05,2026-09-12T03:36:00,UNEXPECTED_WRITE,LOW,OPEN,DEGRADED
ALT-001943,OT-01082,PLT-10,2026-10-03T02:34:00,PROTOCOL_ANOMALY,MEDIUM,CLOSED,NORMAL
ALT-001944,OT-01632,PLT-15,2026-09-13T21:38:00,POLICY_VIOLATION,LOW,SUPPRESSED,DEGRADED
ALT-001945,OT-00575,PLT-06,2026-09-19T20:12:00,PROTOCOL_ANOMALY,MEDIUM,SUPPRESSED,DEGRADED
ALT-001946,OT-01508,PLT-14,2026-10-03T11:52:00,PROTOCOL_ANOMALY,LOW,TRIAGED,UNKNOWN
ALT-001947,OT-01248,PLT-12,2026-09-28T16:50:00,PROTOCOL_ANOMALY,HIGH,SUPPRESSED,NORMAL
ALT-001948,OT-01592,PLT-15,2026-10-04T09:23:00,UNEXPECTED_WRITE,MEDIUM,OPEN,UNKNOWN
ALT-001949,OT-01145,PLT-11,2026-09-19T01:32:00,POLICY_VIOLATION,MEDIUM,SUPPRESSED,UNKNOWN
ALT-001950,OT-00281,PLT-03,2026-09-02T05:46:00,MALWARE_SIGNAL,LOW,CLOSED,DEGRADED
ALT-001951,OT-00599,PLT-06,2026-09-20T17:14:00,UNEXPECTED_WRITE,LOW,CLOSED,DEGRADED
ALT-001952,OT-00174,PLT-02,2026-09-15T10:12:00,PROTOCOL_ANOMALY,CRITICAL,TRIAGED,MAINTENANCE_WINDOW
ALT-001953,OT-01832,PLT-17,2026-09-25T04:56:00,MALWARE_SIGNAL,MEDIUM,SUPPRESSED,MAINTENANCE_WINDOW
ALT-001954,OT-00978,PLT-09,2026-09-11T13:05:00,CONFIG_DRIFT,LOW,CLOSED,DEGRADED
ALT-001955,OT-01933,PLT-18,2026-09-18T20:39:00,UNEXPECTED_WRITE,MEDIUM,OPEN,UNKNOWN
ALT-001956,OT-00710,PLT-07,2026-10-05T19:44:00,PROTOCOL_ANOMALY,LOW,OPEN,UNKNOWN
ALT-001957,OT-01756,PLT-16,2026-09-03T12:50:00,PROTOCOL_ANOMALY,HIGH,CLOSED,NORMAL
ALT-001958,OT-00247,PLT-03,2026-09-08T16:59:00,POLICY_VIOLATION,LOW,TRIAGED,UNKNOWN
ALT-001959,OT-01800,PLT-17,2026-09-01T09:48:00,MALWARE_SIGNAL,MEDIUM,CLOSED,UNKNOWN
ALT-001960,OT-00656,PLT-07,2026-09-06T18:34:00,NEW_DEVICE,MEDIUM,SUPPRESSED,MAINTENANCE_WINDOW
ALT-001961,OT-00187,PLT-02,2026-09-21T03:20:00,CONFIG_DRIFT,LOW,TRIAGED,MAINTENANCE_WINDOW
ALT-001962,OT-01939,PLT-18,2026-09-14T05:10:00,CONFIG_DRIFT,LOW,CLOSED,UNKNOWN
ALT-001963,OT-01937,PLT-18,2026-09-02T04:29:00,CONFIG_DRIFT,HIGH,SUPPRESSED,UNKNOWN
ALT-001964,OT-01639,PLT-15,2026-09-27T01:18:00,PROTOCOL_ANOMALY,LOW,TRIAGED,UNKNOWN
ALT-001965,OT-01525,PLT-14,2026-09-28T03:38:00,UNEXPECTED_WRITE,HIGH,TRIAGED,UNKNOWN
ALT-001966,OT-00642,PLT-07,2026-10-01T18:21:00,POLICY_VIOLATION,MEDIUM,SUPPRESSED,UNKNOWN
ALT-001967,OT-00189,PLT-02,2026-09-28T06:04:00,NEW_DEVICE,LOW,SUPPRESSED,UNKNOWN
ALT-001968,OT-00535,PLT-06,2026-09-19T08:47:00,CONFIG_DRIFT,HIGH,OPEN,MAINTENANCE_WINDOW
ALT-001969,OT-01887,PLT-17,2026-10-01T19:13:00,CONFIG_DRIFT,MEDIUM,OPEN,UNKNOWN
ALT-001970,OT-00387,PLT-04,2026-09-02T12:55:00,POLICY_VIOLATION,HIGH,TRIAGED,NORMAL
ALT-001971,OT-01150,PLT-11,2026-09-24T14:12:00,PROTOCOL_ANOMALY,MEDIUM,SUPPRESSED,MAINTENANCE_WINDOW
ALT-001972,OT-00257,PLT-03,2026-09-27T13:59:00,CONFIG_DRIFT,LOW,TRIAGED,UNKNOWN
ALT-001973,OT-01347,PLT-13,2026-09-10T03:09:00,NEW_DEVICE,MEDIUM,TRIAGED,MAINTENANCE_WINDOW
ALT-001974,OT-00799,PLT-08,2026-09-23T08:31:00,CONFIG_DRIFT,HIGH,TRIAGED,MAINTENANCE_WINDOW
ALT-001975,OT-01151,PLT-11,2026-09-04T22:15:00,CONFIG_DRIFT,LOW,OPEN,NORMAL
ALT-001976,OT-00709,PLT-07,2026-09-17T17:26:00,AUTH_ANOMALY,HIGH,OPEN,MAINTENANCE_WINDOW
ALT-001977,OT-00913,PLT-09,2026-09-16T13:59:00,POLICY_VIOLATION,LOW,CLOSED,UNKNOWN
ALT-001978,OT-01250,PLT-12,2026-10-01T22:32:00,UNEXPECTED_WRITE,MEDIUM,SUPPRESSED,MAINTENANCE_WINDOW
ALT-001979,OT-01711,PLT-16,2026-10-02T10:21:00,AUTH_ANOMALY,MEDIUM,OPEN,UNKNOWN
ALT-001980,OT-00485,PLT-05,2026-09-22T04:53:00,POLICY_VIOLATION,HIGH,TRIAGED,UNKNOWN
ALT-001981,OT-01870,PLT-17,2026-09-08T04:42:00,CONFIG_DRIFT,LOW,CLOSED,NORMAL
ALT-001982,OT-01171,PLT-11,2026-09-30T07:03:00,MALWARE_SIGNAL,HIGH,TRIAGED,DEGRADED
ALT-001983,OT-01594,PLT-15,2026-09-28T04:15:00,MALWARE_SIGNAL,MEDIUM,TRIAGED,NORMAL
ALT-001984,OT-01709,PLT-16,2026-09-11T18:30:00,PROTOCOL_ANOMALY,MEDIUM,SUPPRESSED,DEGRADED
ALT-001985,OT-00212,PLT-03,2026-10-04T18:12:00,NEW_DEVICE,LOW,OPEN,UNKNOWN
ALT-001986,OT-01615,PLT-15,2026-10-04T14:50:00,UNEXPECTED_WRITE,MEDIUM,TRIAGED,UNKNOWN
ALT-001987,OT-01495,PLT-14,2026-09-23T16:57:00,UNEXPECTED_WRITE,LOW,SUPPRESSED,MAINTENANCE_WINDOW
ALT-001988,OT-01207,PLT-12,2026-09-03T22:45:00,AUTH_ANOMALY,MEDIUM,OPEN,UNKNOWN
ALT-001989,OT-01935,PLT-18,2026-09-22T13:57:00,AUTH_ANOMALY,LOW,TRIAGED,MAINTENANCE_WINDOW
ALT-001990,OT-00456,PLT-05,2026-09-04T05:52:00,CONFIG_DRIFT,MEDIUM,CLOSED,MAINTENANCE_WINDOW
ALT-001991,OT-01333,PLT-13,2026-09-16T13:18:00,MALWARE_SIGNAL,MEDIUM,SUPPRESSED,UNKNOWN
ALT-001992,OT-01454,PLT-14,2026-10-04T02:33:00,UNEXPECTED_WRITE,CRITICAL,CLOSED,NORMAL
ALT-001993,OT-01081,PLT-10,2026-09-22T03:35:00,PROTOCOL_ANOMALY,MEDIUM,TRIAGED,UNKNOWN
ALT-001994,OT-00109,PLT-02,2026-09-20T07:02:00,NEW_DEVICE,LOW,CLOSED,UNKNOWN
ALT-001995,OT-01021,PLT-10,2026-09-27T19:14:00,PROTOCOL_ANOMALY,MEDIUM,SUPPRESSED,UNKNOWN
ALT-001996,OT-00876,PLT-08,2026-09-27T12:08:00,UNEXPECTED_WRITE,HIGH,TRIAGED,UNKNOWN
ALT-001997,OT-01413,PLT-13,2026-09-12T23:50:00,AUTH_ANOMALY,CRITICAL,TRIAGED,NORMAL
ALT-001998,OT-00661,PLT-07,2026-09-19T15:56:00,UNEXPECTED_WRITE,MEDIUM,OPEN,UNKNOWN
ALT-001999,OT-00522,PLT-05,2026-09-10T01:51:00,MALWARE_SIGNAL,MEDIUM,TRIAGED,UNKNOWN
ALT-002000,OT-00296,PLT-03,2026-09-30T23:46:00,AUTH_ANOMALY,HIGH,CLOSED,UNKNOWN
ALT-002001,OT-00242,PLT-03,2026-10-05T12:22:00,NEW_DEVICE,HIGH,TRIAGED,DEGRADED
ALT-002002,OT-01687,PLT-16,2026-09-20T03:03:00,UNEXPECTED_WRITE,MEDIUM,CLOSED,UNKNOWN
ALT-002003,OT-00700,PLT-07,2026-10-03T03:25:00,UNEXPECTED_WRITE,MEDIUM,CLOSED,UNKNOWN
ALT-002004,OT-00836,PLT-08,2026-09-15T23:15:00,POLICY_VIOLATION,HIGH,SUPPRESSED,UNKNOWN
ALT-002005,OT-00127,PLT-02,2026-10-05T20:10:00,NEW_DEVICE,MEDIUM,TRIAGED,UNKNOWN
ALT-002006,OT-01033,PLT-10,2026-10-04T01:52:00,NEW_DEVICE,MEDIUM,TRIAGED,NORMAL
ALT-002007,OT-00678,PLT-07,2026-09-26T06:15:00,CONFIG_DRIFT,MEDIUM,SUPPRESSED,UNKNOWN
ALT-002008,OT-01653,PLT-15,2026-09-14T04:23:00,CONFIG_DRIFT,CRITICAL,SUPPRESSED,MAINTENANCE_WINDOW
ALT-002009,OT-00734,PLT-07,2026-09-11T21:23:00,MALWARE_SIGNAL,MEDIUM,OPEN,UNKNOWN
ALT-002010,OT-00564,PLT-06,2026-09-01T14:54:00,CONFIG_DRIFT,HIGH,CLOSED,NORMAL
ALT-002011,OT-00365,PLT-04,2026-09-29T11:00:00,PROTOCOL_ANOMALY,HIGH,CLOSED,UNKNOWN
ALT-002012,OT-00161,PLT-02,2026-09-02T17:56:00,UNEXPECTED_WRITE,MEDIUM,CLOSED,UNKNOWN
ALT-002013,OT-00376,PLT-04,2026-09-05T18:20:00,POLICY_VIOLATION,LOW,TRIAGED,UNKNOWN
ALT-002014,OT-00751,PLT-07,2026-09-10T22:49:00,POLICY_VIOLATION,LOW,SUPPRESSED,UNKNOWN
ALT-002015,OT-01645,PLT-15,2026-10-05T13:54:00,NEW_DEVICE,MEDIUM,SUPPRESSED,UNKNOWN
ALT-002016,OT-01645,PLT-15,2026-09-18T17:34:00,NEW_DEVICE,LOW,OPEN,NORMAL
ALT-002017,OT-00385,PLT-04,2026-09-08T05:16:00,POLICY_VIOLATION,LOW,OPEN,UNKNOWN
ALT-002018,OT-01839,PLT-17,2026-09-25T19:11:00,AUTH_ANOMALY,LOW,CLOSED,DEGRADED
ALT-002019,OT-01249,PLT-12,2026-09-11T05:57:00,AUTH_ANOMALY,LOW,OPEN,UNKNOWN
ALT-002020,OT-01481,PLT-14,2026-09-12T19:44:00,CONFIG_DRIFT,MEDIUM,CLOSED,DEGRADED
ALT-002021,OT-00265,PLT-03,2026-09-19T23:17:00,UNEXPECTED_WRITE,HIGH,CLOSED,MAINTENANCE_WINDOW
ALT-002022,OT-00347,PLT-04,2026-09-30T14:40:00,AUTH_ANOMALY,LOW,OPEN,UNKNOWN
ALT-002023,OT-01057,PLT-10,2026-10-04T00:09:00,AUTH_ANOMALY,MEDIUM,TRIAGED,UNKNOWN
ALT-002024,OT-01042,PLT-10,2026-10-04T02:23:00,PROTOCOL_ANOMALY,MEDIUM,TRIAGED,UNKNOWN
ALT-002025,OT-01922,PLT-18,2026-09-24T02:56:00,CONFIG_DRIFT,HIGH,TRIAGED,UNKNOWN
ALT-002026,OT-00770,PLT-08,2026-09-06T07:03:00,NEW_DEVICE,MEDIUM,SUPPRESSED,UNKNOWN
ALT-002027,OT-00240,PLT-03,2026-09-13T09:36:00,POLICY_VIOLATION,MEDIUM,OPEN,NORMAL
ALT-002028,OT-00704,PLT-07,2026-09-27T19:02:00,CONFIG_DRIFT,MEDIUM,TRIAGED,DEGRADED
ALT-002029,OT-01748,PLT-16,2026-09-28T13:07:00,CONFIG_DRIFT,LOW,OPEN,UNKNOWN
ALT-002030,OT-01069,PLT-10,2026-09-04T11:44:00,MALWARE_SIGNAL,LOW,SUPPRESSED,UNKNOWN
ALT-002031,OT-00758,PLT-08,2026-09-23T19:40:00,CONFIG_DRIFT,HIGH,TRIAGED,UNKNOWN
ALT-002032,OT-00191,PLT-02,2026-09-15T06:23:00,PROTOCOL_ANOMALY,HIGH,SUPPRESSED,UNKNOWN
ALT-002033,OT-01329,PLT-13,2026-09-04T23:46:00,NEW_DEVICE,MEDIUM,CLOSED,UNKNOWN
ALT-002034,OT-00686,PLT-07,2026-09-03T08:29:00,POLICY_VIOLATION,LOW,CLOSED,UNKNOWN
ALT-002035,OT-00090,PLT-01,2026-09-28T17:21:00,POLICY_VIOLATION,HIGH,OPEN,DEGRADED
ALT-002036,OT-00291,PLT-03,2026-09-15T12:58:00,POLICY_VIOLATION,MEDIUM,CLOSED,MAINTENANCE_WINDOW
ALT-002037,OT-01861,PLT-17,2026-09-08T18:35:00,MALWARE_SIGNAL,MEDIUM,OPEN,UNKNOWN
ALT-002038,OT-01280,PLT-12,2026-09-16T14:35:00,POLICY_VIOLATION,HIGH,CLOSED,UNKNOWN
ALT-002039,OT-00118,PLT-02,2026-09-06T02:28:00,NEW_DEVICE,MEDIUM,CLOSED,UNKNOWN
ALT-002040,OT-01215,PLT-12,2026-09-22T14:40:00,CONFIG_DRIFT,MEDIUM,TRIAGED,UNKNOWN
ALT-002041,OT-01599,PLT-15,2026-10-02T13:37:00,PROTOCOL_ANOMALY,LOW,OPEN,UNKNOWN
ALT-002042,OT-00375,PLT-04,2026-09-16T02:14:00,MALWARE_SIGNAL,HIGH,CLOSED,UNKNOWN
ALT-002043,OT-00256,PLT-03,2026-10-03T22:04:00,MALWARE_SIGNAL,LOW,TRIAGED,UNKNOWN
ALT-002044,OT-00070,PLT-01,2026-10-01T14:24:00,AUTH_ANOMALY,HIGH,TRIAGED,MAINTENANCE_WINDOW
ALT-002045,OT-00308,PLT-03,2026-09-06T12:57:00,MALWARE_SIGNAL,MEDIUM,CLOSED,DEGRADED
ALT-002046,OT-00773,PLT-08,2026-09-20T17:08:00,NEW_DEVICE,HIGH,SUPPRESSED,DEGRADED
ALT-002047,OT-01403,PLT-13,2026-09-28T22:40:00,NEW_DEVICE,HIGH,SUPPRESSED,UNKNOWN
ALT-002048,OT-00466,PLT-05,2026-09-13T00:12:00,CONFIG_DRIFT,HIGH,SUPPRESSED,NORMAL
ALT-002049,OT-01604,PLT-15,2026-09-15T04:20:00,CONFIG_DRIFT,HIGH,TRIAGED,UNKNOWN
ALT-002050,OT-00002,PLT-01,2026-09-07T04:25:00,AUTH_ANOMALY,MEDIUM,OPEN,UNKNOWN
ALT-002051,OT-01765,PLT-16,2026-09-11T18:45:00,MALWARE_SIGNAL,MEDIUM,OPEN,UNKNOWN
ALT-002052,OT-01321,PLT-13,2026-09-10T14:17:00,NEW_DEVICE,MEDIUM,TRIAGED,UNKNOWN
ALT-002053,OT-01734,PLT-16,2026-09-09T11:38:00,UNEXPECTED_WRITE,LOW,TRIAGED,UNKNOWN
ALT-002054,OT-01682,PLT-16,2026-09-24T05:56:00,POLICY_VIOLATION,MEDIUM,OPEN,NORMAL
ALT-002055,OT-00887,PLT-09,2026-09-13T03:52:00,UNEXPECTED_WRITE,MEDIUM,TRIAGED,UNKNOWN
ALT-002056,OT-01251,PLT-12,2026-10-04T13:49:00,MALWARE_SIGNAL,MEDIUM,SUPPRESSED,DEGRADED
ALT-002057,OT-00521,PLT-05,2026-09-01T03:24:00,CONFIG_DRIFT,MEDIUM,SUPPRESSED,DEGRADED
ALT-002058,OT-01786,PLT-17,2026-09-08T22:07:00,PROTOCOL_ANOMALY,LOW,OPEN,UNKNOWN
ALT-002059,OT-00627,PLT-06,2026-09-30T09:32:00,MALWARE_SIGNAL,MEDIUM,TRIAGED,UNKNOWN
ALT-002060,OT-01385,PLT-13,2026-09-28T05:39:00,MALWARE_SIGNAL,MEDIUM,SUPPRESSED,NORMAL
ALT-002061,OT-01805,PLT-17,2026-09-12T00:22:00,CONFIG_DRIFT,MEDIUM,TRIAGED,UNKNOWN
ALT-002062,OT-01916,PLT-18,2026-09-10T16:07:00,PROTOCOL_ANOMALY,MEDIUM,TRIAGED,UNKNOWN
ALT-002063,OT-01793,PLT-17,2026-09-09T04:17:00,UNEXPECTED_WRITE,MEDIUM,OPEN,UNKNOWN
ALT-002064,OT-01370,PLT-13,2026-09-08T21:19:00,CONFIG_DRIFT,MEDIUM,OPEN,UNKNOWN
ALT-002065,OT-01480,PLT-14,2026-09-30T05:26:00,CONFIG_DRIFT,MEDIUM,OPEN,NORMAL
ALT-002066,OT-01128,PLT-11,2026-09-12T22:34:00,UNEXPECTED_WRITE,HIGH,TRIAGED,DEGRADED
ALT-002067,OT-01981,PLT-18,2026-09-14T20:12:00,NEW_DEVICE,HIGH,CLOSED,MAINTENANCE_WINDOW
ALT-002068,OT-00743,PLT-07,2026-09-28T10:44:00,POLICY_VIOLATION,MEDIUM,SUPPRESSED,MAINTENANCE_WINDOW
ALT-002069,OT-01893,PLT-17,2026-09-15T12:29:00,PROTOCOL_ANOMALY,LOW,OPEN,DEGRADED
ALT-002070,OT-00641,PLT-07,2026-09-25T01:33:00,NEW_DEVICE,MEDIUM,SUPPRESSED,UNKNOWN
ALT-002071,OT-00071,PLT-01,2026-09-14T13:22:00,NEW_DEVICE,LOW,OPEN,DEGRADED
ALT-002072,OT-01707,PLT-16,2026-09-03T11:46:00,AUTH_ANOMALY,LOW,CLOSED,UNKNOWN
ALT-002073,OT-00883,PLT-09,2026-09-03T12:10:00,AUTH_ANOMALY,LOW,SUPPRESSED,UNKNOWN
ALT-002074,OT-00501,PLT-05,2026-09-17T12:21:00,CONFIG_DRIFT,HIGH,TRIAGED,UNKNOWN
ALT-002075,OT-01037,PLT-10,2026-09-08T09:28:00,POLICY_VIOLATION,CRITICAL,OPEN,DEGRADED
ALT-002076,OT-01416,PLT-13,2026-10-02T00:45:00,NEW_DEVICE,MEDIUM,TRIAGED,UNKNOWN
ALT-002077,OT-00294,PLT-03,2026-09-27T07:17:00,AUTH_ANOMALY,LOW,TRIAGED,DEGRADED
ALT-002078,OT-01070,PLT-10,2026-09-17T04:56:00,CONFIG_DRIFT,MEDIUM,SUPPRESSED,UNKNOWN
ALT-002079,OT-00450,PLT-05,2026-09-19T17:41:00,MALWARE_SIGNAL,HIGH,OPEN,UNKNOWN
ALT-002080,OT-00449,PLT-05,2026-09-04T14:20:00,POLICY_VIOLATION,MEDIUM,TRIAGED,UNKNOWN
ALT-002081,OT-01124,PLT-11,2026-10-02T09:52:00,MALWARE_SIGNAL,MEDIUM,SUPPRESSED,DEGRADED
ALT-002082,OT-01426,PLT-14,2026-09-17T00:26:00,AUTH_ANOMALY,LOW,TRIAGED,MAINTENANCE_WINDOW
ALT-002083,OT-00839,PLT-08,2026-09-02T20:49:00,MALWARE_SIGNAL,MEDIUM,TRIAGED,DEGRADED
ALT-002084,OT-01349,PLT-13,2026-09-10T05:19:00,UNEXPECTED_WRITE,MEDIUM,OPEN,NORMAL
ALT-002085,OT-01201,PLT-11,2026-09-06T22:03:00,NEW_DEVICE,MEDIUM,CLOSED,DEGRADED
ALT-002086,OT-00866,PLT-08,2026-09-12T01:40:00,UNEXPECTED_WRITE,HIGH,SUPPRESSED,UNKNOWN
ALT-002087,OT-00224,PLT-03,2026-09-14T02:01:00,CONFIG_DRIFT,HIGH,SUPPRESSED,DEGRADED
ALT-002088,OT-00792,PLT-08,2026-09-05T07:30:00,MALWARE_SIGNAL,HIGH,SUPPRESSED,NORMAL
ALT-002089,OT-00958,PLT-09,2026-09-07T18:09:00,POLICY_VIOLATION,HIGH,CLOSED,UNKNOWN
ALT-002090,OT-01358,PLT-13,2026-09-20T17:27:00,CONFIG_DRIFT,HIGH,OPEN,MAINTENANCE_WINDOW
ALT-002091,OT-00892,PLT-09,2026-09-25T19:01:00,UNEXPECTED_WRITE,HIGH,OPEN,DEGRADED
ALT-002092,OT-00007,PLT-01,2026-09-27T13:26:00,CONFIG_DRIFT,MEDIUM,TRIAGED,UNKNOWN
ALT-002093,OT-00444,PLT-05,2026-09-22T21:31:00,PROTOCOL_ANOMALY,HIGH,SUPPRESSED,UNKNOWN
ALT-002094,OT-00032,PLT-01,2026-09-01T22:59:00,UNEXPECTED_WRITE,HIGH,TRIAGED,UNKNOWN
ALT-002095,OT-01039,PLT-10,2026-09-08T13:25:00,MALWARE_SIGNAL,CRITICAL,OPEN,UNKNOWN
ALT-002096,OT-00370,PLT-04,2026-09-08T19:49:00,CONFIG_DRIFT,HIGH,CLOSED,UNKNOWN
ALT-002097,OT-00219,PLT-03,2026-09-21T09:51:00,AUTH_ANOMALY,MEDIUM,OPEN,UNKNOWN
ALT-002098,OT-01210,PLT-12,2026-09-21T13:30:00,UNEXPECTED_WRITE,LOW,CLOSED,UNKNOWN
ALT-002099,OT-00097,PLT-01,2026-09-25T03:30:00,NEW_DEVICE,MEDIUM,OPEN,UNKNOWN
ALT-002100,OT-00224,PLT-03,2026-10-04T16:18:00,PROTOCOL_ANOMALY,LOW,TRIAGED,UNKNOWN
ALT-002101,OT-00155,PLT-02,2026-09-03T23:42:00,UNEXPECTED_WRITE,MEDIUM,CLOSED,UNKNOWN
ALT-002102,OT-00482,PLT-05,2026-09-19T06:20:00,PROTOCOL_ANOMALY,HIGH,OPEN,DEGRADED
ALT-002103,OT-00533,PLT-06,2026-09-12T17:27:00,AUTH_ANOMALY,HIGH,TRIAGED,UNKNOWN
ALT-002104,OT-01819,PLT-17,2026-09-20T19:37:00,UNEXPECTED_WRITE,LOW,SUPPRESSED,UNKNOWN
ALT-002105,OT-00707,PLT-07,2026-09-15T20:15:00,MALWARE_SIGNAL,MEDIUM,TRIAGED,UNKNOWN
ALT-002106,OT-00229,PLT-03,2026-09-13T07:31:00,MALWARE_SIGNAL,LOW,SUPPRESSED,UNKNOWN
ALT-002107,OT-01536,PLT-14,2026-09-24T11:56:00,POLICY_VIOLATION,HIGH,TRIAGED,UNKNOWN
ALT-002108,OT-01315,PLT-13,2026-10-02T07:53:00,UNEXPECTED_WRITE,MEDIUM,TRIAGED,UNKNOWN
ALT-002109,OT-01577,PLT-15,2026-09-25T01:14:00,AUTH_ANOMALY,MEDIUM,SUPPRESSED,UNKNOWN
ALT-002110,OT-01407,PLT-13,2026-09-21T22:27:00,CONFIG_DRIFT,MEDIUM,CLOSED,MAINTENANCE_WINDOW
ALT-002111,OT-00124,PLT-02,2026-09-15T16:01:00,AUTH_ANOMALY,MEDIUM,SUPPRESSED,UNKNOWN
ALT-002112,OT-00974,PLT-09,2026-09-28T08:54:00,POLICY_VIOLATION,MEDIUM,TRIAGED,UNKNOWN
ALT-002113,OT-00246,PLT-03,2026-09-03T20:25:00,NEW_DEVICE,MEDIUM,TRIAGED,UNKNOWN
ALT-002114,OT-01453,PLT-14,2026-09-03T21:42:00,AUTH_ANOMALY,MEDIUM,CLOSED,UNKNOWN
ALT-002115,OT-01732,PLT-16,2026-09-18T19:00:00,UNEXPECTED_WRITE,HIGH,SUPPRESSED,DEGRADED
ALT-002116,OT-01752,PLT-16,2026-09-14T16:04:00,UNEXPECTED_WRITE,MEDIUM,CLOSED,MAINTENANCE_WINDOW
ALT-002117,OT-00303,PLT-03,2026-09-14T00:41:00,UNEXPECTED_WRITE,MEDIUM,CLOSED,UNKNOWN
ALT-002118,OT-01908,PLT-18,2026-09-02T01:48:00,AUTH_ANOMALY,MEDIUM,TRIAGED,UNKNOWN
ALT-002119,OT-00109,PLT-02,2026-09-18T13:24:00,AUTH_ANOMALY,MEDIUM,CLOSED,UNKNOWN
ALT-002120,OT-00333,PLT-04,2026-09-04T14:02:00,AUTH_ANOMALY,MEDIUM,SUPPRESSED,MAINTENANCE_WINDOW
ALT-002121,OT-01051,PLT-10,2026-10-03T08:47:00,NEW_DEVICE,MEDIUM,OPEN,UNKNOWN
ALT-002122,OT-01824,PLT-17,2026-10-01T05:08:00,POLICY_VIOLATION,LOW,OPEN,UNKNOWN
ALT-002123,OT-00838,PLT-08,2026-09-12T20:57:00,MALWARE_SIGNAL,MEDIUM,TRIAGED,UNKNOWN
ALT-002124,OT-00769,PLT-08,2026-09-07T18:14:00,NEW_DEVICE,MEDIUM,TRIAGED,UNKNOWN
ALT-002125,OT-00309,PLT-03,2026-09-04T11:43:00,POLICY_VIOLATION,HIGH,OPEN,UNKNOWN
ALT-002126,OT-00575,PLT-06,2026-09-12T06:55:00,NEW_DEVICE,MEDIUM,SUPPRESSED,UNKNOWN
ALT-002127,OT-00555,PLT-06,2026-09-25T09:50:00,POLICY_VIOLATION,MEDIUM,CLOSED,UNKNOWN
ALT-002128,OT-01441,PLT-14,2026-09-28T15:38:00,MALWARE_SIGNAL,LOW,SUPPRESSED,UNKNOWN
ALT-002129,OT-01165,PLT-11,2026-09-17T01:40:00,NEW_DEVICE,MEDIUM,SUPPRESSED,UNKNOWN
ALT-002130,OT-01417,PLT-13,2026-09-01T13:13:00,CONFIG_DRIFT,LOW,TRIAGED,UNKNOWN
ALT-002131,OT-01287,PLT-12,2026-09-26T11:18:00,PROTOCOL_ANOMALY,HIGH,OPEN,NORMAL
ALT-002132,OT-01719,PLT-16,2026-10-03T05:20:00,AUTH_ANOMALY,MEDIUM,OPEN,UNKNOWN
ALT-002133,OT-01013,PLT-10,2026-09-20T06:04:00,NEW_DEVICE,MEDIUM,CLOSED,UNKNOWN
ALT-002134,OT-01363,PLT-13,2026-09-18T16:56:00,CONFIG_DRIFT,LOW,OPEN,DEGRADED
ALT-002135,OT-01738,PLT-16,2026-09-28T14:38:00,MALWARE_SIGNAL,MEDIUM,CLOSED,UNKNOWN
ALT-002136,OT-01628,PLT-15,2026-09-05T18:51:00,POLICY_VIOLATION,MEDIUM,TRIAGED,NORMAL
ALT-002137,OT-01260,PLT-12,2026-09-04T05:20:00,AUTH_ANOMALY,MEDIUM,SUPPRESSED,NORMAL
ALT-002138,OT-01378,PLT-13,2026-09-28T04:24:00,PROTOCOL_ANOMALY,MEDIUM,TRIAGED,DEGRADED
ALT-002139,OT-01929,PLT-18,2026-09-29T07:59:00,UNEXPECTED_WRITE,LOW,SUPPRESSED,UNKNOWN
ALT-002140,OT-01030,PLT-10,2026-09-29T15:17:00,PROTOCOL_ANOMALY,MEDIUM,TRIAGED,MAINTENANCE_WINDOW
ALT-002141,OT-00156,PLT-02,2026-09-05T15:49:00,PROTOCOL_ANOMALY,MEDIUM,CLOSED,UNKNOWN
ALT-002142,OT-00844,PLT-08,2026-09-29T23:51:00,POLICY_VIOLATION,HIGH,OPEN,UNKNOWN
ALT-002143,OT-00883,PLT-09,2026-09-03T01:02:00,MALWARE_SIGNAL,LOW,SUPPRESSED,UNKNOWN
ALT-002144,OT-01915,PLT-18,2026-09-17T03:52:00,UNEXPECTED_WRITE,HIGH,CLOSED,UNKNOWN
ALT-002145,OT-00293,PLT-03,2026-09-25T23:06:00,POLICY_VIOLATION,HIGH,TRIAGED,DEGRADED
ALT-002146,OT-00072,PLT-01,2026-09-25T07:43:00,POLICY_VIOLATION,LOW,TRIAGED,MAINTENANCE_WINDOW
ALT-002147,OT-01642,PLT-15,2026-09-23T19:10:00,NEW_DEVICE,MEDIUM,CLOSED,UNKNOWN
ALT-002148,OT-00455,PLT-05,2026-09-10T21:25:00,NEW_DEVICE,MEDIUM,TRIAGED,UNKNOWN
ALT-002149,OT-00770,PLT-08,2026-09-21T22:53:00,AUTH_ANOMALY,HIGH,TRIAGED,UNKNOWN
ALT-002150,OT-02006,PLT-18,2026-09-20T13:06:00,POLICY_VIOLATION,LOW,CLOSED,NORMAL
ALT-002151,OT-00074,PLT-01,2026-09-20T18:42:00,AUTH_ANOMALY,MEDIUM,TRIAGED,UNKNOWN
ALT-002152,OT-00414,PLT-04,2026-10-02T08:22:00,AUTH_ANOMALY,MEDIUM,OPEN,MAINTENANCE_WINDOW
ALT-002153,OT-01411,PLT-13,2026-09-24T04:00:00,PROTOCOL_ANOMALY,LOW,CLOSED,UNKNOWN
ALT-002154,OT-00457,PLT-05,2026-09-09T01:31:00,MALWARE_SIGNAL,LOW,OPEN,UNKNOWN
ALT-002155,OT-00824,PLT-08,2026-10-02T08:07:00,AUTH_ANOMALY,LOW,CLOSED,UNKNOWN
ALT-002156,OT-01052,PLT-10,2026-09-10T09:35:00,NEW_DEVICE,MEDIUM,OPEN,UNKNOWN
ALT-002157,OT-01994,PLT-18,2026-09-24T19:37:00,PROTOCOL_ANOMALY,MEDIUM,CLOSED,MAINTENANCE_WINDOW
ALT-002158,OT-01235,PLT-12,2026-09-16T00:19:00,AUTH_ANOMALY,MEDIUM,TRIAGED,UNKNOWN
ALT-002159,OT-00459,PLT-05,2026-09-29T16:03:00,PROTOCOL_ANOMALY,HIGH,SUPPRESSED,NORMAL
ALT-002160,OT-00374,PLT-04,2026-09-29T16:57:00,NEW_DEVICE,LOW,SUPPRESSED,DEGRADED
ALT-002161,OT-00784,PLT-08,2026-09-08T06:50:00,MALWARE_SIGNAL,HIGH,SUPPRESSED,DEGRADED
ALT-002162,OT-00121,PLT-02,2026-09-27T23:26:00,UNEXPECTED_WRITE,MEDIUM,OPEN,UNKNOWN
ALT-002163,OT-00175,PLT-02,2026-09-22T17:54:00,PROTOCOL_ANOMALY,MEDIUM,SUPPRESSED,UNKNOWN
ALT-002164,OT-01272,PLT-12,2026-09-30T06:54:00,NEW_DEVICE,LOW,TRIAGED,UNKNOWN
ALT-002165,OT-00160,PLT-02,2026-10-03T08:58:00,CONFIG_DRIFT,LOW,OPEN,UNKNOWN
ALT-002166,OT-01767,PLT-16,2026-09-09T15:51:00,UNEXPECTED_WRITE,MEDIUM,TRIAGED,UNKNOWN
ALT-002167,OT-01726,PLT-16,2026-09-21T05:19:00,PROTOCOL_ANOMALY,HIGH,CLOSED,NORMAL
ALT-002168,OT-00749,PLT-07,2026-10-01T03:40:00,AUTH_ANOMALY,MEDIUM,TRIAGED,MAINTENANCE_WINDOW
ALT-002169,OT-01784,PLT-16,2026-09-10T19:38:00,UNEXPECTED_WRITE,LOW,CLOSED,UNKNOWN
ALT-002170,OT-01348,PLT-13,2026-09-22T01:50:00,POLICY_VIOLATION,HIGH,TRIAGED,NORMAL
ALT-002171,OT-00713,PLT-07,2026-09-01T17:57:00,MALWARE_SIGNAL,LOW,SUPPRESSED,UNKNOWN
ALT-002172,OT-01896,PLT-18,2026-09-19T12:04:00,POLICY_VIOLATION,MEDIUM,CLOSED,UNKNOWN
ALT-002173,OT-01729,PLT-16,2026-09-02T03:14:00,PROTOCOL_ANOMALY,MEDIUM,OPEN,NORMAL
ALT-002174,OT-00406,PLT-04,2026-09-25T20:38:00,NEW_DEVICE,HIGH,TRIAGED,MAINTENANCE_WINDOW
ALT-002175,OT-00252,PLT-03,2026-09-12T07:02:00,MALWARE_SIGNAL,MEDIUM,SUPPRESSED,UNKNOWN
ALT-002176,OT-00838,PLT-08,2026-09-27T21:56:00,POLICY_VIOLATION,LOW,OPEN,UNKNOWN
ALT-002177,OT-00205,PLT-02,2026-09-24T09:36:00,CONFIG_DRIFT,LOW,SUPPRESSED,UNKNOWN
ALT-002178,OT-01346,PLT-13,2026-10-04T11:34:00,UNEXPECTED_WRITE,HIGH,CLOSED,UNKNOWN
ALT-002179,OT-01012,PLT-10,2026-09-06T09:58:00,AUTH_ANOMALY,MEDIUM,CLOSED,UNKNOWN
ALT-002180,OT-00382,PLT-04,2026-09-15T11:29:00,CONFIG_DRIFT,MEDIUM,SUPPRESSED,NORMAL
ALT-002181,OT-00148,PLT-02,2026-09-10T07:57:00,AUTH_ANOMALY,MEDIUM,OPEN,UNKNOWN
ALT-002182,OT-01230,PLT-12,2026-09-04T14:30:00,NEW_DEVICE,HIGH,TRIAGED,UNKNOWN
ALT-002183,OT-01767,PLT-16,2026-09-21T23:19:00,POLICY_VIOLATION,LOW,SUPPRESSED,UNKNOWN
ALT-002184,OT-01140,PLT-11,2026-10-04T17:33:00,POLICY_VIOLATION,HIGH,CLOSED,UNKNOWN
ALT-002185,OT-00333,PLT-04,2026-09-17T03:40:00,MALWARE_SIGNAL,HIGH,OPEN,UNKNOWN
ALT-002186,OT-01852,PLT-17,2026-09-11T05:29:00,PROTOCOL_ANOMALY,MEDIUM,TRIAGED,NORMAL
ALT-002187,OT-00808,PLT-08,2026-09-26T06:06:00,AUTH_ANOMALY,CRITICAL,CLOSED,UNKNOWN
ALT-002188,OT-00411,PLT-04,2026-09-30T02:01:00,UNEXPECTED_WRITE,LOW,TRIAGED,MAINTENANCE_WINDOW
ALT-002189,OT-00607,PLT-06,2026-10-01T13:37:00,AUTH_ANOMALY,LOW,OPEN,DEGRADED
ALT-002190,OT-01248,PLT-12,2026-09-14T21:33:00,MALWARE_SIGNAL,MEDIUM,TRIAGED,UNKNOWN
ALT-002191,OT-00546,PLT-06,2026-10-02T00:59:00,CONFIG_DRIFT,MEDIUM,CLOSED,UNKNOWN
ALT-002192,OT-01593,PLT-15,2026-09-22T04:07:00,CONFIG_DRIFT,LOW,OPEN,UNKNOWN
ALT-002193,OT-01423,PLT-13,2026-09-27T00:18:00,CONFIG_DRIFT,LOW,TRIAGED,UNKNOWN
ALT-002194,OT-00187,PLT-02,2026-09-17T14:07:00,POLICY_VIOLATION,LOW,CLOSED,UNKNOWN
ALT-002195,OT-00185,PLT-02,2026-09-03T17:21:00,UNEXPECTED_WRITE,HIGH,TRIAGED,UNKNOWN
ALT-002196,OT-01629,PLT-15,2026-09-26T08:22:00,CONFIG_DRIFT,MEDIUM,CLOSED,UNKNOWN
ALT-002197,OT-02007,PLT-18,2026-09-07T21:01:00,NEW_DEVICE,HIGH,TRIAGED,UNKNOWN
ALT-002198,OT-01270,PLT-12,2026-09-21T16:50:00,NEW_DEVICE,HIGH,CLOSED,UNKNOWN
ALT-002199,OT-00201,PLT-02,2026-09-08T03:53:00,AUTH_ANOMALY,MEDIUM,OPEN,UNKNOWN
ALT-002200,OT-00952,PLT-09,2026-09-09T15:37:00,PROTOCOL_ANOMALY,MEDIUM,OPEN,UNKNOWN
ALT-002201,OT-00304,PLT-03,2026-09-16T09:43:00,UNEXPECTED_WRITE,LOW,CLOSED,UNKNOWN
ALT-002202,OT-00677,PLT-07,2026-09-17T01:07:00,UNEXPECTED_WRITE,LOW,CLOSED,UNKNOWN
ALT-002203,OT-00334,PLT-04,2026-09-12T14:59:00,NEW_DEVICE,LOW,TRIAGED,DEGRADED
ALT-002204,OT-00426,PLT-04,2026-10-04T18:48:00,POLICY_VIOLATION,MEDIUM,TRIAGED,UNKNOWN
ALT-002205,OT-01354,PLT-13,2026-09-26T03:00:00,NEW_DEVICE,LOW,TRIAGED,NORMAL
ALT-002206,OT-01308,PLT-13,2026-09-26T05:12:00,CONFIG_DRIFT,HIGH,SUPPRESSED,UNKNOWN
ALT-002207,OT-01987,PLT-18,2026-09-21T16:04:00,AUTH_ANOMALY,LOW,CLOSED,UNKNOWN
ALT-002208,OT-00696,PLT-07,2026-09-12T07:46:00,MALWARE_SIGNAL,MEDIUM,CLOSED,UNKNOWN
ALT-002209,OT-01290,PLT-12,2026-10-04T11:29:00,MALWARE_SIGNAL,HIGH,OPEN,DEGRADED
ALT-002210,OT-01189,PLT-11,2026-09-10T19:10:00,CONFIG_DRIFT,MEDIUM,SUPPRESSED,MAINTENANCE_WINDOW
ALT-002211,OT-00664,PLT-07,2026-09-28T14:54:00,PROTOCOL_ANOMALY,MEDIUM,CLOSED,UNKNOWN
ALT-002212,OT-00471,PLT-05,2026-09-14T03:43:00,UNEXPECTED_WRITE,LOW,OPEN,UNKNOWN
ALT-002213,OT-01606,PLT-15,2026-09-28T01:13:00,PROTOCOL_ANOMALY,CRITICAL,OPEN,MAINTENANCE_WINDOW
ALT-002214,OT-01853,PLT-17,2026-09-21T02:40:00,PROTOCOL_ANOMALY,MEDIUM,SUPPRESSED,UNKNOWN
ALT-002215,OT-00260,PLT-03,2026-10-05T21:23:00,NEW_DEVICE,MEDIUM,CLOSED,UNKNOWN
ALT-002216,OT-00924,PLT-09,2026-09-29T11:31:00,NEW_DEVICE,MEDIUM,CLOSED,UNKNOWN
ALT-002217,OT-01278,PLT-12,2026-09-05T07:18:00,POLICY_VIOLATION,LOW,TRIAGED,MAINTENANCE_WINDOW
ALT-002218,OT-01554,PLT-15,2026-10-05T07:51:00,CONFIG_DRIFT,LOW,CLOSED,UNKNOWN
ALT-002219,OT-00984,PLT-09,2026-09-28T02:05:00,AUTH_ANOMALY,HIGH,SUPPRESSED,MAINTENANCE_WINDOW
ALT-002220,OT-01446,PLT-14,2026-09-16T02:18:00,AUTH_ANOMALY,MEDIUM,TRIAGED,UNKNOWN
ALT-002221,OT-01423,PLT-13,2026-09-14T08:50:00,POLICY_VIOLATION,LOW,SUPPRESSED,UNKNOWN
ALT-002222,OT-00868,PLT-08,2026-10-02T03:08:00,UNEXPECTED_WRITE,MEDIUM,SUPPRESSED,UNKNOWN
ALT-002223,OT-00960,PLT-09,2026-09-08T05:06:00,POLICY_VIOLATION,LOW,OPEN,UNKNOWN
ALT-002224,OT-00569,PLT-06,2026-10-01T20:50:00,AUTH_ANOMALY,CRITICAL,CLOSED,UNKNOWN
ALT-002225,OT-01379,PLT-13,2026-09-07T07:46:00,POLICY_VIOLATION,HIGH,CLOSED,DEGRADED
ALT-002226,OT-00827,PLT-08,2026-09-24T22:01:00,NEW_DEVICE,LOW,OPEN,UNKNOWN
ALT-002227,OT-00414,PLT-04,2026-09-01T01:46:00,UNEXPECTED_WRITE,LOW,OPEN,MAINTENANCE_WINDOW
ALT-002228,OT-01530,PLT-14,2026-09-19T16:24:00,PROTOCOL_ANOMALY,HIGH,CLOSED,UNKNOWN
ALT-002229,OT-00011,PLT-01,2026-09-07T00:50:00,NEW_DEVICE,LOW,CLOSED,UNKNOWN
ALT-002230,OT-00589,PLT-06,2026-09-10T21:31:00,UNEXPECTED_WRITE,MEDIUM,SUPPRESSED,UNKNOWN
ALT-002231,OT-00460,PLT-05,2026-09-06T17:49:00,AUTH_ANOMALY,MEDIUM,SUPPRESSED,UNKNOWN
ALT-002232,OT-00035,PLT-01,2026-09-01T20:36:00,POLICY_VIOLATION,HIGH,CLOSED,NORMAL
ALT-002233,OT-00380,PLT-04,2026-09-05T14:46:00,MALWARE_SIGNAL,MEDIUM,TRIAGED,MAINTENANCE_WINDOW
ALT-002234,OT-01465,PLT-14,2026-09-29T03:15:00,POLICY_VIOLATION,LOW,TRIAGED,DEGRADED
ALT-002235,OT-01769,PLT-16,2026-09-08T18:37:00,MALWARE_SIGNAL,CRITICAL,SUPPRESSED,UNKNOWN
ALT-002236,OT-00675,PLT-07,2026-10-01T14:43:00,UNEXPECTED_WRITE,MEDIUM,CLOSED,NORMAL
ALT-002237,OT-00723,PLT-07,2026-09-06T04:29:00,CONFIG_DRIFT,LOW,TRIAGED,UNKNOWN
ALT-002238,OT-00797,PLT-08,2026-10-03T08:23:00,AUTH_ANOMALY,HIGH,OPEN,MAINTENANCE_WINDOW
ALT-002239,OT-01621,PLT-15,2026-09-07T05:36:00,AUTH_ANOMALY,MEDIUM,OPEN,MAINTENANCE_WINDOW
ALT-002240,OT-01545,PLT-14,2026-09-10T10:05:00,AUTH_ANOMALY,MEDIUM,OPEN,NORMAL
ALT-002241,OT-01150,PLT-11,2026-09-20T11:52:00,AUTH_ANOMALY,HIGH,CLOSED,UNKNOWN
ALT-002242,OT-00591,PLT-06,2026-09-02T04:10:00,NEW_DEVICE,LOW,SUPPRESSED,UNKNOWN
ALT-002243,OT-00276,PLT-03,2026-09-24T20:21:00,AUTH_ANOMALY,LOW,OPEN,UNKNOWN
ALT-002244,OT-00431,PLT-04,2026-09-12T23:39:00,UNEXPECTED_WRITE,MEDIUM,OPEN,UNKNOWN
ALT-002245,OT-00764,PLT-08,2026-09-02T03:14:00,PROTOCOL_ANOMALY,LOW,TRIAGED,UNKNOWN
ALT-002246,OT-01634,PLT-15,2026-09-23T20:48:00,CONFIG_DRIFT,MEDIUM,CLOSED,UNKNOWN
ALT-002247,OT-00578,PLT-06,2026-09-14T18:22:00,UNEXPECTED_WRITE,LOW,TRIAGED,MAINTENANCE_WINDOW
ALT-002248,OT-00323,PLT-04,2026-09-15T01:43:00,AUTH_ANOMALY,HIGH,TRIAGED,UNKNOWN
ALT-002249,OT-01246,PLT-12,2026-09-29T02:56:00,MALWARE_SIGNAL,MEDIUM,SUPPRESSED,UNKNOWN
ALT-002250,OT-00038,PLT-01,2026-09-16T19:05:00,MALWARE_SIGNAL,LOW,SUPPRESSED,NORMAL
ALT-002251,OT-01446,PLT-14,2026-09-12T20:47:00,MALWARE_SIGNAL,LOW,CLOSED,UNKNOWN
ALT-002252,OT-01962,PLT-18,2026-09-25T03:40:00,UNEXPECTED_WRITE,MEDIUM,CLOSED,UNKNOWN
ALT-002253,OT-00416,PLT-04,2026-09-13T13:55:00,AUTH_ANOMALY,HIGH,TRIAGED,UNKNOWN
ALT-002254,OT-01384,PLT-13,2026-09-11T15:45:00,CONFIG_DRIFT,HIGH,OPEN,UNKNOWN
ALT-002255,OT-01732,PLT-16,2026-09-22T09:48:00,UNEXPECTED_WRITE,LOW,TRIAGED,DEGRADED
ALT-002256,OT-00022,PLT-01,2026-09-11T00:51:00,POLICY_VIOLATION,LOW,TRIAGED,UNKNOWN
ALT-002257,OT-01134,PLT-11,2026-09-19T06:02:00,AUTH_ANOMALY,LOW,OPEN,UNKNOWN
ALT-002258,OT-00109,PLT-02,2026-09-22T15:36:00,MALWARE_SIGNAL,LOW,SUPPRESSED,DEGRADED
ALT-002259,OT-01208,PLT-12,2026-09-30T15:54:00,MALWARE_SIGNAL,HIGH,OPEN,UNKNOWN
ALT-002260,OT-00936,PLT-09,2026-09-19T14:06:00,NEW_DEVICE,HIGH,OPEN,UNKNOWN
ALT-002261,OT-01301,PLT-12,2026-09-17T17:05:00,NEW_DEVICE,MEDIUM,OPEN,DEGRADED
ALT-002262,OT-01697,PLT-16,2026-09-22T04:55:00,MALWARE_SIGNAL,MEDIUM,TRIAGED,NORMAL
ALT-002263,OT-01507,PLT-14,2026-09-25T02:22:00,NEW_DEVICE,MEDIUM,OPEN,UNKNOWN
ALT-002264,OT-01630,PLT-15,2026-10-03T08:02:00,UNEXPECTED_WRITE,MEDIUM,SUPPRESSED,UNKNOWN
ALT-002265,OT-00345,PLT-04,2026-09-09T23:20:00,PROTOCOL_ANOMALY,LOW,TRIAGED,DEGRADED
ALT-002266,OT-01728,PLT-16,2026-09-28T11:31:00,MALWARE_SIGNAL,HIGH,OPEN,NORMAL
ALT-002267,OT-01313,PLT-13,2026-09-17T23:45:00,UNEXPECTED_WRITE,MEDIUM,SUPPRESSED,DEGRADED
ALT-002268,OT-00153,PLT-02,2026-09-01T16:33:00,NEW_DEVICE,MEDIUM,SUPPRESSED,UNKNOWN
ALT-002269,OT-01732,PLT-16,2026-09-25T01:30:00,POLICY_VIOLATION,MEDIUM,OPEN,UNKNOWN
ALT-002270,OT-01754,PLT-16,2026-09-04T12:54:00,MALWARE_SIGNAL,MEDIUM,OPEN,UNKNOWN
ALT-002271,OT-01788,PLT-17,2026-09-29T01:27:00,MALWARE_SIGNAL,LOW,OPEN,DEGRADED
ALT-002272,OT-01707,PLT-16,2026-09-23T03:59:00,NEW_DEVICE,MEDIUM,CLOSED,NORMAL
ALT-002273,OT-01029,PLT-10,2026-09-26T23:11:00,PROTOCOL_ANOMALY,MEDIUM,CLOSED,DEGRADED
ALT-002274,OT-00453,PLT-05,2026-09-04T00:44:00,MALWARE_SIGNAL,MEDIUM,OPEN,MAINTENANCE_WINDOW
ALT-002275,OT-00389,PLT-04,2026-10-02T13:23:00,UNEXPECTED_WRITE,HIGH,OPEN,MAINTENANCE_WINDOW
ALT-002276,OT-00760,PLT-08,2026-10-01T20:55:00,UNEXPECTED_WRITE,HIGH,CLOSED,UNKNOWN
ALT-002277,OT-00426,PLT-04,2026-10-01T09:31:00,CONFIG_DRIFT,MEDIUM,SUPPRESSED,NORMAL
ALT-002278,OT-00323,PLT-04,2026-09-21T17:10:00,POLICY_VIOLATION,LOW,OPEN,UNKNOWN
ALT-002279,OT-01688,PLT-16,2026-09-07T14:07:00,UNEXPECTED_WRITE,MEDIUM,SUPPRESSED,UNKNOWN
ALT-002280,OT-01387,PLT-13,2026-09-15T13:39:00,AUTH_ANOMALY,LOW,SUPPRESSED,UNKNOWN
ALT-002281,OT-00672,PLT-07,2026-09-24T12:41:00,UNEXPECTED_WRITE,CRITICAL,TRIAGED,DEGRADED
ALT-002282,OT-00250,PLT-03,2026-09-25T13:25:00,MALWARE_SIGNAL,MEDIUM,SUPPRESSED,UNKNOWN
ALT-002283,OT-01896,PLT-18,2026-09-23T02:49:00,NEW_DEVICE,HIGH,SUPPRESSED,UNKNOWN
ALT-002284,OT-01365,PLT-13,2026-09-05T13:40:00,NEW_DEVICE,CRITICAL,SUPPRESSED,MAINTENANCE_WINDOW
ALT-002285,OT-01965,PLT-18,2026-09-05T17:56:00,MALWARE_SIGNAL,LOW,SUPPRESSED,UNKNOWN
ALT-002286,OT-00546,PLT-06,2026-09-25T18:33:00,CONFIG_DRIFT,HIGH,SUPPRESSED,UNKNOWN
ALT-002287,OT-00741,PLT-07,2026-09-24T19:09:00,POLICY_VIOLATION,HIGH,OPEN,DEGRADED
ALT-002288,OT-00180,PLT-02,2026-09-02T05:34:00,AUTH_ANOMALY,HIGH,CLOSED,UNKNOWN
ALT-002289,OT-01817,PLT-17,2026-09-06T07:25:00,UNEXPECTED_WRITE,MEDIUM,CLOSED,UNKNOWN
ALT-002290,OT-00459,PLT-05,2026-09-04T12:19:00,NEW_DEVICE,MEDIUM,TRIAGED,DEGRADED
ALT-002291,OT-01494,PLT-14,2026-10-02T02:56:00,POLICY_VIOLATION,LOW,OPEN,UNKNOWN
ALT-002292,OT-01912,PLT-18,2026-09-08T05:14:00,NEW_DEVICE,LOW,CLOSED,UNKNOWN
ALT-002293,OT-00750,PLT-07,2026-09-03T23:15:00,PROTOCOL_ANOMALY,LOW,CLOSED,UNKNOWN
ALT-002294,OT-00394,PLT-04,2026-09-20T03:57:00,PROTOCOL_ANOMALY,LOW,TRIAGED,UNKNOWN
ALT-002295,OT-00475,PLT-05,2026-09-08T18:59:00,UNEXPECTED_WRITE,HIGH,OPEN,MAINTENANCE_WINDOW
ALT-002296,OT-02007,PLT-18,2026-09-28T15:51:00,AUTH_ANOMALY,LOW,TRIAGED,UNKNOWN
ALT-002297,OT-00681,PLT-07,2026-09-03T19:09:00,AUTH_ANOMALY,LOW,CLOSED,NORMAL
ALT-002298,OT-01911,PLT-18,2026-09-18T01:06:00,AUTH_ANOMALY,HIGH,TRIAGED,NORMAL
ALT-002299,OT-01698,PLT-16,2026-09-28T19:53:00,CONFIG_DRIFT,MEDIUM,CLOSED,DEGRADED
ALT-002300,OT-01808,PLT-17,2026-09-13T17:57:00,CONFIG_DRIFT,LOW,TRIAGED,UNKNOWN
ALT-002301,OT-00936,PLT-09,2026-09-30T08:37:00,NEW_DEVICE,CRITICAL,CLOSED,NORMAL
ALT-002302,OT-01727,PLT-16,2026-09-29T16:17:00,POLICY_VIOLATION,MEDIUM,CLOSED,UNKNOWN
ALT-002303,OT-01159,PLT-11,2026-09-03T07:34:00,POLICY_VIOLATION,HIGH,OPEN,DEGRADED
ALT-002304,OT-00508,PLT-05,2026-09-21T00:53:00,AUTH_ANOMALY,MEDIUM,CLOSED,UNKNOWN
ALT-002305,OT-00603,PLT-06,2026-09-22T07:11:00,MALWARE_SIGNAL,MEDIUM,SUPPRESSED,UNKNOWN
ALT-002306,OT-01433,PLT-14,2026-09-30T17:06:00,PROTOCOL_ANOMALY,LOW,OPEN,UNKNOWN
ALT-002307,OT-00383,PLT-04,2026-09-12T14:51:00,NEW_DEVICE,LOW,SUPPRESSED,NORMAL
ALT-002308,OT-01218,PLT-12,2026-09-19T00:28:00,AUTH_ANOMALY,HIGH,CLOSED,DEGRADED
ALT-002309,OT-01014,PLT-10,2026-09-13T14:34:00,NEW_DEVICE,MEDIUM,OPEN,UNKNOWN
ALT-002310,OT-01820,PLT-17,2026-09-23T22:07:00,UNEXPECTED_WRITE,LOW,CLOSED,DEGRADED
ALT-002311,OT-01229,PLT-12,2026-09-15T01:54:00,POLICY_VIOLATION,MEDIUM,SUPPRESSED,UNKNOWN
ALT-002312,OT-01808,PLT-17,2026-10-02T18:39:00,MALWARE_SIGNAL,MEDIUM,TRIAGED,UNKNOWN
ALT-002313,OT-01174,PLT-11,2026-10-01T19:09:00,MALWARE_SIGNAL,CRITICAL,OPEN,UNKNOWN
ALT-002314,OT-00377,PLT-04,2026-09-02T18:56:00,POLICY_VIOLATION,LOW,CLOSED,UNKNOWN
ALT-002315,OT-00246,PLT-03,2026-10-05T19:23:00,AUTH_ANOMALY,MEDIUM,OPEN,DEGRADED
ALT-002316,OT-00543,PLT-06,2026-10-01T17:10:00,PROTOCOL_ANOMALY,MEDIUM,TRIAGED,MAINTENANCE_WINDOW
ALT-002317,OT-00129,PLT-02,2026-09-28T23:56:00,AUTH_ANOMALY,MEDIUM,OPEN,UNKNOWN
ALT-002318,OT-01269,PLT-12,2026-09-04T13:29:00,UNEXPECTED_WRITE,MEDIUM,TRIAGED,NORMAL
ALT-002319,OT-01254,PLT-12,2026-10-01T01:57:00,NEW_DEVICE,MEDIUM,TRIAGED,MAINTENANCE_WINDOW
ALT-002320,OT-00240,PLT-03,2026-09-12T03:03:00,PROTOCOL_ANOMALY,MEDIUM,OPEN,UNKNOWN
ALT-002321,OT-01614,PLT-15,2026-09-23T03:55:00,NEW_DEVICE,HIGH,TRIAGED,UNKNOWN
ALT-002322,OT-01289,PLT-12,2026-09-05T17:53:00,UNEXPECTED_WRITE,MEDIUM,OPEN,UNKNOWN
ALT-002323,OT-00849,PLT-08,2026-09-04T02:18:00,UNEXPECTED_WRITE,HIGH,TRIAGED,UNKNOWN
ALT-002324,OT-01135,PLT-11,2026-09-14T07:19:00,AUTH_ANOMALY,LOW,SUPPRESSED,UNKNOWN
ALT-002325,OT-01087,PLT-10,2026-09-08T00:15:00,UNEXPECTED_WRITE,LOW,SUPPRESSED,UNKNOWN
ALT-002326,OT-00919,PLT-09,2026-09-09T08:02:00,POLICY_VIOLATION,MEDIUM,SUPPRESSED,MAINTENANCE_WINDOW
ALT-002327,OT-00402,PLT-04,2026-09-13T13:41:00,UNEXPECTED_WRITE,LOW,CLOSED,NORMAL
ALT-002328,OT-01598,PLT-15,2026-09-09T05:00:00,CONFIG_DRIFT,MEDIUM,CLOSED,UNKNOWN
ALT-002329,OT-00634,PLT-06,2026-09-03T05:07:00,POLICY_VIOLATION,MEDIUM,SUPPRESSED,DEGRADED
ALT-002330,OT-01469,PLT-14,2026-09-02T17:45:00,POLICY_VIOLATION,HIGH,TRIAGED,UNKNOWN
ALT-002331,OT-00820,PLT-08,2026-09-30T11:51:00,NEW_DEVICE,LOW,TRIAGED,UNKNOWN
ALT-002332,OT-01708,PLT-16,2026-09-08T09:27:00,MALWARE_SIGNAL,MEDIUM,OPEN,UNKNOWN
ALT-002333,OT-00167,PLT-02,2026-09-21T03:26:00,NEW_DEVICE,LOW,TRIAGED,DEGRADED
ALT-002334,OT-00024,PLT-01,2026-09-26T23:00:00,CONFIG_DRIFT,LOW,OPEN,UNKNOWN
ALT-002335,OT-00599,PLT-06,2026-10-01T14:19:00,PROTOCOL_ANOMALY,MEDIUM,CLOSED,UNKNOWN
ALT-002336,OT-01438,PLT-14,2026-09-28T01:38:00,PROTOCOL_ANOMALY,MEDIUM,TRIAGED,UNKNOWN
ALT-002337,OT-01670,PLT-16,2026-09-27T21:55:00,UNEXPECTED_WRITE,HIGH,SUPPRESSED,MAINTENANCE_WINDOW
ALT-002338,OT-00980,PLT-09,2026-09-14T17:45:00,CONFIG_DRIFT,MEDIUM,CLOSED,UNKNOWN
ALT-002339,OT-01436,PLT-14,2026-09-12T16:17:00,AUTH_ANOMALY,MEDIUM,SUPPRESSED,UNKNOWN
ALT-002340,OT-00608,PLT-06,2026-09-06T01:31:00,PROTOCOL_ANOMALY,LOW,TRIAGED,DEGRADED
ALT-002341,OT-00974,PLT-09,2026-09-30T22:26:00,POLICY_VIOLATION,LOW,TRIAGED,UNKNOWN
ALT-002342,OT-01563,PLT-15,2026-09-29T23:52:00,MALWARE_SIGNAL,MEDIUM,SUPPRESSED,UNKNOWN
ALT-002343,OT-00551,PLT-06,2026-09-23T04:51:00,POLICY_VIOLATION,LOW,CLOSED,UNKNOWN
ALT-002344,OT-01239,PLT-12,2026-09-11T04:50:00,AUTH_ANOMALY,LOW,OPEN,NORMAL
ALT-002345,OT-00325,PLT-04,2026-09-10T06:11:00,POLICY_VIOLATION,HIGH,TRIAGED,DEGRADED
ALT-002346,OT-00363,PLT-04,2026-09-24T23:25:00,PROTOCOL_ANOMALY,MEDIUM,OPEN,UNKNOWN
ALT-002347,OT-01839,PLT-17,2026-10-05T15:00:00,MALWARE_SIGNAL,MEDIUM,OPEN,UNKNOWN
ALT-002348,OT-01893,PLT-17,2026-09-28T12:23:00,UNEXPECTED_WRITE,MEDIUM,OPEN,NORMAL
ALT-002349,OT-01368,PLT-13,2026-09-11T10:16:00,CONFIG_DRIFT,HIGH,CLOSED,UNKNOWN
ALT-002350,OT-00162,PLT-02,2026-09-02T03:49:00,MALWARE_SIGNAL,HIGH,OPEN,UNKNOWN
ALT-002351,OT-01200,PLT-11,2026-09-09T07:55:00,CONFIG_DRIFT,LOW,SUPPRESSED,DEGRADED
ALT-002352,OT-01445,PLT-14,2026-09-09T20:47:00,MALWARE_SIGNAL,CRITICAL,SUPPRESSED,UNKNOWN
ALT-002353,OT-01860,PLT-17,2026-09-02T23:28:00,POLICY_VIOLATION,LOW,OPEN,DEGRADED
ALT-002354,OT-00438,PLT-05,2026-09-05T10:43:00,AUTH_ANOMALY,LOW,OPEN,DEGRADED
ALT-002355,OT-01117,PLT-11,2026-09-29T05:41:00,CONFIG_DRIFT,CRITICAL,CLOSED,DEGRADED
ALT-002356,OT-00869,PLT-08,2026-09-25T14:49:00,AUTH_ANOMALY,LOW,OPEN,UNKNOWN
ALT-002357,OT-01910,PLT-18,2026-10-03T23:32:00,POLICY_VIOLATION,CRITICAL,SUPPRESSED,UNKNOWN
ALT-002358,OT-00429,PLT-04,2026-09-07T02:54:00,MALWARE_SIGNAL,HIGH,SUPPRESSED,MAINTENANCE_WINDOW
ALT-002359,OT-01951,PLT-18,2026-09-10T08:59:00,MALWARE_SIGNAL,CRITICAL,OPEN,DEGRADED
ALT-002360,OT-01185,PLT-11,2026-09-18T00:18:00,POLICY_VIOLATION,HIGH,SUPPRESSED,DEGRADED
ALT-002361,OT-00855,PLT-08,2026-09-29T11:07:00,AUTH_ANOMALY,MEDIUM,SUPPRESSED,UNKNOWN
ALT-002362,OT-01828,PLT-17,2026-09-06T09:07:00,PROTOCOL_ANOMALY,MEDIUM,CLOSED,UNKNOWN
ALT-002363,OT-00407,PLT-04,2026-09-25T08:30:00,MALWARE_SIGNAL,LOW,SUPPRESSED,MAINTENANCE_WINDOW
ALT-002364,OT-01559,PLT-15,2026-09-07T00:50:00,MALWARE_SIGNAL,HIGH,CLOSED,DEGRADED
ALT-002365,OT-01584,PLT-15,2026-09-07T23:09:00,AUTH_ANOMALY,MEDIUM,SUPPRESSED,NORMAL
ALT-002366,OT-00314,PLT-03,2026-09-28T11:31:00,MALWARE_SIGNAL,MEDIUM,TRIAGED,UNKNOWN
ALT-002367,OT-00363,PLT-04,2026-09-22T19:07:00,PROTOCOL_ANOMALY,LOW,TRIAGED,NORMAL
ALT-002368,OT-00372,PLT-04,2026-09-16T15:22:00,NEW_DEVICE,MEDIUM,TRIAGED,MAINTENANCE_WINDOW
ALT-002369,OT-01917,PLT-18,2026-09-18T06:50:00,MALWARE_SIGNAL,MEDIUM,TRIAGED,DEGRADED
ALT-002370,OT-01204,PLT-11,2026-09-12T06:13:00,UNEXPECTED_WRITE,HIGH,SUPPRESSED,UNKNOWN
ALT-002371,OT-01275,PLT-12,2026-09-06T01:49:00,AUTH_ANOMALY,MEDIUM,CLOSED,UNKNOWN
ALT-002372,OT-00054,PLT-01,2026-09-14T04:23:00,UNEXPECTED_WRITE,LOW,CLOSED,UNKNOWN
ALT-002373,OT-01051,PLT-10,2026-09-17T06:33:00,NEW_DEVICE,LOW,OPEN,MAINTENANCE_WINDOW
ALT-002374,OT-00673,PLT-07,2026-09-04T17:34:00,AUTH_ANOMALY,LOW,TRIAGED,NORMAL
ALT-002375,OT-01442,PLT-14,2026-10-02T10:33:00,MALWARE_SIGNAL,LOW,TRIAGED,UNKNOWN
ALT-002376,OT-00600,PLT-06,2026-09-05T23:29:00,PROTOCOL_ANOMALY,HIGH,TRIAGED,UNKNOWN
ALT-002377,OT-01130,PLT-11,2026-09-15T13:34:00,PROTOCOL_ANOMALY,MEDIUM,SUPPRESSED,NORMAL
ALT-002378,OT-01114,PLT-11,2026-09-08T06:16:00,POLICY_VIOLATION,LOW,OPEN,DEGRADED
ALT-002379,OT-00817,PLT-08,2026-09-26T06:35:00,PROTOCOL_ANOMALY,CRITICAL,CLOSED,UNKNOWN
ALT-002380,OT-00793,PLT-08,2026-09-15T15:26:00,NEW_DEVICE,MEDIUM,TRIAGED,DEGRADED
ALT-002381,OT-00977,PLT-09,2026-09-01T17:38:00,POLICY_VIOLATION,MEDIUM,OPEN,UNKNOWN
ALT-002382,OT-00112,PLT-02,2026-10-02T02:37:00,PROTOCOL_ANOMALY,LOW,SUPPRESSED,UNKNOWN
ALT-002383,OT-00038,PLT-01,2026-09-19T17:20:00,MALWARE_SIGNAL,HIGH,TRIAGED,NORMAL
ALT-002384,OT-00823,PLT-08,2026-09-15T04:45:00,POLICY_VIOLATION,LOW,SUPPRESSED,UNKNOWN
ALT-002385,OT-00369,PLT-04,2026-09-27T20:17:00,POLICY_VIOLATION,HIGH,TRIAGED,DEGRADED
ALT-002386,OT-01590,PLT-15,2026-09-29T11:20:00,NEW_DEVICE,HIGH,CLOSED,NORMAL
ALT-002387,OT-01977,PLT-18,2026-10-02T14:13:00,UNEXPECTED_WRITE,LOW,OPEN,UNKNOWN
ALT-002388,OT-00922,PLT-09,2026-09-29T17:35:00,CONFIG_DRIFT,MEDIUM,CLOSED,NORMAL
ALT-002389,OT-01380,PLT-13,2026-09-02T18:22:00,PROTOCOL_ANOMALY,MEDIUM,SUPPRESSED,MAINTENANCE_WINDOW
ALT-002390,OT-01709,PLT-16,2026-09-03T01:03:00,POLICY_VIOLATION,MEDIUM,CLOSED,UNKNOWN
ALT-002391,OT-01646,PLT-15,2026-09-14T19:09:00,NEW_DEVICE,MEDIUM,CLOSED,MAINTENANCE_WINDOW
ALT-002392,OT-01228,PLT-12,2026-09-23T03:40:00,POLICY_VIOLATION,HIGH,CLOSED,UNKNOWN
ALT-002393,OT-00244,PLT-03,2026-09-24T11:54:00,AUTH_ANOMALY,HIGH,CLOSED,UNKNOWN
ALT-002394,OT-01027,PLT-10,2026-10-03T16:29:00,NEW_DEVICE,MEDIUM,SUPPRESSED,UNKNOWN
ALT-002395,OT-01071,PLT-10,2026-09-01T03:00:00,AUTH_ANOMALY,MEDIUM,CLOSED,UNKNOWN
ALT-002396,OT-00158,PLT-02,2026-09-10T00:01:00,CONFIG_DRIFT,MEDIUM,OPEN,UNKNOWN
ALT-002397,OT-01596,PLT-15,2026-09-13T13:56:00,PROTOCOL_ANOMALY,MEDIUM,TRIAGED,UNKNOWN
ALT-002398,OT-00752,PLT-07,2026-09-20T21:51:00,AUTH_ANOMALY,CRITICAL,OPEN,MAINTENANCE_WINDOW
ALT-002399,OT-01558,PLT-15,2026-09-05T10:38:00,AUTH_ANOMALY,MEDIUM,CLOSED,MAINTENANCE_WINDOW
ALT-002400,OT-00973,PLT-09,2026-09-23T15:40:00,AUTH_ANOMALY,HIGH,CLOSED,UNKNOWN
ALT-002401,OT-01439,PLT-14,2026-09-20T05:22:00,UNEXPECTED_WRITE,LOW,OPEN,NORMAL
ALT-002402,OT-01649,PLT-15,2026-09-25T09:57:00,NEW_DEVICE,MEDIUM,CLOSED,DEGRADED
ALT-002403,OT-01820,PLT-17,2026-09-07T04:50:00,NEW_DEVICE,MEDIUM,SUPPRESSED,UNKNOWN
ALT-002404,OT-01683,PLT-16,2026-09-20T23:09:00,AUTH_ANOMALY,HIGH,OPEN,UNKNOWN
ALT-002405,OT-01648,PLT-15,2026-09-11T02:03:00,NEW_DEVICE,MEDIUM,OPEN,UNKNOWN
ALT-002406,OT-01593,PLT-15,2026-09-29T02:55:00,PROTOCOL_ANOMALY,LOW,OPEN,UNKNOWN
ALT-002407,OT-00525,PLT-05,2026-09-19T23:13:00,AUTH_ANOMALY,LOW,SUPPRESSED,UNKNOWN
ALT-002408,OT-01636,PLT-15,2026-09-25T06:30:00,MALWARE_SIGNAL,HIGH,OPEN,MAINTENANCE_WINDOW
ALT-002409,OT-00284,PLT-03,2026-09-05T16:45:00,AUTH_ANOMALY,CRITICAL,CLOSED,NORMAL
ALT-002410,OT-01084,PLT-10,2026-10-02T22:43:00,PROTOCOL_ANOMALY,LOW,SUPPRESSED,NORMAL
ALT-002411,OT-00300,PLT-03,2026-09-25T22:26:00,NEW_DEVICE,HIGH,OPEN,UNKNOWN
ALT-002412,OT-01343,PLT-13,2026-09-11T05:33:00,MALWARE_SIGNAL,LOW,CLOSED,UNKNOWN
ALT-002413,OT-01131,PLT-11,2026-09-27T12:21:00,CONFIG_DRIFT,LOW,TRIAGED,UNKNOWN
ALT-002414,OT-00165,PLT-02,2026-09-27T03:58:00,CONFIG_DRIFT,LOW,TRIAGED,UNKNOWN
ALT-002415,OT-00299,PLT-03,2026-09-12T15:29:00,MALWARE_SIGNAL,LOW,SUPPRESSED,UNKNOWN
ALT-002416,OT-01163,PLT-11,2026-09-26T17:53:00,AUTH_ANOMALY,MEDIUM,SUPPRESSED,UNKNOWN
ALT-002417,OT-01525,PLT-14,2026-09-28T07:23:00,POLICY_VIOLATION,MEDIUM,OPEN,DEGRADED
ALT-002418,OT-01255,PLT-12,2026-09-05T21:54:00,UNEXPECTED_WRITE,HIGH,OPEN,UNKNOWN
ALT-002419,OT-01243,PLT-12,2026-09-19T02:58:00,MALWARE_SIGNAL,HIGH,CLOSED,DEGRADED
ALT-002420,OT-01735,PLT-16,2026-09-12T20:46:00,UNEXPECTED_WRITE,LOW,TRIAGED,UNKNOWN
ALT-002421,OT-01183,PLT-11,2026-09-05T14:28:00,POLICY_VIOLATION,MEDIUM,CLOSED,UNKNOWN
ALT-002422,OT-01274,PLT-12,2026-09-07T10:17:00,POLICY_VIOLATION,HIGH,CLOSED,MAINTENANCE_WINDOW
ALT-002423,OT-00044,PLT-01,2026-09-11T08:41:00,PROTOCOL_ANOMALY,LOW,CLOSED,UNKNOWN
ALT-002424,OT-01891,PLT-17,2026-09-26T17:45:00,NEW_DEVICE,MEDIUM,OPEN,UNKNOWN
ALT-002425,OT-00368,PLT-04,2026-09-05T08:06:00,POLICY_VIOLATION,LOW,CLOSED,DEGRADED
ALT-002426,OT-01312,PLT-13,2026-09-19T13:48:00,MALWARE_SIGNAL,LOW,TRIAGED,UNKNOWN
ALT-002427,OT-00762,PLT-08,2026-09-26T17:39:00,AUTH_ANOMALY,MEDIUM,SUPPRESSED,UNKNOWN
ALT-002428,OT-01745,PLT-16,2026-09-03T19:07:00,UNEXPECTED_WRITE,HIGH,TRIAGED,NORMAL
ALT-002429,OT-01011,PLT-10,2026-09-05T07:02:00,NEW_DEVICE,MEDIUM,SUPPRESSED,UNKNOWN
ALT-002430,OT-01486,PLT-14,2026-10-04T07:23:00,AUTH_ANOMALY,CRITICAL,SUPPRESSED,MAINTENANCE_WINDOW
ALT-002431,OT-01031,PLT-10,2026-09-25T02:19:00,POLICY_VIOLATION,HIGH,SUPPRESSED,NORMAL
ALT-002432,OT-00382,PLT-04,2026-09-03T00:26:00,CONFIG_DRIFT,MEDIUM,TRIAGED,UNKNOWN
ALT-002433,OT-01934,PLT-18,2026-09-25T01:49:00,UNEXPECTED_WRITE,CRITICAL,TRIAGED,UNKNOWN
ALT-002434,OT-01220,PLT-12,2026-09-02T19:14:00,PROTOCOL_ANOMALY,MEDIUM,SUPPRESSED,MAINTENANCE_WINDOW
ALT-002435,OT-01298,PLT-12,2026-09-29T10:21:00,UNEXPECTED_WRITE,MEDIUM,TRIAGED,DEGRADED
ALT-002436,OT-00114,PLT-02,2026-10-04T11:49:00,UNEXPECTED_WRITE,LOW,CLOSED,MAINTENANCE_WINDOW
ALT-002437,OT-01324,PLT-13,2026-09-03T21:02:00,PROTOCOL_ANOMALY,HIGH,CLOSED,NORMAL
ALT-002438,OT-00757,PLT-08,2026-09-27T22:00:00,CONFIG_DRIFT,MEDIUM,OPEN,UNKNOWN
ALT-002439,OT-00783,PLT-08,2026-10-01T19:03:00,MALWARE_SIGNAL,LOW,SUPPRESSED,UNKNOWN
ALT-002440,OT-00026,PLT-01,2026-09-08T02:04:00,AUTH_ANOMALY,MEDIUM,TRIAGED,NORMAL
ALT-002441,OT-00082,PLT-01,2026-09-30T22:16:00,POLICY_VIOLATION,MEDIUM,CLOSED,UNKNOWN
ALT-002442,OT-01863,PLT-17,2026-09-29T09:59:00,CONFIG_DRIFT,MEDIUM,OPEN,UNKNOWN
ALT-002443,OT-00694,PLT-07,2026-10-01T08:10:00,PROTOCOL_ANOMALY,MEDIUM,OPEN,UNKNOWN
ALT-002444,OT-01984,PLT-18,2026-09-04T12:46:00,PROTOCOL_ANOMALY,LOW,TRIAGED,UNKNOWN
ALT-002445,OT-01741,PLT-16,2026-09-06T12:40:00,UNEXPECTED_WRITE,MEDIUM,CLOSED,DEGRADED
ALT-002446,OT-00056,PLT-01,2026-09-10T14:09:00,UNEXPECTED_WRITE,CRITICAL,SUPPRESSED,NORMAL
ALT-002447,OT-01664,PLT-15,2026-09-30T03:19:00,POLICY_VIOLATION,LOW,SUPPRESSED,UNKNOWN
ALT-002448,OT-00784,PLT-08,2026-10-05T04:32:00,POLICY_VIOLATION,HIGH,CLOSED,DEGRADED
ALT-002449,OT-01546,PLT-14,2026-10-03T07:51:00,PROTOCOL_ANOMALY,LOW,TRIAGED,UNKNOWN
ALT-002450,OT-01064,PLT-10,2026-10-01T06:33:00,MALWARE_SIGNAL,MEDIUM,OPEN,UNKNOWN
ALT-002451,OT-01752,PLT-16,2026-09-10T06:29:00,CONFIG_DRIFT,LOW,CLOSED,UNKNOWN
ALT-002452,OT-00300,PLT-03,2026-09-24T13:07:00,NEW_DEVICE,MEDIUM,CLOSED,DEGRADED
ALT-002453,OT-01900,PLT-18,2026-09-13T04:33:00,UNEXPECTED_WRITE,LOW,TRIAGED,UNKNOWN
ALT-002454,OT-00002,PLT-01,2026-09-25T05:57:00,CONFIG_DRIFT,HIGH,CLOSED,NORMAL
ALT-002455,OT-00190,PLT-02,2026-10-01T01:59:00,POLICY_VIOLATION,HIGH,SUPPRESSED,UNKNOWN
ALT-002456,OT-01161,PLT-11,2026-09-06T07:15:00,AUTH_ANOMALY,HIGH,SUPPRESSED,DEGRADED
ALT-002457,OT-00857,PLT-08,2026-09-07T05:11:00,AUTH_ANOMALY,LOW,OPEN,UNKNOWN
ALT-002458,OT-00307,PLT-03,2026-09-01T21:21:00,UNEXPECTED_WRITE,HIGH,TRIAGED,UNKNOWN
ALT-002459,OT-01495,PLT-14,2026-09-30T06:25:00,NEW_DEVICE,CRITICAL,CLOSED,UNKNOWN
ALT-002460,OT-00112,PLT-02,2026-09-04T13:15:00,AUTH_ANOMALY,MEDIUM,CLOSED,UNKNOWN
ALT-002461,OT-01925,PLT-18,2026-09-02T20:34:00,MALWARE_SIGNAL,HIGH,OPEN,NORMAL
ALT-002462,OT-00556,PLT-06,2026-09-07T18:22:00,CONFIG_DRIFT,HIGH,SUPPRESSED,MAINTENANCE_WINDOW
ALT-002463,OT-01386,PLT-13,2026-09-24T00:01:00,AUTH_ANOMALY,HIGH,CLOSED,UNKNOWN
ALT-002464,OT-00085,PLT-01,2026-09-24T06:02:00,POLICY_VIOLATION,MEDIUM,OPEN,DEGRADED
ALT-002465,OT-01192,PLT-11,2026-09-08T10:08:00,PROTOCOL_ANOMALY,LOW,OPEN,DEGRADED
ALT-002466,OT-00964,PLT-09,2026-09-09T07:23:00,CONFIG_DRIFT,HIGH,OPEN,UNKNOWN
ALT-002467,OT-01898,PLT-18,2026-09-30T22:56:00,AUTH_ANOMALY,MEDIUM,TRIAGED,UNKNOWN
ALT-002468,OT-00466,PLT-05,2026-09-17T11:49:00,NEW_DEVICE,LOW,TRIAGED,UNKNOWN
ALT-002469,OT-00741,PLT-07,2026-09-10T22:20:00,AUTH_ANOMALY,LOW,OPEN,UNKNOWN
ALT-002470,OT-01524,PLT-14,2026-09-09T20:40:00,PROTOCOL_ANOMALY,HIGH,OPEN,DEGRADED
ALT-002471,OT-01147,PLT-11,2026-09-25T14:42:00,NEW_DEVICE,MEDIUM,OPEN,NORMAL
ALT-002472,OT-01675,PLT-16,2026-10-05T10:07:00,NEW_DEVICE,LOW,CLOSED,NORMAL
ALT-002473,OT-01191,PLT-11,2026-09-28T14:20:00,PROTOCOL_ANOMALY,HIGH,OPEN,DEGRADED
ALT-002474,OT-01512,PLT-14,2026-10-02T06:25:00,POLICY_VIOLATION,MEDIUM,TRIAGED,UNKNOWN
ALT-002475,OT-00415,PLT-04,2026-09-25T01:13:00,AUTH_ANOMALY,LOW,TRIAGED,UNKNOWN
ALT-002476,OT-00945,PLT-09,2026-10-04T19:48:00,CONFIG_DRIFT,MEDIUM,CLOSED,UNKNOWN
ALT-002477,OT-01553,PLT-15,2026-09-20T08:50:00,POLICY_VIOLATION,LOW,TRIAGED,UNKNOWN
ALT-002478,OT-00365,PLT-04,2026-09-27T21:36:00,POLICY_VIOLATION,LOW,TRIAGED,NORMAL
ALT-002479,OT-00696,PLT-07,2026-09-04T14:27:00,CONFIG_DRIFT,CRITICAL,OPEN,UNKNOWN
ALT-002480,OT-01322,PLT-13,2026-09-16T09:01:00,AUTH_ANOMALY,HIGH,OPEN,UNKNOWN
ALT-002481,OT-01661,PLT-15,2026-10-02T21:40:00,POLICY_VIOLATION,LOW,TRIAGED,MAINTENANCE_WINDOW
ALT-002482,OT-00359,PLT-04,2026-09-20T07:21:00,MALWARE_SIGNAL,MEDIUM,TRIAGED,UNKNOWN
ALT-002483,OT-00232,PLT-03,2026-09-22T01:52:00,CONFIG_DRIFT,LOW,CLOSED,DEGRADED
ALT-002484,OT-00716,PLT-07,2026-09-22T22:18:00,AUTH_ANOMALY,LOW,TRIAGED,NORMAL
ALT-002485,OT-01017,PLT-10,2026-09-01T12:07:00,UNEXPECTED_WRITE,LOW,TRIAGED,UNKNOWN
ALT-002486,OT-00259,PLT-03,2026-09-20T10:40:00,NEW_DEVICE,CRITICAL,CLOSED,DEGRADED
ALT-002487,OT-01889,PLT-17,2026-09-29T01:42:00,PROTOCOL_ANOMALY,LOW,TRIAGED,UNKNOWN
ALT-002488,OT-01339,PLT-13,2026-09-19T17:01:00,NEW_DEVICE,LOW,CLOSED,UNKNOWN
ALT-002489,OT-00506,PLT-05,2026-09-25T14:16:00,MALWARE_SIGNAL,MEDIUM,SUPPRESSED,DEGRADED
ALT-002490,OT-00646,PLT-07,2026-09-04T01:05:00,PROTOCOL_ANOMALY,LOW,SUPPRESSED,UNKNOWN
ALT-002491,OT-01068,PLT-10,2026-09-05T14:44:00,UNEXPECTED_WRITE,LOW,TRIAGED,NORMAL
ALT-002492,OT-01962,PLT-18,2026-09-24T11:52:00,POLICY_VIOLATION,MEDIUM,CLOSED,NORMAL
ALT-002493,OT-00622,PLT-06,2026-10-02T21:01:00,CONFIG_DRIFT,MEDIUM,CLOSED,UNKNOWN
ALT-002494,OT-01208,PLT-12,2026-09-03T05:29:00,MALWARE_SIGNAL,CRITICAL,TRIAGED,UNKNOWN
ALT-002495,OT-00287,PLT-03,2026-09-07T14:06:00,UNEXPECTED_WRITE,MEDIUM,TRIAGED,UNKNOWN
ALT-002496,OT-01206,PLT-11,2026-09-26T11:20:00,AUTH_ANOMALY,MEDIUM,OPEN,UNKNOWN
ALT-002497,OT-01451,PLT-14,2026-09-10T20:45:00,NEW_DEVICE,CRITICAL,CLOSED,UNKNOWN
ALT-002498,OT-01899,PLT-18,2026-09-17T10:00:00,UNEXPECTED_WRITE,CRITICAL,SUPPRESSED,UNKNOWN
ALT-002499,OT-01216,PLT-12,2026-09-26T16:36:00,MALWARE_SIGNAL,HIGH,OPEN,NORMAL
ALT-002500,OT-00862,PLT-08,2026-09-23T21:57:00,PROTOCOL_ANOMALY,MEDIUM,OPEN,UNKNOWN
ALT-002501,OT-01914,PLT-18,2026-09-09T14:28:00,CONFIG_DRIFT,HIGH,CLOSED,MAINTENANCE_WINDOW
ALT-002502,OT-00022,PLT-01,2026-09-24T21:36:00,POLICY_VIOLATION,HIGH,OPEN,MAINTENANCE_WINDOW
ALT-002503,OT-00261,PLT-03,2026-09-01T00:30:00,UNEXPECTED_WRITE,CRITICAL,OPEN,UNKNOWN
ALT-002504,OT-01252,PLT-12,2026-10-03T06:04:00,NEW_DEVICE,MEDIUM,TRIAGED,UNKNOWN
ALT-002505,OT-01036,PLT-10,2026-09-07T02:15:00,AUTH_ANOMALY,MEDIUM,TRIAGED,NORMAL
ALT-002506,OT-00169,PLT-02,2026-09-27T00:23:00,PROTOCOL_ANOMALY,CRITICAL,TRIAGED,UNKNOWN
ALT-002507,OT-01178,PLT-11,2026-09-07T01:12:00,MALWARE_SIGNAL,HIGH,SUPPRESSED,MAINTENANCE_WINDOW
ALT-002508,OT-00102,PLT-01,2026-09-19T21:19:00,PROTOCOL_ANOMALY,MEDIUM,TRIAGED,UNKNOWN
ALT-002509,OT-01975,PLT-18,2026-10-05T17:54:00,MALWARE_SIGNAL,CRITICAL,OPEN,UNKNOWN
ALT-002510,OT-01452,PLT-14,2026-09-13T12:32:00,CONFIG_DRIFT,HIGH,TRIAGED,UNKNOWN
ALT-002511,OT-00064,PLT-01,2026-09-21T21:07:00,CONFIG_DRIFT,LOW,OPEN,MAINTENANCE_WINDOW
ALT-002512,OT-00056,PLT-01,2026-09-16T01:13:00,POLICY_VIOLATION,CRITICAL,OPEN,UNKNOWN
ALT-002513,OT-00507,PLT-05,2026-09-09T03:42:00,AUTH_ANOMALY,MEDIUM,TRIAGED,UNKNOWN
ALT-002514,OT-00048,PLT-01,2026-09-02T16:00:00,CONFIG_DRIFT,LOW,SUPPRESSED,NORMAL
ALT-002515,OT-00723,PLT-07,2026-09-19T14:08:00,UNEXPECTED_WRITE,HIGH,CLOSED,UNKNOWN
ALT-002516,OT-01127,PLT-11,2026-09-24T07:43:00,PROTOCOL_ANOMALY,HIGH,OPEN,UNKNOWN
ALT-002517,OT-00373,PLT-04,2026-09-27T18:01:00,POLICY_VIOLATION,LOW,TRIAGED,UNKNOWN
ALT-002518,OT-00255,PLT-03,2026-09-07T19:28:00,AUTH_ANOMALY,MEDIUM,SUPPRESSED,UNKNOWN
ALT-002519,OT-01654,PLT-15,2026-09-04T15:53:00,AUTH_ANOMALY,HIGH,CLOSED,UNKNOWN
ALT-002520,OT-01335,PLT-13,2026-10-04T10:14:00,AUTH_ANOMALY,HIGH,SUPPRESSED,DEGRADED
ALT-002521,OT-00246,PLT-03,2026-09-22T18:41:00,MALWARE_SIGNAL,MEDIUM,CLOSED,UNKNOWN
ALT-002522,OT-01039,PLT-10,2026-09-05T09:01:00,MALWARE_SIGNAL,LOW,CLOSED,UNKNOWN
ALT-002523,OT-00127,PLT-02,2026-09-20T10:37:00,UNEXPECTED_WRITE,MEDIUM,SUPPRESSED,UNKNOWN
ALT-002524,OT-00730,PLT-07,2026-09-25T09:39:00,NEW_DEVICE,LOW,OPEN,NORMAL
ALT-002525,OT-00063,PLT-01,2026-09-29T16:35:00,PROTOCOL_ANOMALY,HIGH,CLOSED,MAINTENANCE_WINDOW
ALT-002526,OT-00733,PLT-07,2026-09-09T11:20:00,POLICY_VIOLATION,MEDIUM,SUPPRESSED,UNKNOWN
ALT-002527,OT-01842,PLT-17,2026-09-26T11:32:00,UNEXPECTED_WRITE,MEDIUM,OPEN,UNKNOWN
ALT-002528,OT-00233,PLT-03,2026-09-14T13:38:00,PROTOCOL_ANOMALY,MEDIUM,SUPPRESSED,UNKNOWN
ALT-002529,OT-01531,PLT-14,2026-09-26T01:17:00,POLICY_VIOLATION,MEDIUM,SUPPRESSED,UNKNOWN
ALT-002530,OT-00684,PLT-07,2026-09-01T13:39:00,UNEXPECTED_WRITE,MEDIUM,TRIAGED,NORMAL
ALT-002531,OT-01505,PLT-14,2026-10-05T12:55:00,PROTOCOL_ANOMALY,LOW,TRIAGED,UNKNOWN
ALT-002532,OT-01392,PLT-13,2026-09-19T13:11:00,MALWARE_SIGNAL,LOW,SUPPRESSED,UNKNOWN
ALT-002533,OT-00130,PLT-02,2026-09-21T18:38:00,AUTH_ANOMALY,LOW,SUPPRESSED,MAINTENANCE_WINDOW
ALT-002534,OT-01376,PLT-13,2026-10-03T06:27:00,NEW_DEVICE,MEDIUM,TRIAGED,UNKNOWN
ALT-002535,OT-01878,PLT-17,2026-09-17T21:30:00,CONFIG_DRIFT,LOW,CLOSED,UNKNOWN
ALT-002536,OT-01626,PLT-15,2026-09-04T15:53:00,NEW_DEVICE,MEDIUM,OPEN,NORMAL
ALT-002537,OT-00341,PLT-04,2026-09-18T01:19:00,NEW_DEVICE,LOW,TRIAGED,NORMAL
ALT-002538,OT-00969,PLT-09,2026-09-02T17:44:00,PROTOCOL_ANOMALY,MEDIUM,SUPPRESSED,UNKNOWN
ALT-002539,OT-00045,PLT-01,2026-09-16T03:00:00,POLICY_VIOLATION,MEDIUM,CLOSED,DEGRADED
ALT-002540,OT-01916,PLT-18,2026-10-01T21:28:00,PROTOCOL_ANOMALY,LOW,SUPPRESSED,UNKNOWN
ALT-002541,OT-00998,PLT-10,2026-09-04T00:47:00,POLICY_VIOLATION,MEDIUM,TRIAGED,UNKNOWN
ALT-002542,OT-01772,PLT-16,2026-09-27T11:07:00,MALWARE_SIGNAL,HIGH,CLOSED,MAINTENANCE_WINDOW
ALT-002543,OT-01410,PLT-13,2026-09-25T10:59:00,PROTOCOL_ANOMALY,LOW,TRIAGED,MAINTENANCE_WINDOW
ALT-002544,OT-00756,PLT-08,2026-09-03T19:20:00,MALWARE_SIGNAL,HIGH,SUPPRESSED,DEGRADED
ALT-002545,OT-00192,PLT-02,2026-10-01T22:30:00,POLICY_VIOLATION,MEDIUM,OPEN,UNKNOWN
ALT-002546,OT-00504,PLT-05,2026-09-24T23:35:00,PROTOCOL_ANOMALY,LOW,OPEN,DEGRADED
ALT-002547,OT-01655,PLT-15,2026-09-28T08:54:00,MALWARE_SIGNAL,LOW,OPEN,MAINTENANCE_WINDOW
ALT-002548,OT-00594,PLT-06,2026-09-26T01:56:00,PROTOCOL_ANOMALY,MEDIUM,SUPPRESSED,UNKNOWN
ALT-002549,OT-00323,PLT-04,2026-09-19T19:13:00,NEW_DEVICE,MEDIUM,OPEN,UNKNOWN
ALT-002550,OT-01843,PLT-17,2026-09-09T12:33:00,CONFIG_DRIFT,LOW,OPEN,UNKNOWN
ALT-002551,OT-00176,PLT-02,2026-09-21T06:59:00,CONFIG_DRIFT,LOW,CLOSED,UNKNOWN
ALT-002552,OT-00553,PLT-06,2026-09-05T21:31:00,NEW_DEVICE,CRITICAL,CLOSED,UNKNOWN
ALT-002553,OT-01024,PLT-10,2026-09-09T03:23:00,AUTH_ANOMALY,MEDIUM,CLOSED,NORMAL
ALT-002554,OT-00925,PLT-09,2026-09-03T23:52:00,AUTH_ANOMALY,LOW,TRIAGED,NORMAL
ALT-002555,OT-01792,PLT-17,2026-09-04T08:04:00,PROTOCOL_ANOMALY,MEDIUM,TRIAGED,UNKNOWN
ALT-002556,OT-00123,PLT-02,2026-09-16T03:20:00,MALWARE_SIGNAL,MEDIUM,CLOSED,DEGRADED
ALT-002557,OT-00714,PLT-07,2026-10-03T23:27:00,UNEXPECTED_WRITE,LOW,SUPPRESSED,DEGRADED
ALT-002558,OT-00005,PLT-01,2026-10-02T15:49:00,UNEXPECTED_WRITE,MEDIUM,SUPPRESSED,MAINTENANCE_WINDOW
ALT-002559,OT-01783,PLT-16,2026-09-30T10:25:00,PROTOCOL_ANOMALY,HIGH,SUPPRESSED,UNKNOWN
ALT-002560,OT-00057,PLT-01,2026-09-05T11:26:00,CONFIG_DRIFT,LOW,OPEN,UNKNOWN
ALT-002561,OT-01993,PLT-18,2026-09-20T02:04:00,AUTH_ANOMALY,MEDIUM,CLOSED,UNKNOWN
ALT-002562,OT-01809,PLT-17,2026-09-03T22:13:00,AUTH_ANOMALY,MEDIUM,CLOSED,UNKNOWN
ALT-002563,OT-01170,PLT-11,2026-09-21T07:29:00,AUTH_ANOMALY,MEDIUM,SUPPRESSED,UNKNOWN
ALT-002564,OT-01392,PLT-13,2026-09-17T08:10:00,POLICY_VIOLATION,HIGH,CLOSED,UNKNOWN
ALT-002565,OT-01681,PLT-16,2026-09-07T15:13:00,CONFIG_DRIFT,HIGH,TRIAGED,UNKNOWN
ALT-002566,OT-01069,PLT-10,2026-09-05T14:57:00,PROTOCOL_ANOMALY,HIGH,CLOSED,UNKNOWN
ALT-002567,OT-01074,PLT-10,2026-09-28T05:36:00,MALWARE_SIGNAL,MEDIUM,TRIAGED,DEGRADED
ALT-002568,OT-01600,PLT-15,2026-09-17T18:53:00,NEW_DEVICE,LOW,SUPPRESSED,DEGRADED
ALT-002569,OT-00103,PLT-01,2026-09-13T08:23:00,POLICY_VIOLATION,LOW,TRIAGED,DEGRADED
ALT-002570,OT-01559,PLT-15,2026-10-04T02:40:00,UNEXPECTED_WRITE,LOW,OPEN,UNKNOWN
ALT-002571,OT-00496,PLT-05,2026-09-28T12:49:00,CONFIG_DRIFT,LOW,OPEN,UNKNOWN
ALT-002572,OT-01507,PLT-14,2026-09-20T23:25:00,AUTH_ANOMALY,LOW,TRIAGED,DEGRADED
ALT-002573,OT-01058,PLT-10,2026-09-29T21:19:00,PROTOCOL_ANOMALY,MEDIUM,TRIAGED,NORMAL
ALT-002574,OT-00066,PLT-01,2026-09-30T02:59:00,NEW_DEVICE,HIGH,TRIAGED,UNKNOWN
ALT-002575,OT-01628,PLT-15,2026-09-02T06:24:00,MALWARE_SIGNAL,MEDIUM,CLOSED,DEGRADED
ALT-002576,OT-00761,PLT-08,2026-09-10T21:59:00,UNEXPECTED_WRITE,MEDIUM,OPEN,DEGRADED
ALT-002577,OT-01821,PLT-17,2026-10-01T14:57:00,MALWARE_SIGNAL,LOW,OPEN,UNKNOWN
ALT-002578,OT-00887,PLT-09,2026-10-04T21:29:00,POLICY_VIOLATION,HIGH,SUPPRESSED,MAINTENANCE_WINDOW
ALT-002579,OT-00288,PLT-03,2026-09-17T00:32:00,AUTH_ANOMALY,CRITICAL,TRIAGED,MAINTENANCE_WINDOW
ALT-002580,OT-01082,PLT-10,2026-10-04T09:42:00,PROTOCOL_ANOMALY,MEDIUM,TRIAGED,MAINTENANCE_WINDOW
ALT-002581,OT-00599,PLT-06,2026-09-17T20:48:00,POLICY_VIOLATION,HIGH,CLOSED,UNKNOWN
ALT-002582,OT-00189,PLT-02,2026-09-29T01:58:00,POLICY_VIOLATION,MEDIUM,OPEN,DEGRADED
ALT-002583,OT-00395,PLT-04,2026-09-27T15:13:00,UNEXPECTED_WRITE,LOW,OPEN,UNKNOWN
ALT-002584,OT-01605,PLT-15,2026-09-06T07:00:00,POLICY_VIOLATION,LOW,SUPPRESSED,UNKNOWN
ALT-002585,OT-01838,PLT-17,2026-09-10T05:03:00,NEW_DEVICE,LOW,OPEN,UNKNOWN
ALT-002586,OT-01772,PLT-16,2026-09-23T11:27:00,CONFIG_DRIFT,MEDIUM,CLOSED,UNKNOWN
ALT-002587,OT-00834,PLT-08,2026-09-03T17:37:00,AUTH_ANOMALY,HIGH,CLOSED,DEGRADED
ALT-002588,OT-00916,PLT-09,2026-09-12T15:20:00,MALWARE_SIGNAL,LOW,SUPPRESSED,UNKNOWN
ALT-002589,OT-01878,PLT-17,2026-09-11T05:43:00,MALWARE_SIGNAL,MEDIUM,SUPPRESSED,DEGRADED
ALT-002590,OT-00596,PLT-06,2026-09-18T04:32:00,NEW_DEVICE,HIGH,CLOSED,UNKNOWN
ALT-002591,OT-01844,PLT-17,2026-09-08T00:35:00,CONFIG_DRIFT,MEDIUM,TRIAGED,MAINTENANCE_WINDOW
ALT-002592,OT-00688,PLT-07,2026-09-20T11:21:00,POLICY_VIOLATION,HIGH,SUPPRESSED,NORMAL
ALT-002593,OT-00814,PLT-08,2026-09-15T16:47:00,NEW_DEVICE,LOW,SUPPRESSED,UNKNOWN
ALT-002594,OT-00832,PLT-08,2026-09-03T16:52:00,POLICY_VIOLATION,CRITICAL,SUPPRESSED,UNKNOWN
ALT-002595,OT-00931,PLT-09,2026-09-19T18:01:00,CONFIG_DRIFT,MEDIUM,SUPPRESSED,UNKNOWN
ALT-002596,OT-01666,PLT-15,2026-09-07T17:05:00,POLICY_VIOLATION,LOW,CLOSED,UNKNOWN
ALT-002597,OT-00515,PLT-05,2026-09-15T10:21:00,AUTH_ANOMALY,HIGH,CLOSED,MAINTENANCE_WINDOW
ALT-002598,OT-01961,PLT-18,2026-09-16T11:07:00,PROTOCOL_ANOMALY,MEDIUM,CLOSED,NORMAL
ALT-002599,OT-00312,PLT-03,2026-09-07T17:23:00,AUTH_ANOMALY,HIGH,TRIAGED,DEGRADED
ALT-002600,OT-01536,PLT-14,2026-09-29T23:58:00,NEW_DEVICE,MEDIUM,TRIAGED,UNKNOWN
ALT-002601,OT-01581,PLT-15,2026-10-04T12:07:00,AUTH_ANOMALY,HIGH,TRIAGED,UNKNOWN
ALT-002602,OT-00822,PLT-08,2026-09-01T20:51:00,NEW_DEVICE,LOW,OPEN,NORMAL
ALT-002603,OT-00059,PLT-01,2026-10-01T09:13:00,POLICY_VIOLATION,MEDIUM,CLOSED,MAINTENANCE_WINDOW
ALT-002604,OT-01033,PLT-10,2026-09-30T18:44:00,MALWARE_SIGNAL,LOW,SUPPRESSED,UNKNOWN
ALT-002605,OT-02012,PLT-18,2026-09-26T04:31:00,POLICY_VIOLATION,LOW,SUPPRESSED,MAINTENANCE_WINDOW
ALT-002606,OT-00068,PLT-01,2026-09-30T14:47:00,PROTOCOL_ANOMALY,MEDIUM,OPEN,NORMAL
ALT-002607,OT-00839,PLT-08,2026-09-14T01:08:00,CONFIG_DRIFT,MEDIUM,TRIAGED,UNKNOWN
ALT-002608,OT-01100,PLT-10,2026-09-17T17:04:00,NEW_DEVICE,MEDIUM,SUPPRESSED,UNKNOWN
ALT-002609,OT-00218,PLT-03,2026-09-11T21:11:00,AUTH_ANOMALY,LOW,OPEN,UNKNOWN
ALT-002610,OT-00768,PLT-08,2026-09-27T00:06:00,AUTH_ANOMALY,MEDIUM,OPEN,UNKNOWN
ALT-002611,OT-01993,PLT-18,2026-09-11T19:47:00,CONFIG_DRIFT,HIGH,OPEN,MAINTENANCE_WINDOW
ALT-002612,OT-01272,PLT-12,2026-09-22T08:41:00,UNEXPECTED_WRITE,HIGH,SUPPRESSED,NORMAL
ALT-002613,OT-01294,PLT-12,2026-10-01T04:43:00,NEW_DEVICE,MEDIUM,SUPPRESSED,NORMAL
ALT-002614,OT-00116,PLT-02,2026-10-04T13:41:00,POLICY_VIOLATION,LOW,SUPPRESSED,UNKNOWN
ALT-002615,OT-01986,PLT-18,2026-09-02T04:53:00,CONFIG_DRIFT,LOW,OPEN,UNKNOWN
ALT-002616,OT-01321,PLT-13,2026-09-03T15:36:00,MALWARE_SIGNAL,MEDIUM,OPEN,UNKNOWN
ALT-002617,OT-00682,PLT-07,2026-09-15T01:59:00,NEW_DEVICE,LOW,OPEN,UNKNOWN
ALT-002618,OT-01403,PLT-13,2026-09-13T21:25:00,NEW_DEVICE,MEDIUM,OPEN,UNKNOWN
ALT-002619,OT-01188,PLT-11,2026-10-02T05:49:00,NEW_DEVICE,HIGH,SUPPRESSED,MAINTENANCE_WINDOW
ALT-002620,OT-00564,PLT-06,2026-09-11T20:41:00,POLICY_VIOLATION,LOW,TRIAGED,MAINTENANCE_WINDOW
ALT-002621,OT-00288,PLT-03,2026-09-11T09:46:00,UNEXPECTED_WRITE,MEDIUM,OPEN,UNKNOWN
ALT-002622,OT-01902,PLT-18,2026-10-01T04:44:00,POLICY_VIOLATION,MEDIUM,OPEN,UNKNOWN
ALT-002623,OT-00131,PLT-02,2026-10-05T06:24:00,UNEXPECTED_WRITE,MEDIUM,OPEN,NORMAL
ALT-002624,OT-01947,PLT-18,2026-09-29T08:16:00,POLICY_VIOLATION,HIGH,OPEN,UNKNOWN
ALT-002625,OT-00392,PLT-04,2026-09-18T04:50:00,UNEXPECTED_WRITE,HIGH,TRIAGED,UNKNOWN
ALT-002626,OT-01670,PLT-16,2026-09-28T21:44:00,PROTOCOL_ANOMALY,HIGH,CLOSED,UNKNOWN
ALT-002627,OT-02005,PLT-18,2026-09-01T08:46:00,POLICY_VIOLATION,LOW,SUPPRESSED,DEGRADED
ALT-002628,OT-01370,PLT-13,2026-10-05T05:59:00,NEW_DEVICE,HIGH,SUPPRESSED,UNKNOWN
ALT-002629,OT-00972,PLT-09,2026-09-05T21:00:00,UNEXPECTED_WRITE,LOW,SUPPRESSED,UNKNOWN
ALT-002630,OT-01417,PLT-13,2026-09-25T12:07:00,CONFIG_DRIFT,HIGH,SUPPRESSED,DEGRADED
ALT-002631,OT-01298,PLT-12,2026-10-03T03:56:00,CONFIG_DRIFT,MEDIUM,CLOSED,UNKNOWN
ALT-002632,OT-01397,PLT-13,2026-09-15T02:08:00,POLICY_VIOLATION,MEDIUM,OPEN,UNKNOWN
ALT-002633,OT-01722,PLT-16,2026-09-28T10:05:00,AUTH_ANOMALY,LOW,CLOSED,UNKNOWN
ALT-002634,OT-00719,PLT-07,2026-09-10T12:00:00,UNEXPECTED_WRITE,MEDIUM,TRIAGED,UNKNOWN
ALT-002635,OT-00381,PLT-04,2026-09-15T16:26:00,CONFIG_DRIFT,MEDIUM,CLOSED,UNKNOWN
ALT-002636,OT-01520,PLT-14,2026-09-24T01:42:00,NEW_DEVICE,LOW,SUPPRESSED,MAINTENANCE_WINDOW
ALT-002637,OT-01526,PLT-14,2026-09-16T03:27:00,CONFIG_DRIFT,MEDIUM,OPEN,UNKNOWN
ALT-002638,OT-01274,PLT-12,2026-10-05T05:22:00,MALWARE_SIGNAL,MEDIUM,CLOSED,NORMAL
ALT-002639,OT-01432,PLT-14,2026-09-29T16:08:00,CONFIG_DRIFT,HIGH,CLOSED,DEGRADED
ALT-002640,OT-00735,PLT-07,2026-10-02T12:55:00,UNEXPECTED_WRITE,LOW,CLOSED,UNKNOWN
ALT-002641,OT-00479,PLT-05,2026-09-29T03:46:00,NEW_DEVICE,HIGH,CLOSED,UNKNOWN
ALT-002642,OT-01737,PLT-16,2026-09-21T10:57:00,MALWARE_SIGNAL,LOW,SUPPRESSED,UNKNOWN
ALT-002643,OT-00085,PLT-01,2026-09-23T21:11:00,AUTH_ANOMALY,HIGH,SUPPRESSED,UNKNOWN
ALT-002644,OT-00482,PLT-05,2026-09-20T11:00:00,UNEXPECTED_WRITE,MEDIUM,OPEN,UNKNOWN
ALT-002645,OT-00946,PLT-09,2026-10-04T01:13:00,PROTOCOL_ANOMALY,LOW,OPEN,UNKNOWN
ALT-002646,OT-01869,PLT-17,2026-09-24T05:01:00,POLICY_VIOLATION,LOW,SUPPRESSED,NORMAL
ALT-002647,OT-01790,PLT-17,2026-09-21T11:04:00,UNEXPECTED_WRITE,LOW,OPEN,UNKNOWN
ALT-002648,OT-00498,PLT-05,2026-09-10T17:45:00,AUTH_ANOMALY,MEDIUM,SUPPRESSED,UNKNOWN
ALT-002649,OT-00851,PLT-08,2026-10-03T03:08:00,CONFIG_DRIFT,MEDIUM,TRIAGED,NORMAL
ALT-002650,OT-00623,PLT-06,2026-09-01T20:10:00,MALWARE_SIGNAL,HIGH,OPEN,MAINTENANCE_WINDOW
ALT-002651,OT-00397,PLT-04,2026-09-13T13:18:00,NEW_DEVICE,HIGH,CLOSED,UNKNOWN
ALT-002652,OT-01374,PLT-13,2026-09-29T05:27:00,NEW_DEVICE,LOW,SUPPRESSED,UNKNOWN
ALT-002653,OT-00625,PLT-06,2026-09-12T17:11:00,NEW_DEVICE,MEDIUM,CLOSED,MAINTENANCE_WINDOW
ALT-002654,OT-00788,PLT-08,2026-09-05T12:59:00,UNEXPECTED_WRITE,CRITICAL,OPEN,MAINTENANCE_WINDOW
ALT-002655,OT-01589,PLT-15,2026-10-01T11:28:00,UNEXPECTED_WRITE,HIGH,SUPPRESSED,UNKNOWN
ALT-002656,OT-00122,PLT-02,2026-09-28T15:47:00,POLICY_VIOLATION,HIGH,TRIAGED,UNKNOWN
ALT-002657,OT-00718,PLT-07,2026-10-05T06:07:00,MALWARE_SIGNAL,HIGH,OPEN,NORMAL
ALT-002658,OT-01500,PLT-14,2026-09-15T12:59:00,PROTOCOL_ANOMALY,LOW,CLOSED,DEGRADED
ALT-002659,OT-00061,PLT-01,2026-09-16T10:57:00,AUTH_ANOMALY,HIGH,CLOSED,UNKNOWN
ALT-002660,OT-01184,PLT-11,2026-09-17T22:49:00,MALWARE_SIGNAL,HIGH,OPEN,UNKNOWN
ALT-002661,OT-00220,PLT-03,2026-09-05T04:19:00,UNEXPECTED_WRITE,LOW,OPEN,UNKNOWN
ALT-002662,OT-01969,PLT-18,2026-09-04T08:07:00,POLICY_VIOLATION,LOW,CLOSED,UNKNOWN
ALT-002663,OT-01083,PLT-10,2026-10-01T12:22:00,POLICY_VIOLATION,LOW,TRIAGED,UNKNOWN
ALT-002664,OT-01146,PLT-11,2026-09-13T12:06:00,CONFIG_DRIFT,HIGH,OPEN,UNKNOWN
ALT-002665,OT-01912,PLT-18,2026-09-09T12:10:00,PROTOCOL_ANOMALY,LOW,OPEN,NORMAL
ALT-002666,OT-00049,PLT-01,2026-09-16T05:14:00,MALWARE_SIGNAL,MEDIUM,SUPPRESSED,MAINTENANCE_WINDOW
ALT-002667,OT-00288,PLT-03,2026-10-02T20:09:00,UNEXPECTED_WRITE,CRITICAL,TRIAGED,UNKNOWN
ALT-002668,OT-00567,PLT-06,2026-09-30T08:40:00,UNEXPECTED_WRITE,LOW,TRIAGED,NORMAL
ALT-002669,OT-01684,PLT-16,2026-09-13T21:19:00,POLICY_VIOLATION,MEDIUM,CLOSED,UNKNOWN
ALT-002670,OT-00380,PLT-04,2026-09-06T22:00:00,PROTOCOL_ANOMALY,LOW,SUPPRESSED,UNKNOWN
ALT-002671,OT-01663,PLT-15,2026-10-01T17:52:00,NEW_DEVICE,CRITICAL,SUPPRESSED,UNKNOWN
ALT-002672,OT-00420,PLT-04,2026-09-24T19:01:00,POLICY_VIOLATION,MEDIUM,OPEN,UNKNOWN
ALT-002673,OT-01726,PLT-16,2026-09-24T13:32:00,MALWARE_SIGNAL,MEDIUM,TRIAGED,DEGRADED
ALT-002674,OT-01394,PLT-13,2026-09-08T23:40:00,NEW_DEVICE,LOW,TRIAGED,UNKNOWN
ALT-002675,OT-01000,PLT-10,2026-09-26T08:59:00,NEW_DEVICE,LOW,CLOSED,UNKNOWN
ALT-002676,OT-00919,PLT-09,2026-09-18T05:52:00,PROTOCOL_ANOMALY,MEDIUM,CLOSED,UNKNOWN
ALT-002677,OT-00744,PLT-07,2026-10-05T17:02:00,CONFIG_DRIFT,HIGH,TRIAGED,UNKNOWN
ALT-002678,OT-01774,PLT-16,2026-09-14T22:06:00,CONFIG_DRIFT,HIGH,TRIAGED,DEGRADED
ALT-002679,OT-01364,PLT-13,2026-09-09T15:39:00,AUTH_ANOMALY,CRITICAL,TRIAGED,UNKNOWN
ALT-002680,OT-01170,PLT-11,2026-09-09T02:21:00,UNEXPECTED_WRITE,CRITICAL,CLOSED,UNKNOWN
ALT-002681,OT-01065,PLT-10,2026-09-09T01:00:00,POLICY_VIOLATION,HIGH,TRIAGED,UNKNOWN
ALT-002682,OT-01404,PLT-13,2026-09-24T02:08:00,MALWARE_SIGNAL,HIGH,OPEN,MAINTENANCE_WINDOW
ALT-002683,OT-00203,PLT-02,2026-09-16T22:09:00,PROTOCOL_ANOMALY,MEDIUM,TRIAGED,UNKNOWN
ALT-002684,OT-00962,PLT-09,2026-09-04T10:47:00,NEW_DEVICE,LOW,CLOSED,UNKNOWN
ALT-002685,OT-01248,PLT-12,2026-09-29T20:06:00,CONFIG_DRIFT,MEDIUM,SUPPRESSED,UNKNOWN
ALT-002686,OT-01420,PLT-13,2026-09-14T23:52:00,AUTH_ANOMALY,HIGH,CLOSED,UNKNOWN
ALT-002687,OT-00019,PLT-01,2026-09-05T20:46:00,AUTH_ANOMALY,MEDIUM,TRIAGED,MAINTENANCE_WINDOW
ALT-002688,OT-00760,PLT-08,2026-09-30T00:53:00,CONFIG_DRIFT,MEDIUM,TRIAGED,UNKNOWN
ALT-002689,OT-00004,PLT-01,2026-09-14T21:42:00,NEW_DEVICE,HIGH,TRIAGED,DEGRADED
ALT-002690,OT-01656,PLT-15,2026-09-07T10:19:00,NEW_DEVICE,MEDIUM,SUPPRESSED,NORMAL
ALT-002691,OT-01213,PLT-12,2026-09-19T07:56:00,UNEXPECTED_WRITE,LOW,TRIAGED,UNKNOWN
ALT-002692,OT-01806,PLT-17,2026-09-24T15:11:00,AUTH_ANOMALY,LOW,OPEN,UNKNOWN
ALT-002693,OT-01560,PLT-15,2026-10-05T09:16:00,NEW_DEVICE,MEDIUM,SUPPRESSED,UNKNOWN
ALT-002694,OT-01246,PLT-12,2026-09-25T06:00:00,CONFIG_DRIFT,HIGH,SUPPRESSED,UNKNOWN
ALT-002695,OT-01106,PLT-11,2026-09-06T15:06:00,UNEXPECTED_WRITE,LOW,OPEN,UNKNOWN
ALT-002696,OT-01074,PLT-10,2026-09-22T02:41:00,CONFIG_DRIFT,HIGH,TRIAGED,MAINTENANCE_WINDOW
ALT-002697,OT-01858,PLT-17,2026-09-02T02:03:00,POLICY_VIOLATION,HIGH,SUPPRESSED,NORMAL
ALT-002698,OT-01353,PLT-13,2026-09-21T06:26:00,CONFIG_DRIFT,MEDIUM,OPEN,DEGRADED
ALT-002699,OT-00799,PLT-08,2026-09-20T19:13:00,PROTOCOL_ANOMALY,LOW,OPEN,UNKNOWN
ALT-002700,OT-00451,PLT-05,2026-10-02T07:14:00,AUTH_ANOMALY,LOW,SUPPRESSED,UNKNOWN
ALT-002701,OT-01069,PLT-10,2026-09-30T01:58:00,POLICY_VIOLATION,HIGH,TRIAGED,UNKNOWN
ALT-002702,OT-01849,PLT-17,2026-09-05T11:24:00,AUTH_ANOMALY,MEDIUM,SUPPRESSED,UNKNOWN
ALT-002703,OT-00142,PLT-02,2026-09-12T08:47:00,PROTOCOL_ANOMALY,MEDIUM,CLOSED,DEGRADED
ALT-002704,OT-00074,PLT-01,2026-09-21T11:44:00,AUTH_ANOMALY,MEDIUM,SUPPRESSED,DEGRADED
ALT-002705,OT-00122,PLT-02,2026-09-06T15:32:00,AUTH_ANOMALY,LOW,CLOSED,UNKNOWN
ALT-002706,OT-00938,PLT-09,2026-09-24T15:44:00,POLICY_VIOLATION,LOW,CLOSED,UNKNOWN
ALT-002707,OT-00683,PLT-07,2026-09-07T15:09:00,AUTH_ANOMALY,MEDIUM,TRIAGED,UNKNOWN
ALT-002708,OT-00886,PLT-09,2026-09-17T21:36:00,CONFIG_DRIFT,LOW,OPEN,UNKNOWN
ALT-002709,OT-01243,PLT-12,2026-10-05T04:56:00,POLICY_VIOLATION,LOW,SUPPRESSED,DEGRADED
ALT-002710,OT-01778,PLT-16,2026-09-19T06:13:00,NEW_DEVICE,HIGH,TRIAGED,UNKNOWN
ALT-002711,OT-01166,PLT-11,2026-09-18T23:31:00,AUTH_ANOMALY,LOW,OPEN,UNKNOWN
ALT-002712,OT-00763,PLT-08,2026-10-05T03:41:00,POLICY_VIOLATION,MEDIUM,SUPPRESSED,UNKNOWN
ALT-002713,OT-01273,PLT-12,2026-09-19T17:01:00,UNEXPECTED_WRITE,MEDIUM,CLOSED,MAINTENANCE_WINDOW
ALT-002714,OT-00466,PLT-05,2026-10-01T16:57:00,CONFIG_DRIFT,HIGH,SUPPRESSED,UNKNOWN
ALT-002715,OT-00821,PLT-08,2026-09-14T09:56:00,AUTH_ANOMALY,HIGH,SUPPRESSED,MAINTENANCE_WINDOW
ALT-002716,OT-01838,PLT-17,2026-09-21T12:43:00,AUTH_ANOMALY,MEDIUM,SUPPRESSED,DEGRADED
ALT-002717,OT-01603,PLT-15,2026-09-22T23:18:00,POLICY_VIOLATION,LOW,SUPPRESSED,DEGRADED
ALT-002718,OT-01910,PLT-18,2026-09-27T22:59:00,MALWARE_SIGNAL,MEDIUM,OPEN,UNKNOWN
ALT-002719,OT-00472,PLT-05,2026-10-04T18:28:00,POLICY_VIOLATION,MEDIUM,TRIAGED,UNKNOWN
ALT-002720,OT-01396,PLT-13,2026-09-24T11:25:00,NEW_DEVICE,MEDIUM,CLOSED,NORMAL
ALT-002721,OT-00613,PLT-06,2026-10-04T16:38:00,UNEXPECTED_WRITE,LOW,TRIAGED,UNKNOWN
ALT-002722,OT-00049,PLT-01,2026-09-02T00:58:00,AUTH_ANOMALY,MEDIUM,OPEN,MAINTENANCE_WINDOW
ALT-002723,OT-00101,PLT-01,2026-09-21T07:50:00,MALWARE_SIGNAL,MEDIUM,CLOSED,UNKNOWN
ALT-002724,OT-01993,PLT-18,2026-09-23T11:19:00,CONFIG_DRIFT,MEDIUM,TRIAGED,DEGRADED
ALT-002725,OT-01112,PLT-11,2026-09-28T06:55:00,POLICY_VIOLATION,HIGH,OPEN,UNKNOWN
ALT-002726,OT-01673,PLT-16,2026-09-03T10:25:00,UNEXPECTED_WRITE,LOW,CLOSED,NORMAL
ALT-002727,OT-01976,PLT-18,2026-10-05T19:56:00,POLICY_VIOLATION,MEDIUM,TRIAGED,UNKNOWN
ALT-002728,OT-00739,PLT-07,2026-09-04T14:17:00,NEW_DEVICE,LOW,SUPPRESSED,UNKNOWN
ALT-002729,OT-01418,PLT-13,2026-09-13T08:12:00,UNEXPECTED_WRITE,LOW,OPEN,UNKNOWN
ALT-002730,OT-01949,PLT-18,2026-09-21T19:32:00,NEW_DEVICE,MEDIUM,SUPPRESSED,UNKNOWN
ALT-002731,OT-00309,PLT-03,2026-09-22T13:13:00,NEW_DEVICE,MEDIUM,OPEN,UNKNOWN
ALT-002732,OT-01932,PLT-18,2026-10-04T23:08:00,UNEXPECTED_WRITE,LOW,OPEN,DEGRADED
ALT-002733,OT-00962,PLT-09,2026-09-03T11:49:00,AUTH_ANOMALY,CRITICAL,CLOSED,DEGRADED
ALT-002734,OT-01276,PLT-12,2026-09-15T23:47:00,NEW_DEVICE,HIGH,SUPPRESSED,UNKNOWN
ALT-002735,OT-00698,PLT-07,2026-09-27T19:23:00,POLICY_VIOLATION,HIGH,TRIAGED,DEGRADED
ALT-002736,OT-00607,PLT-06,2026-10-01T03:37:00,AUTH_ANOMALY,MEDIUM,SUPPRESSED,MAINTENANCE_WINDOW
ALT-002737,OT-00808,PLT-08,2026-09-18T10:15:00,MALWARE_SIGNAL,CRITICAL,CLOSED,UNKNOWN
ALT-002738,OT-01705,PLT-16,2026-09-26T04:51:00,AUTH_ANOMALY,MEDIUM,CLOSED,UNKNOWN
ALT-002739,OT-00274,PLT-03,2026-10-02T01:11:00,AUTH_ANOMALY,MEDIUM,SUPPRESSED,UNKNOWN
ALT-002740,OT-00811,PLT-08,2026-09-07T11:04:00,CONFIG_DRIFT,MEDIUM,CLOSED,MAINTENANCE_WINDOW
ALT-002741,OT-01481,PLT-14,2026-09-28T02:53:00,MALWARE_SIGNAL,MEDIUM,CLOSED,UNKNOWN
ALT-002742,OT-00413,PLT-04,2026-09-22T18:58:00,AUTH_ANOMALY,LOW,CLOSED,UNKNOWN
ALT-002743,OT-00965,PLT-09,2026-09-22T07:34:00,POLICY_VIOLATION,LOW,TRIAGED,MAINTENANCE_WINDOW
ALT-002744,OT-01622,PLT-15,2026-09-04T13:39:00,NEW_DEVICE,MEDIUM,CLOSED,NORMAL
ALT-002745,OT-01224,PLT-12,2026-09-18T19:44:00,AUTH_ANOMALY,HIGH,TRIAGED,MAINTENANCE_WINDOW
ALT-002746,OT-00277,PLT-03,2026-09-11T23:14:00,UNEXPECTED_WRITE,HIGH,SUPPRESSED,UNKNOWN
ALT-002747,OT-00512,PLT-05,2026-09-08T04:10:00,AUTH_ANOMALY,MEDIUM,TRIAGED,UNKNOWN
ALT-002748,OT-01138,PLT-11,2026-09-02T13:37:00,POLICY_VIOLATION,MEDIUM,CLOSED,UNKNOWN
ALT-002749,OT-01950,PLT-18,2026-10-04T21:15:00,UNEXPECTED_WRITE,LOW,CLOSED,UNKNOWN
ALT-002750,OT-00250,PLT-03,2026-10-02T11:46:00,UNEXPECTED_WRITE,MEDIUM,TRIAGED,UNKNOWN
ALT-002751,OT-00856,PLT-08,2026-09-20T11:09:00,CONFIG_DRIFT,MEDIUM,SUPPRESSED,UNKNOWN
ALT-002752,OT-00171,PLT-02,2026-09-21T19:54:00,POLICY_VIOLATION,MEDIUM,SUPPRESSED,UNKNOWN
ALT-002753,OT-00270,PLT-03,2026-09-12T02:08:00,MALWARE_SIGNAL,MEDIUM,SUPPRESSED,MAINTENANCE_WINDOW
ALT-002754,OT-00542,PLT-06,2026-09-22T16:57:00,UNEXPECTED_WRITE,LOW,OPEN,UNKNOWN
ALT-002755,OT-01898,PLT-18,2026-09-16T05:38:00,PROTOCOL_ANOMALY,MEDIUM,TRIAGED,DEGRADED
ALT-002756,OT-00718,PLT-07,2026-09-08T04:16:00,NEW_DEVICE,LOW,OPEN,NORMAL
ALT-002757,OT-01886,PLT-17,2026-09-13T16:07:00,POLICY_VIOLATION,MEDIUM,SUPPRESSED,MAINTENANCE_WINDOW
ALT-002758,OT-00145,PLT-02,2026-09-28T07:26:00,UNEXPECTED_WRITE,HIGH,SUPPRESSED,NORMAL
ALT-002759,OT-00789,PLT-08,2026-09-02T08:46:00,MALWARE_SIGNAL,LOW,OPEN,MAINTENANCE_WINDOW
ALT-002760,OT-01153,PLT-11,2026-09-12T07:34:00,AUTH_ANOMALY,MEDIUM,CLOSED,UNKNOWN
ALT-002761,OT-00862,PLT-08,2026-09-17T01:48:00,NEW_DEVICE,LOW,SUPPRESSED,UNKNOWN
ALT-002762,OT-01289,PLT-12,2026-09-03T07:17:00,CONFIG_DRIFT,HIGH,OPEN,UNKNOWN
ALT-002763,OT-01946,PLT-18,2026-09-15T13:37:00,POLICY_VIOLATION,MEDIUM,TRIAGED,DEGRADED
ALT-002764,OT-01295,PLT-12,2026-09-16T18:47:00,NEW_DEVICE,HIGH,OPEN,NORMAL
ALT-002765,OT-01763,PLT-16,2026-09-06T12:16:00,POLICY_VIOLATION,MEDIUM,OPEN,DEGRADED
ALT-002766,OT-01532,PLT-14,2026-09-29T13:15:00,UNEXPECTED_WRITE,HIGH,SUPPRESSED,UNKNOWN
ALT-002767,OT-00909,PLT-09,2026-09-05T02:19:00,UNEXPECTED_WRITE,HIGH,TRIAGED,UNKNOWN
ALT-002768,OT-00874,PLT-08,2026-09-22T21:47:00,AUTH_ANOMALY,HIGH,OPEN,UNKNOWN
ALT-002769,OT-01809,PLT-17,2026-09-08T16:23:00,PROTOCOL_ANOMALY,CRITICAL,TRIAGED,UNKNOWN
ALT-002770,OT-00274,PLT-03,2026-10-04T23:36:00,MALWARE_SIGNAL,LOW,OPEN,MAINTENANCE_WINDOW
ALT-002771,OT-00432,PLT-04,2026-10-05T01:06:00,NEW_DEVICE,CRITICAL,CLOSED,UNKNOWN
ALT-002772,OT-01798,PLT-17,2026-09-02T16:34:00,AUTH_ANOMALY,HIGH,OPEN,DEGRADED
ALT-002773,OT-01571,PLT-15,2026-09-01T20:15:00,POLICY_VIOLATION,MEDIUM,TRIAGED,UNKNOWN
ALT-002774,OT-00472,PLT-05,2026-10-02T12:35:00,CONFIG_DRIFT,MEDIUM,SUPPRESSED,UNKNOWN
ALT-002775,OT-00493,PLT-05,2026-09-19T12:11:00,UNEXPECTED_WRITE,LOW,OPEN,UNKNOWN
ALT-002776,OT-00516,PLT-05,2026-09-10T10:55:00,UNEXPECTED_WRITE,MEDIUM,SUPPRESSED,NORMAL
ALT-002777,OT-00956,PLT-09,2026-09-28T04:45:00,NEW_DEVICE,MEDIUM,OPEN,NORMAL
ALT-002778,OT-01171,PLT-11,2026-09-11T13:25:00,AUTH_ANOMALY,LOW,OPEN,UNKNOWN
ALT-002779,OT-00630,PLT-06,2026-09-12T16:56:00,CONFIG_DRIFT,MEDIUM,TRIAGED,UNKNOWN
ALT-002780,OT-00317,PLT-03,2026-09-28T00:22:00,UNEXPECTED_WRITE,CRITICAL,TRIAGED,UNKNOWN
ALT-002781,OT-01830,PLT-17,2026-09-06T02:28:00,UNEXPECTED_WRITE,CRITICAL,SUPPRESSED,UNKNOWN
ALT-002782,OT-00379,PLT-04,2026-09-01T04:22:00,NEW_DEVICE,MEDIUM,OPEN,UNKNOWN
ALT-002783,OT-01016,PLT-10,2026-09-15T08:09:00,CONFIG_DRIFT,HIGH,SUPPRESSED,UNKNOWN
ALT-002784,OT-01220,PLT-12,2026-09-05T08:32:00,AUTH_ANOMALY,MEDIUM,TRIAGED,UNKNOWN
ALT-002785,OT-00526,PLT-05,2026-09-02T23:23:00,POLICY_VIOLATION,HIGH,SUPPRESSED,UNKNOWN
ALT-002786,OT-01920,PLT-18,2026-10-05T03:37:00,NEW_DEVICE,HIGH,OPEN,UNKNOWN
ALT-002787,OT-00138,PLT-02,2026-09-02T20:48:00,UNEXPECTED_WRITE,MEDIUM,CLOSED,UNKNOWN
ALT-002788,OT-00297,PLT-03,2026-09-26T23:22:00,MALWARE_SIGNAL,LOW,OPEN,UNKNOWN
ALT-002789,OT-00969,PLT-09,2026-09-18T03:26:00,NEW_DEVICE,MEDIUM,CLOSED,UNKNOWN
ALT-002790,OT-00575,PLT-06,2026-09-13T03:38:00,CONFIG_DRIFT,HIGH,CLOSED,UNKNOWN
ALT-002791,OT-01490,PLT-14,2026-09-05T21:39:00,CONFIG_DRIFT,LOW,SUPPRESSED,UNKNOWN
ALT-002792,OT-02005,PLT-18,2026-09-02T22:55:00,PROTOCOL_ANOMALY,MEDIUM,OPEN,UNKNOWN
ALT-002793,OT-01957,PLT-18,2026-09-18T17:29:00,CONFIG_DRIFT,MEDIUM,CLOSED,UNKNOWN
ALT-002794,OT-00397,PLT-04,2026-09-28T19:52:00,MALWARE_SIGNAL,MEDIUM,SUPPRESSED,UNKNOWN
ALT-002795,OT-01233,PLT-12,2026-09-17T21:11:00,UNEXPECTED_WRITE,LOW,CLOSED,UNKNOWN
ALT-002796,OT-00141,PLT-02,2026-09-06T09:10:00,CONFIG_DRIFT,HIGH,TRIAGED,DEGRADED
ALT-002797,OT-00996,PLT-10,2026-09-25T11:51:00,NEW_DEVICE,LOW,CLOSED,MAINTENANCE_WINDOW
ALT-002798,OT-00143,PLT-02,2026-09-02T14:34:00,UNEXPECTED_WRITE,MEDIUM,OPEN,DEGRADED
ALT-002799,OT-00367,PLT-04,2026-09-03T10:12:00,AUTH_ANOMALY,HIGH,TRIAGED,UNKNOWN
ALT-002800,OT-00783,PLT-08,2026-09-19T15:03:00,UNEXPECTED_WRITE,CRITICAL,CLOSED,MAINTENANCE_WINDOW
