plant_id,source_asset,target_asset,protocol,approved_path,observed_last_24h,documented
PLT-01,OT-00101,OT-00039,IEC61850,YES,NO,YES
PLT-01,OT-00035,OT-00094,EtherNetIP,YES,YES,YES
PLT-01,OT-00030,OT-00004,IEC104,YES,YES,YES
PLT-01,OT-00098,OT-00075,EtherNetIP,YES,YES,YES
PLT-01,OT-00081,OT-00101,VendorSerial,YES,YES,YES
PLT-01,OT-00088,OT-00084,DNP3,YES,YES,YES
PLT-01,OT-00100,OT-00102,ModbusTCP,UNKNOWN,YES,YES
PLT-01,OT-00050,OT-00016,OPC_UA,NO,NO,YES
PLT-01,OT-00094,OT-00009,VendorSerial,YES,YES,YES
PLT-01,OT-00098,OT-00073,OPC_UA,YES,YES,YES
PLT-01,OT-00102,OT-00064,OPC_UA,UNKNOWN,YES,YES
PLT-01,OT-00061,OT-00005,VendorSerial,YES,YES,YES
PLT-01,OT-00022,OT-00066,OPC_UA,YES,YES,NO
PLT-01,OT-00081,OT-00025,IEC104,YES,YES,NO
PLT-01,OT-00081,OT-00030,OPC_UA,YES,YES,YES
PLT-01,OT-00065,OT-00046,OPC_UA,YES,YES,YES
PLT-01,OT-00061,OT-00053,PROFIBUS,YES,YES,YES
PLT-01,OT-00031,OT-00099,IEC61850,YES,YES,YES
PLT-01,OT-00070,OT-00055,IEC104,UNKNOWN,YES,YES
PLT-01,OT-00028,OT-00013,EtherNetIP,YES,YES,YES
PLT-01,OT-00095,OT-00067,EtherNetIP,YES,YES,YES
PLT-01,OT-00017,OT-00027,IEC104,YES,YES,YES
PLT-01,OT-00100,OT-00080,ModbusTCP,YES,YES,YES
PLT-01,OT-00017,OT-00070,OPC_UA,YES,YES,YES
PLT-01,OT-00005,OT-00022,ModbusTCP,YES,YES,YES
PLT-01,OT-00007,OT-00002,VendorSerial,YES,YES,YES
PLT-01,OT-00014,OT-00005,IEC61850,YES,NO,YES
PLT-01,OT-00005,OT-00097,OPC_UA,YES,YES,NO
PLT-01,OT-00027,OT-00087,DNP3,UNKNOWN,YES,NO
PLT-01,OT-00070,OT-00090,DNP3,NO,YES,YES
PLT-01,OT-00075,OT-00018,OPC_DA,YES,YES,YES
PLT-01,OT-00084,OT-00064,OPC_UA,NO,NO,YES
PLT-01,OT-00065,OT-00102,PROFINET,YES,YES,NO
PLT-01,OT-00016,OT-00086,ModbusTCP,YES,YES,YES
PLT-01,OT-00042,OT-00070,IEC61850,UNKNOWN,YES,YES
PLT-01,OT-00064,OT-00065,IEC104,YES,YES,YES
PLT-01,OT-00095,OT-00054,OPC_DA,YES,YES,NO
PLT-01,OT-00049,OT-00099,PROFIBUS,YES,YES,YES
PLT-01,OT-00016,OT-00033,ModbusTCP,YES,YES,YES
PLT-01,OT-00018,OT-00087,DNP3,NO,NO,NO
PLT-01,OT-00088,OT-00017,PROFIBUS,UNKNOWN,YES,NO
PLT-01,OT-00064,OT-00039,IEC104,YES,NO,NO
PLT-01,OT-00087,OT-00020,OPC_DA,YES,YES,YES
PLT-01,OT-00051,OT-00033,PROFIBUS,YES,YES,YES
PLT-01,OT-00025,OT-00036,EtherNetIP,YES,NO,NO
PLT-01,OT-00093,OT-00053,OPC_DA,YES,NO,NO
PLT-01,OT-00085,OT-00019,DNP3,UNKNOWN,YES,NO
PLT-01,OT-00048,OT-00017,VendorSerial,YES,YES,YES
PLT-01,OT-00044,OT-00003,DNP3,YES,NO,YES
PLT-01,OT-00089,OT-00014,PROFINET,YES,NO,YES
PLT-01,OT-00076,OT-00100,PROFIBUS,YES,NO,YES
PLT-01,OT-00051,OT-00095,DNP3,YES,YES,YES
PLT-01,OT-00003,OT-00095,OPC_UA,YES,NO,NO
PLT-01,OT-00066,OT-00025,EtherNetIP,YES,NO,YES
PLT-01,OT-00011,OT-00035,OPC_DA,YES,YES,YES
PLT-01,OT-00011,OT-00031,PROFIBUS,YES,YES,NO
PLT-01,OT-00054,OT-00064,IEC61850,YES,YES,YES
PLT-01,OT-00070,OT-00038,OPC_UA,UNKNOWN,YES,NO
PLT-01,OT-00066,OT-00078,OPC_UA,YES,YES,YES
PLT-01,OT-00005,OT-00045,EtherNetIP,NO,YES,YES
PLT-01,OT-00045,OT-00079,VendorSerial,YES,YES,YES
PLT-01,OT-00097,OT-00001,DNP3,YES,YES,YES
PLT-01,OT-00025,OT-00054,IEC104,YES,YES,YES
PLT-01,OT-00053,OT-00045,DNP3,YES,YES,YES
PLT-01,OT-00028,OT-00012,VendorSerial,YES,YES,YES
PLT-01,OT-00051,OT-00058,PROFINET,YES,YES,NO
PLT-01,OT-00089,OT-00044,IEC61850,YES,YES,YES
PLT-01,OT-00085,OT-00019,OPC_UA,YES,YES,YES
PLT-01,OT-00090,OT-00046,OPC_UA,YES,NO,YES
PLT-01,OT-00044,OT-00029,IEC61850,YES,YES,YES
PLT-01,OT-00012,OT-00096,IEC61850,YES,YES,YES
PLT-01,OT-00089,OT-00096,DNP3,YES,YES,NO
PLT-01,OT-00102,OT-00067,OPC_DA,YES,YES,NO
PLT-01,OT-00091,OT-00053,DNP3,YES,YES,NO
PLT-01,OT-00074,OT-00028,PROFIBUS,YES,YES,YES
PLT-01,OT-00024,OT-00095,PROFINET,YES,YES,NO
PLT-01,OT-00062,OT-00064,OPC_UA,YES,YES,YES
PLT-01,OT-00095,OT-00046,PROFINET,YES,YES,NO
PLT-01,OT-00037,OT-00010,EtherNetIP,YES,YES,YES
PLT-01,OT-00029,OT-00090,EtherNetIP,NO,YES,YES
PLT-01,OT-00048,OT-00070,PROFIBUS,YES,YES,NO
PLT-01,OT-00076,OT-00059,VendorSerial,YES,YES,YES
PLT-01,OT-00076,OT-00014,OPC_DA,NO,NO,YES
PLT-01,OT-00095,OT-00087,OPC_DA,YES,YES,YES
PLT-01,OT-00051,OT-00090,VendorSerial,UNKNOWN,YES,YES
PLT-01,OT-00063,OT-00091,PROFIBUS,YES,YES,YES
PLT-01,OT-00102,OT-00069,VendorSerial,YES,NO,YES
PLT-01,OT-00047,OT-00054,OPC_DA,UNKNOWN,YES,YES
PLT-01,OT-00082,OT-00083,IEC61850,YES,YES,YES
PLT-01,OT-00076,OT-00098,OPC_UA,YES,YES,YES
PLT-01,OT-00066,OT-00034,ModbusTCP,YES,YES,YES
PLT-01,OT-00094,OT-00039,OPC_DA,YES,YES,YES
PLT-01,OT-00013,OT-00086,PROFINET,YES,NO,NO
PLT-01,OT-00082,OT-00044,DNP3,YES,NO,YES
PLT-01,OT-00032,OT-00092,IEC104,YES,YES,NO
PLT-01,OT-00051,OT-00072,OPC_DA,YES,YES,NO
PLT-01,OT-00100,OT-00081,VendorSerial,YES,YES,NO
PLT-01,OT-00011,OT-00015,VendorSerial,YES,NO,NO
PLT-01,OT-00016,OT-00056,PROFIBUS,YES,YES,YES
PLT-01,OT-00084,OT-00089,OPC_UA,UNKNOWN,NO,YES
PLT-01,OT-00042,OT-00001,IEC104,YES,YES,NO
PLT-01,OT-00077,OT-00040,DNP3,YES,NO,YES
PLT-01,OT-00041,OT-00028,ModbusTCP,YES,YES,NO
PLT-01,OT-00067,OT-00029,IEC104,YES,YES,YES
PLT-01,OT-00005,OT-00088,PROFIBUS,YES,YES,YES
PLT-01,OT-00045,OT-00079,DNP3,YES,YES,YES
PLT-01,OT-00025,OT-00092,OPC_UA,YES,YES,YES
PLT-01,OT-00038,OT-00089,IEC104,YES,YES,NO
PLT-01,OT-00061,OT-00041,PROFINET,YES,YES,NO
PLT-01,OT-00045,OT-00098,OPC_UA,NO,NO,YES
PLT-01,OT-00036,OT-00069,DNP3,YES,YES,NO
PLT-01,OT-00080,OT-00018,PROFIBUS,YES,YES,YES
PLT-01,OT-00081,OT-00045,IEC104,YES,YES,YES
PLT-01,OT-00053,OT-00094,EtherNetIP,YES,YES,YES
PLT-01,OT-00063,OT-00016,PROFINET,UNKNOWN,YES,YES
PLT-01,OT-00095,OT-00074,PROFINET,YES,YES,NO
PLT-01,OT-00040,OT-00083,EtherNetIP,YES,YES,YES
PLT-01,OT-00067,OT-00001,OPC_DA,YES,YES,YES
PLT-01,OT-00035,OT-00044,VendorSerial,YES,NO,YES
PLT-01,OT-00074,OT-00071,IEC104,YES,YES,YES
PLT-01,OT-00005,OT-00062,IEC61850,NO,YES,YES
PLT-01,OT-00056,OT-00052,ModbusTCP,YES,YES,YES
PLT-01,OT-00037,OT-00087,ModbusTCP,YES,YES,YES
PLT-01,OT-00097,OT-00074,VendorSerial,YES,NO,YES
PLT-01,OT-00083,OT-00088,OPC_UA,YES,YES,YES
PLT-01,OT-00100,OT-00006,OPC_UA,UNKNOWN,YES,YES
PLT-01,OT-00071,OT-00066,OPC_UA,YES,YES,YES
PLT-01,OT-00076,OT-00078,PROFIBUS,YES,NO,YES
PLT-01,OT-00099,OT-00029,OPC_DA,YES,NO,NO
PLT-01,OT-00070,OT-00091,PROFINET,YES,YES,YES
PLT-01,OT-00083,OT-00022,IEC104,YES,YES,YES
PLT-01,OT-00010,OT-00002,EtherNetIP,YES,YES,NO
PLT-01,OT-00074,OT-00047,IEC104,YES,NO,NO
PLT-01,OT-00054,OT-00042,DNP3,YES,NO,YES
PLT-01,OT-00012,OT-00074,IEC61850,NO,YES,NO
PLT-01,OT-00040,OT-00067,IEC104,UNKNOWN,YES,YES
PLT-01,OT-00097,OT-00041,IEC104,YES,YES,YES
PLT-01,OT-00051,OT-00092,IEC104,YES,NO,YES
PLT-01,OT-00014,OT-00092,DNP3,UNKNOWN,NO,YES
PLT-01,OT-00098,OT-00047,EtherNetIP,UNKNOWN,NO,YES
PLT-01,OT-00064,OT-00025,OPC_DA,UNKNOWN,YES,NO
PLT-01,OT-00078,OT-00053,EtherNetIP,YES,YES,YES
PLT-01,OT-00069,OT-00030,ModbusTCP,YES,YES,YES
PLT-01,OT-00094,OT-00022,EtherNetIP,NO,YES,YES
PLT-01,OT-00086,OT-00044,ModbusTCP,YES,YES,YES
PLT-01,OT-00035,OT-00019,PROFIBUS,YES,NO,YES
PLT-01,OT-00038,OT-00085,EtherNetIP,YES,YES,NO
PLT-01,OT-00095,OT-00038,OPC_UA,YES,NO,NO
PLT-01,OT-00052,OT-00019,PROFIBUS,YES,NO,YES
PLT-01,OT-00082,OT-00004,IEC61850,NO,YES,YES
PLT-01,OT-00084,OT-00017,OPC_UA,YES,YES,YES
PLT-01,OT-00056,OT-00020,PROFINET,YES,YES,NO
PLT-01,OT-00005,OT-00020,OPC_UA,YES,YES,NO
PLT-01,OT-00042,OT-00010,OPC_UA,YES,YES,YES
PLT-01,OT-00060,OT-00091,IEC104,YES,YES,NO
PLT-01,OT-00087,OT-00001,PROFIBUS,YES,YES,YES
PLT-01,OT-00083,OT-00052,OPC_DA,YES,YES,YES
PLT-01,OT-00085,OT-00065,IEC61850,YES,YES,YES
PLT-01,OT-00036,OT-00077,OPC_DA,NO,YES,YES
PLT-01,OT-00102,OT-00007,PROFIBUS,YES,NO,YES
PLT-01,OT-00040,OT-00004,OPC_DA,UNKNOWN,YES,YES
PLT-01,OT-00068,OT-00085,VendorSerial,YES,YES,NO
PLT-01,OT-00046,OT-00027,VendorSerial,YES,NO,NO
PLT-01,OT-00053,OT-00066,IEC104,YES,YES,YES
PLT-01,OT-00061,OT-00089,ModbusTCP,YES,YES,NO
PLT-01,OT-00026,OT-00058,ModbusTCP,YES,NO,YES
PLT-01,OT-00026,OT-00091,IEC61850,YES,YES,YES
PLT-01,OT-00082,OT-00039,PROFINET,YES,NO,YES
PLT-01,OT-00044,OT-00058,PROFIBUS,NO,NO,YES
PLT-01,OT-00037,OT-00015,VendorSerial,YES,YES,YES
PLT-01,OT-00020,OT-00060,DNP3,YES,YES,NO
PLT-01,OT-00018,OT-00069,EtherNetIP,YES,YES,YES
PLT-01,OT-00070,OT-00074,PROFINET,YES,YES,YES
PLT-01,OT-00073,OT-00057,IEC61850,YES,YES,YES
PLT-01,OT-00046,OT-00013,VendorSerial,YES,YES,YES
PLT-01,OT-00019,OT-00080,ModbusTCP,YES,YES,YES
PLT-01,OT-00091,OT-00048,EtherNetIP,YES,YES,YES
PLT-01,OT-00010,OT-00087,ModbusTCP,YES,YES,YES
PLT-01,OT-00066,OT-00012,VendorSerial,UNKNOWN,YES,NO
PLT-01,OT-00057,OT-00026,ModbusTCP,YES,YES,YES
PLT-01,OT-00082,OT-00045,IEC61850,UNKNOWN,NO,YES
PLT-01,OT-00048,OT-00034,PROFIBUS,YES,YES,NO
PLT-01,OT-00087,OT-00071,DNP3,YES,NO,NO
PLT-01,OT-00085,OT-00077,EtherNetIP,YES,YES,YES
PLT-01,OT-00004,OT-00076,OPC_DA,YES,YES,YES
PLT-01,OT-00026,OT-00003,ModbusTCP,YES,YES,YES
PLT-01,OT-00077,OT-00032,DNP3,YES,YES,YES
PLT-01,OT-00014,OT-00072,VendorSerial,YES,YES,YES
PLT-01,OT-00005,OT-00007,EtherNetIP,YES,YES,YES
PLT-01,OT-00097,OT-00029,OPC_DA,YES,YES,YES
PLT-01,OT-00091,OT-00073,PROFINET,YES,YES,YES
PLT-01,OT-00026,OT-00034,IEC104,UNKNOWN,YES,YES
PLT-01,OT-00031,OT-00017,IEC61850,YES,YES,YES
PLT-01,OT-00029,OT-00082,EtherNetIP,YES,YES,NO
PLT-01,OT-00042,OT-00005,IEC61850,YES,YES,NO
PLT-01,OT-00090,OT-00101,OPC_UA,YES,YES,NO
PLT-01,OT-00064,OT-00011,VendorSerial,YES,NO,YES
PLT-01,OT-00055,OT-00097,DNP3,YES,YES,YES
PLT-01,OT-00024,OT-00072,OPC_UA,YES,NO,YES
PLT-01,OT-00001,OT-00062,PROFIBUS,YES,YES,NO
PLT-01,OT-00054,OT-00041,OPC_UA,YES,NO,YES
PLT-01,OT-00090,OT-00024,PROFIBUS,YES,YES,YES
PLT-01,OT-00002,OT-00033,EtherNetIP,YES,YES,NO
PLT-01,OT-00076,OT-00033,IEC61850,YES,YES,NO
PLT-01,OT-00011,OT-00100,IEC61850,YES,YES,YES
PLT-01,OT-00067,OT-00057,PROFIBUS,YES,YES,NO
PLT-01,OT-00092,OT-00051,OPC_UA,YES,NO,YES
PLT-01,OT-00002,OT-00055,DNP3,YES,NO,YES
PLT-01,OT-00049,OT-00054,PROFINET,YES,YES,YES
PLT-01,OT-00040,OT-00020,EtherNetIP,YES,YES,YES
PLT-02,OT-00174,OT-00205,IEC61850,YES,NO,NO
PLT-02,OT-00144,OT-00199,EtherNetIP,YES,YES,YES
PLT-02,OT-00133,OT-00140,OPC_UA,YES,YES,NO
PLT-02,OT-00117,OT-00147,PROFINET,YES,NO,NO
PLT-02,OT-00128,OT-00110,OPC_DA,YES,YES,YES
PLT-02,OT-00161,OT-00134,ModbusTCP,YES,YES,YES
PLT-02,OT-00179,OT-00186,IEC104,YES,YES,YES
PLT-02,OT-00120,OT-00191,DNP3,NO,YES,YES
PLT-02,OT-00189,OT-00144,ModbusTCP,YES,YES,NO
PLT-02,OT-00201,OT-00123,OPC_UA,YES,YES,YES
PLT-02,OT-00161,OT-00167,VendorSerial,YES,YES,YES
PLT-02,OT-00121,OT-00108,DNP3,YES,YES,NO
PLT-02,OT-00147,OT-00134,IEC104,YES,YES,YES
PLT-02,OT-00205,OT-00138,OPC_UA,YES,YES,YES
PLT-02,OT-00147,OT-00150,IEC104,YES,YES,YES
PLT-02,OT-00179,OT-00159,IEC104,YES,YES,YES
PLT-02,OT-00140,OT-00134,IEC104,YES,YES,NO
PLT-02,OT-00134,OT-00183,OPC_UA,YES,NO,YES
PLT-02,OT-00110,OT-00167,ModbusTCP,YES,YES,YES
PLT-02,OT-00151,OT-00161,IEC61850,YES,NO,YES
PLT-02,OT-00120,OT-00111,EtherNetIP,YES,YES,NO
PLT-02,OT-00132,OT-00200,EtherNetIP,YES,YES,YES
PLT-02,OT-00180,OT-00202,DNP3,YES,YES,YES
PLT-02,OT-00203,OT-00128,IEC61850,YES,YES,YES
PLT-02,OT-00163,OT-00200,PROFINET,YES,YES,YES
PLT-02,OT-00118,OT-00169,OPC_UA,YES,YES,NO
PLT-02,OT-00186,OT-00137,IEC61850,YES,YES,YES
PLT-02,OT-00200,OT-00133,IEC61850,NO,YES,YES
PLT-02,OT-00104,OT-00163,ModbusTCP,YES,YES,YES
PLT-02,OT-00116,OT-00104,EtherNetIP,YES,NO,YES
PLT-02,OT-00201,OT-00154,EtherNetIP,YES,YES,YES
PLT-02,OT-00206,OT-00170,OPC_DA,YES,YES,YES
PLT-02,OT-00168,OT-00173,OPC_UA,YES,YES,YES
PLT-02,OT-00171,OT-00122,PROFINET,YES,YES,YES
PLT-02,OT-00206,OT-00203,IEC104,YES,YES,NO
PLT-02,OT-00114,OT-00151,DNP3,YES,YES,YES
PLT-02,OT-00202,OT-00126,EtherNetIP,YES,YES,YES
PLT-02,OT-00186,OT-00107,DNP3,YES,YES,YES
PLT-02,OT-00104,OT-00127,OPC_DA,YES,NO,YES
PLT-02,OT-00158,OT-00168,PROFINET,YES,NO,YES
PLT-02,OT-00175,OT-00152,IEC104,YES,YES,YES
PLT-02,OT-00186,OT-00182,EtherNetIP,YES,YES,YES
PLT-02,OT-00115,OT-00173,IEC104,YES,YES,YES
PLT-02,OT-00204,OT-00115,PROFINET,YES,YES,YES
PLT-02,OT-00205,OT-00198,OPC_DA,YES,YES,YES
PLT-02,OT-00185,OT-00154,PROFIBUS,YES,YES,NO
PLT-02,OT-00154,OT-00202,VendorSerial,YES,YES,YES
PLT-02,OT-00130,OT-00191,DNP3,YES,YES,NO
PLT-02,OT-00119,OT-00123,PROFIBUS,YES,YES,YES
PLT-02,OT-00129,OT-00112,IEC61850,YES,YES,YES
PLT-02,OT-00199,OT-00121,OPC_UA,YES,NO,NO
PLT-02,OT-00169,OT-00157,DNP3,YES,NO,YES
PLT-02,OT-00144,OT-00137,IEC61850,YES,NO,YES
PLT-02,OT-00191,OT-00175,EtherNetIP,UNKNOWN,YES,YES
PLT-02,OT-00105,OT-00132,VendorSerial,YES,YES,YES
PLT-02,OT-00203,OT-00137,IEC104,YES,YES,NO
PLT-02,OT-00116,OT-00186,PROFIBUS,YES,YES,NO
PLT-02,OT-00106,OT-00121,OPC_UA,YES,YES,YES
PLT-02,OT-00136,OT-00123,OPC_DA,YES,YES,NO
PLT-02,OT-00183,OT-00111,PROFINET,UNKNOWN,NO,YES
PLT-02,OT-00147,OT-00119,EtherNetIP,YES,YES,YES
PLT-02,OT-00203,OT-00173,DNP3,YES,YES,YES
PLT-02,OT-00152,OT-00121,PROFIBUS,YES,YES,YES
PLT-02,OT-00117,OT-00188,IEC104,YES,YES,YES
PLT-02,OT-00117,OT-00152,OPC_DA,YES,NO,YES
PLT-02,OT-00134,OT-00146,PROFINET,YES,YES,YES
PLT-02,OT-00172,OT-00120,IEC104,YES,YES,YES
PLT-02,OT-00126,OT-00189,PROFIBUS,YES,YES,YES
PLT-02,OT-00121,OT-00127,OPC_DA,YES,YES,NO
PLT-02,OT-00168,OT-00149,IEC61850,YES,YES,YES
PLT-02,OT-00115,OT-00177,OPC_UA,YES,YES,NO
PLT-02,OT-00150,OT-00106,OPC_UA,YES,YES,NO
PLT-02,OT-00128,OT-00125,IEC104,UNKNOWN,NO,YES
PLT-02,OT-00193,OT-00147,IEC61850,YES,YES,YES
PLT-02,OT-00147,OT-00193,IEC61850,YES,YES,YES
PLT-02,OT-00166,OT-00134,OPC_DA,YES,YES,NO
PLT-02,OT-00193,OT-00187,IEC104,YES,YES,NO
PLT-02,OT-00201,OT-00192,VendorSerial,YES,NO,YES
PLT-02,OT-00187,OT-00201,VendorSerial,YES,NO,YES
PLT-02,OT-00189,OT-00175,OPC_UA,YES,YES,YES
PLT-02,OT-00124,OT-00198,PROFINET,YES,NO,YES
PLT-02,OT-00159,OT-00105,ModbusTCP,NO,NO,NO
PLT-02,OT-00193,OT-00152,PROFIBUS,YES,YES,YES
PLT-02,OT-00201,OT-00182,OPC_DA,YES,YES,YES
PLT-02,OT-00203,OT-00199,PROFIBUS,YES,YES,YES
PLT-02,OT-00186,OT-00155,ModbusTCP,UNKNOWN,YES,NO
PLT-02,OT-00169,OT-00188,OPC_UA,YES,YES,YES
PLT-02,OT-00108,OT-00136,PROFIBUS,YES,YES,YES
PLT-02,OT-00203,OT-00121,ModbusTCP,YES,YES,YES
PLT-02,OT-00166,OT-00143,PROFINET,YES,YES,NO
PLT-02,OT-00131,OT-00186,DNP3,YES,YES,YES
PLT-02,OT-00111,OT-00158,ModbusTCP,YES,YES,YES
PLT-02,OT-00169,OT-00171,PROFIBUS,YES,NO,YES
PLT-02,OT-00162,OT-00152,EtherNetIP,YES,NO,NO
PLT-02,OT-00111,OT-00162,IEC104,YES,YES,YES
PLT-02,OT-00171,OT-00186,OPC_DA,YES,YES,YES
PLT-02,OT-00125,OT-00109,PROFINET,YES,YES,YES
PLT-02,OT-00206,OT-00118,PROFIBUS,YES,YES,YES
PLT-02,OT-00177,OT-00131,OPC_DA,NO,YES,NO
PLT-02,OT-00179,OT-00163,PROFIBUS,YES,YES,YES
PLT-02,OT-00189,OT-00165,OPC_UA,YES,YES,YES
PLT-02,OT-00122,OT-00127,IEC61850,UNKNOWN,YES,YES
PLT-02,OT-00157,OT-00203,OPC_DA,YES,YES,YES
PLT-02,OT-00194,OT-00122,VendorSerial,YES,YES,YES
PLT-02,OT-00182,OT-00143,ModbusTCP,YES,YES,YES
PLT-02,OT-00197,OT-00139,IEC104,YES,YES,YES
PLT-02,OT-00197,OT-00114,OPC_DA,YES,YES,YES
PLT-02,OT-00130,OT-00131,EtherNetIP,YES,NO,YES
PLT-02,OT-00199,OT-00166,OPC_DA,YES,YES,YES
PLT-02,OT-00145,OT-00177,ModbusTCP,YES,YES,YES
PLT-02,OT-00130,OT-00167,OPC_DA,NO,NO,YES
PLT-02,OT-00195,OT-00133,PROFINET,YES,YES,YES
PLT-02,OT-00132,OT-00201,DNP3,UNKNOWN,YES,YES
PLT-02,OT-00138,OT-00109,ModbusTCP,YES,YES,YES
PLT-02,OT-00109,OT-00131,OPC_UA,YES,YES,NO
PLT-02,OT-00120,OT-00139,EtherNetIP,NO,YES,YES
PLT-02,OT-00200,OT-00104,EtherNetIP,YES,YES,YES
PLT-02,OT-00160,OT-00171,PROFIBUS,YES,YES,YES
PLT-02,OT-00146,OT-00127,PROFIBUS,YES,NO,NO
PLT-02,OT-00105,OT-00144,PROFINET,YES,YES,YES
PLT-02,OT-00115,OT-00188,OPC_UA,YES,NO,YES
PLT-02,OT-00193,OT-00189,EtherNetIP,YES,YES,YES
PLT-02,OT-00152,OT-00150,ModbusTCP,YES,YES,YES
PLT-02,OT-00194,OT-00151,OPC_UA,YES,NO,YES
PLT-02,OT-00123,OT-00115,ModbusTCP,YES,YES,YES
PLT-02,OT-00111,OT-00150,PROFIBUS,YES,NO,NO
PLT-02,OT-00143,OT-00138,IEC61850,YES,YES,YES
PLT-02,OT-00138,OT-00197,PROFIBUS,UNKNOWN,NO,YES
PLT-02,OT-00206,OT-00140,PROFINET,YES,YES,NO
PLT-02,OT-00188,OT-00158,EtherNetIP,YES,YES,YES
PLT-02,OT-00207,OT-00188,DNP3,YES,YES,NO
PLT-02,OT-00122,OT-00199,OPC_UA,YES,YES,NO
PLT-02,OT-00186,OT-00121,OPC_DA,YES,YES,YES
PLT-02,OT-00205,OT-00142,DNP3,YES,YES,YES
PLT-02,OT-00138,OT-00187,DNP3,YES,YES,YES
PLT-02,OT-00188,OT-00175,OPC_UA,NO,NO,NO
PLT-02,OT-00115,OT-00129,IEC104,YES,YES,YES
PLT-02,OT-00183,OT-00108,IEC61850,YES,YES,YES
PLT-02,OT-00147,OT-00136,OPC_DA,YES,YES,YES
PLT-02,OT-00205,OT-00148,OPC_UA,YES,YES,NO
PLT-02,OT-00127,OT-00141,ModbusTCP,YES,YES,YES
PLT-02,OT-00106,OT-00136,PROFINET,YES,YES,NO
PLT-02,OT-00133,OT-00135,PROFIBUS,YES,NO,YES
PLT-02,OT-00202,OT-00177,DNP3,UNKNOWN,YES,YES
PLT-02,OT-00161,OT-00196,DNP3,YES,YES,YES
PLT-02,OT-00160,OT-00118,IEC61850,YES,NO,NO
PLT-02,OT-00125,OT-00198,IEC104,YES,YES,YES
PLT-02,OT-00148,OT-00130,IEC104,YES,YES,NO
PLT-02,OT-00177,OT-00111,PROFIBUS,YES,YES,NO
PLT-02,OT-00142,OT-00127,DNP3,YES,YES,NO
PLT-02,OT-00122,OT-00174,PROFINET,YES,NO,YES
PLT-02,OT-00194,OT-00203,OPC_DA,YES,YES,YES
PLT-02,OT-00158,OT-00192,OPC_DA,YES,NO,YES
PLT-02,OT-00169,OT-00132,EtherNetIP,YES,YES,YES
PLT-02,OT-00105,OT-00161,IEC61850,YES,YES,YES
PLT-02,OT-00159,OT-00198,ModbusTCP,YES,YES,YES
PLT-02,OT-00122,OT-00202,OPC_UA,YES,YES,NO
PLT-02,OT-00143,OT-00115,ModbusTCP,YES,NO,NO
PLT-02,OT-00167,OT-00165,VendorSerial,YES,NO,YES
PLT-02,OT-00162,OT-00147,VendorSerial,YES,YES,YES
PLT-02,OT-00136,OT-00185,IEC61850,NO,YES,YES
PLT-02,OT-00167,OT-00136,PROFINET,YES,YES,YES
PLT-02,OT-00141,OT-00185,DNP3,YES,YES,YES
PLT-02,OT-00174,OT-00200,EtherNetIP,YES,YES,YES
PLT-02,OT-00200,OT-00110,OPC_DA,YES,YES,YES
PLT-02,OT-00126,OT-00162,OPC_DA,YES,YES,YES
PLT-02,OT-00114,OT-00181,IEC61850,NO,NO,YES
PLT-02,OT-00186,OT-00106,OPC_DA,YES,YES,YES
PLT-02,OT-00204,OT-00155,PROFINET,YES,YES,YES
PLT-02,OT-00155,OT-00135,IEC104,YES,YES,YES
PLT-02,OT-00141,OT-00158,IEC104,YES,NO,YES
PLT-02,OT-00179,OT-00171,IEC61850,UNKNOWN,NO,YES
PLT-02,OT-00205,OT-00151,OPC_UA,UNKNOWN,YES,NO
PLT-02,OT-00184,OT-00152,PROFINET,YES,NO,NO
PLT-02,OT-00126,OT-00171,ModbusTCP,YES,YES,YES
PLT-02,OT-00200,OT-00169,EtherNetIP,YES,YES,YES
PLT-02,OT-00196,OT-00122,OPC_DA,YES,YES,YES
PLT-02,OT-00152,OT-00107,EtherNetIP,YES,YES,YES
PLT-02,OT-00164,OT-00203,PROFIBUS,YES,YES,YES
PLT-02,OT-00145,OT-00179,PROFIBUS,YES,YES,YES
PLT-02,OT-00191,OT-00170,PROFINET,NO,YES,YES
PLT-02,OT-00128,OT-00188,OPC_DA,YES,NO,YES
PLT-02,OT-00163,OT-00120,OPC_UA,YES,YES,YES
PLT-02,OT-00157,OT-00106,VendorSerial,YES,YES,YES
PLT-02,OT-00190,OT-00185,VendorSerial,YES,YES,YES
PLT-02,OT-00189,OT-00171,DNP3,YES,NO,NO
PLT-02,OT-00196,OT-00161,PROFIBUS,YES,YES,NO
PLT-02,OT-00109,OT-00150,PROFINET,YES,NO,YES
PLT-02,OT-00147,OT-00144,IEC104,YES,YES,NO
PLT-02,OT-00134,OT-00204,EtherNetIP,UNKNOWN,YES,YES
PLT-02,OT-00117,OT-00106,ModbusTCP,YES,YES,YES
PLT-02,OT-00131,OT-00113,IEC104,YES,YES,NO
PLT-02,OT-00141,OT-00163,ModbusTCP,YES,YES,YES
PLT-02,OT-00155,OT-00131,OPC_UA,YES,YES,YES
PLT-02,OT-00124,OT-00113,PROFIBUS,YES,YES,YES
PLT-02,OT-00161,OT-00160,VendorSerial,YES,YES,NO
PLT-02,OT-00129,OT-00181,OPC_UA,YES,YES,YES
PLT-02,OT-00171,OT-00140,PROFIBUS,YES,YES,YES
PLT-02,OT-00131,OT-00135,PROFINET,YES,YES,YES
PLT-02,OT-00193,OT-00199,PROFINET,UNKNOWN,NO,YES
PLT-02,OT-00167,OT-00145,DNP3,YES,YES,YES
PLT-02,OT-00184,OT-00164,OPC_DA,YES,YES,YES
PLT-02,OT-00118,OT-00151,VendorSerial,YES,YES,YES
PLT-02,OT-00106,OT-00163,IEC61850,YES,NO,YES
PLT-02,OT-00175,OT-00183,PROFIBUS,YES,YES,YES
PLT-02,OT-00116,OT-00150,PROFINET,NO,YES,NO
PLT-02,OT-00171,OT-00129,ModbusTCP,YES,YES,YES
PLT-02,OT-00193,OT-00188,PROFIBUS,YES,YES,YES
PLT-02,OT-00131,OT-00145,OPC_UA,YES,YES,YES
PLT-02,OT-00148,OT-00112,DNP3,YES,YES,NO
PLT-03,OT-00300,OT-00301,EtherNetIP,YES,YES,YES
PLT-03,OT-00304,OT-00289,OPC_DA,UNKNOWN,NO,YES
PLT-03,OT-00224,OT-00221,OPC_DA,YES,YES,YES
PLT-03,OT-00254,OT-00311,ModbusTCP,YES,YES,YES
PLT-03,OT-00296,OT-00228,ModbusTCP,YES,YES,NO
PLT-03,OT-00249,OT-00273,VendorSerial,YES,NO,YES
PLT-03,OT-00272,OT-00282,VendorSerial,YES,YES,NO
PLT-03,OT-00251,OT-00214,DNP3,YES,YES,YES
PLT-03,OT-00301,OT-00248,IEC104,YES,NO,YES
PLT-03,OT-00218,OT-00248,OPC_UA,YES,NO,NO
PLT-03,OT-00234,OT-00246,PROFINET,YES,YES,YES
PLT-03,OT-00273,OT-00257,OPC_DA,YES,YES,YES
PLT-03,OT-00257,OT-00278,ModbusTCP,YES,YES,NO
PLT-03,OT-00305,OT-00234,VendorSerial,YES,YES,NO
PLT-03,OT-00215,OT-00233,VendorSerial,YES,YES,YES
PLT-03,OT-00255,OT-00257,EtherNetIP,YES,YES,YES
PLT-03,OT-00300,OT-00235,IEC61850,YES,YES,NO
PLT-03,OT-00253,OT-00220,EtherNetIP,UNKNOWN,NO,YES
PLT-03,OT-00211,OT-00231,IEC104,YES,NO,YES
PLT-03,OT-00301,OT-00311,DNP3,NO,YES,YES
PLT-03,OT-00216,OT-00271,ModbusTCP,UNKNOWN,YES,YES
PLT-03,OT-00238,OT-00236,PROFINET,NO,YES,YES
PLT-03,OT-00309,OT-00286,IEC104,YES,YES,YES
PLT-03,OT-00260,OT-00209,IEC104,NO,YES,YES
PLT-03,OT-00293,OT-00273,DNP3,YES,NO,YES
PLT-03,OT-00257,OT-00229,OPC_UA,YES,YES,YES
PLT-03,OT-00315,OT-00213,VendorSerial,YES,YES,NO
PLT-03,OT-00269,OT-00214,DNP3,NO,NO,YES
PLT-03,OT-00217,OT-00305,OPC_UA,YES,YES,YES
PLT-03,OT-00260,OT-00221,ModbusTCP,YES,YES,NO
PLT-03,OT-00261,OT-00321,OPC_DA,YES,YES,NO
PLT-03,OT-00224,OT-00287,OPC_UA,YES,YES,YES
PLT-03,OT-00306,OT-00298,VendorSerial,YES,YES,YES
PLT-03,OT-00251,OT-00224,PROFINET,YES,YES,YES
PLT-03,OT-00237,OT-00267,DNP3,NO,YES,YES
PLT-03,OT-00311,OT-00300,PROFINET,YES,NO,YES
PLT-03,OT-00310,OT-00281,OPC_DA,YES,YES,YES
PLT-03,OT-00320,OT-00292,VendorSerial,YES,YES,YES
PLT-03,OT-00223,OT-00230,DNP3,YES,YES,YES
PLT-03,OT-00311,OT-00209,DNP3,YES,YES,NO
PLT-03,OT-00226,OT-00314,IEC104,YES,YES,NO
PLT-03,OT-00245,OT-00234,IEC61850,YES,NO,NO
PLT-03,OT-00276,OT-00232,ModbusTCP,YES,YES,YES
PLT-03,OT-00237,OT-00302,IEC104,YES,NO,YES
PLT-03,OT-00277,OT-00280,ModbusTCP,YES,YES,NO
PLT-03,OT-00246,OT-00212,EtherNetIP,YES,NO,NO
PLT-03,OT-00263,OT-00281,OPC_UA,YES,YES,YES
PLT-03,OT-00257,OT-00318,ModbusTCP,YES,NO,YES
PLT-03,OT-00254,OT-00298,ModbusTCP,YES,NO,NO
PLT-03,OT-00211,OT-00275,PROFIBUS,YES,YES,YES
PLT-03,OT-00219,OT-00230,DNP3,NO,YES,NO
PLT-03,OT-00280,OT-00289,OPC_UA,YES,NO,NO
PLT-03,OT-00286,OT-00209,ModbusTCP,YES,NO,YES
PLT-03,OT-00300,OT-00320,PROFIBUS,YES,NO,YES
PLT-03,OT-00272,OT-00319,VendorSerial,NO,YES,NO
PLT-03,OT-00251,OT-00209,PROFIBUS,YES,NO,NO
PLT-03,OT-00237,OT-00234,IEC61850,NO,YES,NO
PLT-03,OT-00300,OT-00214,ModbusTCP,YES,YES,YES
PLT-03,OT-00277,OT-00226,PROFIBUS,YES,YES,YES
PLT-03,OT-00214,OT-00270,IEC104,YES,NO,YES
PLT-03,OT-00221,OT-00225,IEC61850,YES,NO,YES
PLT-03,OT-00210,OT-00290,PROFINET,NO,YES,YES
PLT-03,OT-00275,OT-00235,EtherNetIP,YES,YES,YES
PLT-03,OT-00233,OT-00237,OPC_DA,UNKNOWN,YES,YES
PLT-03,OT-00268,OT-00289,ModbusTCP,YES,YES,YES
PLT-03,OT-00309,OT-00293,EtherNetIP,NO,YES,YES
PLT-03,OT-00319,OT-00277,VendorSerial,UNKNOWN,YES,YES
PLT-03,OT-00302,OT-00227,ModbusTCP,YES,YES,NO
PLT-03,OT-00317,OT-00318,DNP3,YES,YES,YES
PLT-03,OT-00235,OT-00253,VendorSerial,YES,YES,NO
PLT-03,OT-00226,OT-00240,IEC104,YES,YES,NO
PLT-03,OT-00318,OT-00275,OPC_DA,YES,YES,YES
PLT-03,OT-00264,OT-00253,PROFIBUS,YES,YES,YES
PLT-03,OT-00320,OT-00243,DNP3,YES,NO,YES
PLT-03,OT-00262,OT-00213,PROFINET,YES,YES,YES
PLT-03,OT-00221,OT-00263,PROFINET,YES,YES,YES
PLT-03,OT-00287,OT-00242,PROFIBUS,YES,YES,YES
PLT-03,OT-00224,OT-00282,DNP3,YES,YES,YES
PLT-03,OT-00269,OT-00246,DNP3,YES,YES,NO
PLT-03,OT-00292,OT-00212,OPC_UA,YES,YES,YES
PLT-03,OT-00229,OT-00292,PROFIBUS,YES,YES,YES
PLT-03,OT-00300,OT-00208,PROFINET,YES,NO,YES
PLT-03,OT-00321,OT-00269,OPC_UA,YES,YES,NO
PLT-03,OT-00238,OT-00298,DNP3,YES,NO,NO
PLT-03,OT-00255,OT-00236,OPC_DA,YES,NO,NO
PLT-03,OT-00209,OT-00211,DNP3,YES,YES,YES
PLT-03,OT-00224,OT-00308,OPC_UA,YES,YES,YES
PLT-03,OT-00211,OT-00213,EtherNetIP,YES,YES,YES
PLT-03,OT-00300,OT-00298,IEC104,UNKNOWN,NO,YES
PLT-03,OT-00277,OT-00292,IEC104,YES,YES,YES
PLT-03,OT-00312,OT-00209,IEC104,YES,YES,YES
PLT-03,OT-00234,OT-00311,PROFIBUS,YES,NO,NO
PLT-03,OT-00297,OT-00286,OPC_DA,YES,YES,YES
PLT-03,OT-00277,OT-00254,PROFIBUS,YES,YES,YES
PLT-03,OT-00274,OT-00226,OPC_DA,YES,YES,YES
PLT-03,OT-00249,OT-00315,ModbusTCP,YES,YES,YES
PLT-03,OT-00260,OT-00267,PROFIBUS,YES,YES,YES
PLT-03,OT-00315,OT-00262,IEC104,YES,YES,YES
PLT-03,OT-00218,OT-00220,IEC104,YES,YES,YES
PLT-03,OT-00276,OT-00282,OPC_UA,YES,YES,NO
PLT-03,OT-00283,OT-00289,EtherNetIP,YES,YES,YES
PLT-03,OT-00216,OT-00233,OPC_DA,YES,NO,YES
PLT-03,OT-00224,OT-00252,IEC104,YES,YES,YES
PLT-03,OT-00288,OT-00302,PROFIBUS,YES,YES,YES
PLT-03,OT-00229,OT-00314,EtherNetIP,YES,YES,YES
PLT-03,OT-00269,OT-00305,IEC104,YES,YES,NO
PLT-03,OT-00224,OT-00305,DNP3,YES,YES,YES
PLT-03,OT-00267,OT-00230,EtherNetIP,YES,YES,YES
PLT-03,OT-00296,OT-00259,PROFIBUS,YES,NO,YES
PLT-03,OT-00306,OT-00252,PROFINET,UNKNOWN,NO,YES
PLT-03,OT-00292,OT-00296,OPC_DA,YES,YES,NO
PLT-03,OT-00315,OT-00209,ModbusTCP,YES,YES,YES
PLT-03,OT-00309,OT-00231,PROFINET,YES,NO,YES
PLT-03,OT-00320,OT-00218,IEC104,YES,NO,YES
PLT-03,OT-00216,OT-00241,PROFINET,YES,YES,YES
PLT-03,OT-00304,OT-00211,DNP3,YES,YES,YES
PLT-03,OT-00266,OT-00210,ModbusTCP,YES,YES,YES
PLT-03,OT-00307,OT-00279,IEC61850,YES,NO,YES
PLT-03,OT-00226,OT-00238,VendorSerial,YES,YES,YES
PLT-03,OT-00292,OT-00291,PROFIBUS,YES,YES,YES
PLT-03,OT-00208,OT-00221,EtherNetIP,YES,YES,YES
PLT-03,OT-00297,OT-00269,IEC61850,YES,YES,NO
PLT-03,OT-00247,OT-00298,DNP3,YES,YES,NO
PLT-03,OT-00316,OT-00313,IEC61850,YES,YES,NO
PLT-03,OT-00280,OT-00230,IEC61850,YES,YES,YES
PLT-03,OT-00282,OT-00306,OPC_UA,YES,YES,YES
PLT-03,OT-00269,OT-00305,DNP3,YES,NO,NO
PLT-03,OT-00250,OT-00292,EtherNetIP,UNKNOWN,NO,NO
PLT-03,OT-00281,OT-00247,OPC_DA,YES,YES,YES
PLT-03,OT-00319,OT-00222,VendorSerial,YES,YES,YES
PLT-03,OT-00277,OT-00224,ModbusTCP,YES,YES,NO
PLT-03,OT-00312,OT-00308,IEC61850,YES,NO,NO
PLT-03,OT-00259,OT-00267,ModbusTCP,YES,YES,YES
PLT-03,OT-00299,OT-00233,EtherNetIP,YES,YES,YES
PLT-03,OT-00234,OT-00229,PROFINET,YES,YES,YES
PLT-03,OT-00321,OT-00225,EtherNetIP,YES,YES,YES
PLT-03,OT-00232,OT-00276,PROFIBUS,YES,YES,YES
PLT-03,OT-00294,OT-00284,IEC104,YES,YES,YES
PLT-03,OT-00303,OT-00265,DNP3,YES,YES,YES
PLT-03,OT-00268,OT-00228,DNP3,YES,NO,YES
PLT-03,OT-00224,OT-00225,OPC_DA,YES,NO,YES
PLT-03,OT-00271,OT-00260,ModbusTCP,YES,YES,NO
PLT-03,OT-00246,OT-00280,IEC61850,YES,YES,YES
PLT-03,OT-00320,OT-00277,IEC104,YES,YES,YES
PLT-03,OT-00283,OT-00285,VendorSerial,YES,YES,YES
PLT-03,OT-00240,OT-00225,DNP3,YES,YES,YES
PLT-03,OT-00210,OT-00270,IEC61850,YES,YES,YES
PLT-03,OT-00226,OT-00260,IEC61850,YES,YES,NO
PLT-03,OT-00295,OT-00220,VendorSerial,YES,YES,YES
PLT-03,OT-00267,OT-00318,EtherNetIP,YES,YES,NO
PLT-03,OT-00314,OT-00315,ModbusTCP,YES,NO,YES
PLT-03,OT-00269,OT-00265,DNP3,YES,YES,YES
PLT-03,OT-00249,OT-00270,PROFINET,YES,NO,YES
PLT-03,OT-00279,OT-00250,VendorSerial,YES,YES,YES
PLT-03,OT-00285,OT-00298,VendorSerial,YES,YES,YES
PLT-03,OT-00272,OT-00237,EtherNetIP,YES,NO,NO
PLT-03,OT-00222,OT-00309,OPC_UA,YES,NO,YES
PLT-03,OT-00279,OT-00251,EtherNetIP,NO,NO,YES
PLT-03,OT-00283,OT-00209,PROFIBUS,YES,YES,NO
PLT-03,OT-00228,OT-00280,PROFINET,YES,YES,YES
PLT-03,OT-00209,OT-00213,OPC_DA,YES,YES,YES
PLT-03,OT-00298,OT-00252,IEC104,NO,YES,YES
PLT-03,OT-00313,OT-00271,EtherNetIP,YES,YES,YES
PLT-03,OT-00289,OT-00288,IEC61850,YES,YES,YES
PLT-03,OT-00304,OT-00266,IEC104,YES,YES,YES
PLT-03,OT-00231,OT-00210,OPC_UA,YES,NO,YES
PLT-03,OT-00252,OT-00248,DNP3,YES,NO,YES
PLT-03,OT-00213,OT-00211,IEC104,YES,YES,YES
PLT-03,OT-00278,OT-00319,VendorSerial,YES,YES,YES
PLT-03,OT-00284,OT-00303,IEC61850,YES,NO,NO
PLT-03,OT-00266,OT-00250,EtherNetIP,YES,YES,NO
PLT-03,OT-00251,OT-00218,OPC_DA,YES,NO,NO
PLT-03,OT-00321,OT-00270,PROFINET,YES,YES,YES
PLT-03,OT-00254,OT-00215,IEC61850,YES,YES,YES
PLT-03,OT-00209,OT-00240,EtherNetIP,YES,YES,YES
PLT-03,OT-00280,OT-00235,DNP3,YES,NO,YES
PLT-03,OT-00269,OT-00216,OPC_DA,YES,NO,YES
PLT-03,OT-00228,OT-00298,EtherNetIP,YES,YES,YES
PLT-03,OT-00311,OT-00295,EtherNetIP,YES,YES,NO
PLT-03,OT-00208,OT-00303,PROFINET,YES,YES,YES
PLT-03,OT-00264,OT-00315,PROFINET,YES,YES,YES
PLT-03,OT-00309,OT-00296,OPC_DA,YES,YES,YES
PLT-03,OT-00224,OT-00219,ModbusTCP,NO,YES,NO
PLT-03,OT-00238,OT-00294,EtherNetIP,YES,YES,YES
PLT-03,OT-00305,OT-00230,PROFINET,YES,NO,NO
PLT-03,OT-00216,OT-00273,PROFINET,YES,YES,NO
PLT-03,OT-00317,OT-00215,IEC61850,YES,YES,YES
PLT-03,OT-00253,OT-00241,OPC_UA,NO,YES,YES
PLT-03,OT-00216,OT-00297,EtherNetIP,UNKNOWN,YES,YES
PLT-03,OT-00277,OT-00289,EtherNetIP,YES,YES,YES
PLT-03,OT-00306,OT-00228,PROFINET,NO,YES,NO
PLT-03,OT-00234,OT-00302,OPC_DA,YES,YES,YES
PLT-03,OT-00302,OT-00270,ModbusTCP,YES,YES,YES
PLT-03,OT-00262,OT-00216,ModbusTCP,YES,NO,YES
PLT-03,OT-00310,OT-00262,PROFINET,YES,YES,YES
PLT-03,OT-00231,OT-00259,IEC61850,YES,YES,NO
PLT-03,OT-00303,OT-00309,PROFIBUS,YES,YES,YES
PLT-03,OT-00270,OT-00266,PROFINET,YES,YES,YES
PLT-03,OT-00317,OT-00208,VendorSerial,YES,YES,YES
PLT-03,OT-00301,OT-00318,OPC_UA,YES,YES,YES
PLT-03,OT-00295,OT-00267,DNP3,YES,NO,NO
PLT-03,OT-00295,OT-00245,IEC104,YES,NO,YES
PLT-03,OT-00230,OT-00222,IEC104,YES,YES,NO
PLT-03,OT-00248,OT-00215,IEC104,YES,YES,YES
PLT-03,OT-00286,OT-00301,PROFINET,NO,YES,NO
PLT-03,OT-00284,OT-00219,OPC_UA,NO,NO,NO
PLT-03,OT-00232,OT-00229,PROFINET,YES,YES,NO
PLT-03,OT-00274,OT-00252,ModbusTCP,YES,YES,NO
PLT-03,OT-00227,OT-00307,OPC_UA,UNKNOWN,NO,YES
PLT-03,OT-00248,OT-00236,PROFIBUS,YES,YES,YES
PLT-04,OT-00324,OT-00354,VendorSerial,YES,YES,YES
PLT-04,OT-00327,OT-00368,VendorSerial,YES,YES,YES
PLT-04,OT-00374,OT-00369,OPC_DA,YES,YES,YES
PLT-04,OT-00351,OT-00358,OPC_DA,YES,YES,YES
PLT-04,OT-00356,OT-00419,ModbusTCP,YES,NO,YES
PLT-04,OT-00326,OT-00378,OPC_UA,YES,YES,YES
PLT-04,OT-00338,OT-00331,IEC104,YES,NO,YES
PLT-04,OT-00428,OT-00331,ModbusTCP,UNKNOWN,YES,NO
PLT-04,OT-00332,OT-00377,EtherNetIP,YES,YES,YES
PLT-04,OT-00425,OT-00424,OPC_DA,YES,NO,NO
PLT-04,OT-00399,OT-00369,ModbusTCP,YES,NO,NO
PLT-04,OT-00361,OT-00433,ModbusTCP,YES,YES,YES
PLT-04,OT-00379,OT-00412,DNP3,YES,YES,YES
PLT-04,OT-00409,OT-00332,DNP3,YES,YES,YES
PLT-04,OT-00424,OT-00423,OPC_UA,YES,YES,YES
PLT-04,OT-00369,OT-00354,VendorSerial,YES,YES,NO
PLT-04,OT-00422,OT-00373,PROFINET,YES,YES,YES
PLT-04,OT-00343,OT-00429,ModbusTCP,YES,YES,YES
PLT-04,OT-00366,OT-00393,OPC_DA,YES,YES,YES
PLT-04,OT-00405,OT-00380,OPC_DA,UNKNOWN,YES,YES
PLT-04,OT-00397,OT-00433,IEC104,YES,YES,YES
PLT-04,OT-00358,OT-00366,IEC61850,YES,YES,YES
PLT-04,OT-00337,OT-00419,OPC_DA,YES,YES,YES
PLT-04,OT-00364,OT-00359,EtherNetIP,YES,YES,YES
PLT-04,OT-00384,OT-00429,EtherNetIP,YES,YES,YES
PLT-04,OT-00366,OT-00408,PROFINET,YES,NO,NO
PLT-04,OT-00355,OT-00386,DNP3,YES,YES,YES
PLT-04,OT-00360,OT-00396,DNP3,YES,YES,NO
PLT-04,OT-00382,OT-00324,PROFINET,YES,YES,YES
PLT-04,OT-00408,OT-00433,IEC104,YES,YES,NO
PLT-04,OT-00375,OT-00353,IEC61850,YES,NO,YES
PLT-04,OT-00416,OT-00397,IEC104,YES,NO,YES
PLT-04,OT-00373,OT-00340,EtherNetIP,YES,NO,YES
PLT-04,OT-00378,OT-00405,IEC61850,YES,YES,NO
PLT-04,OT-00422,OT-00347,PROFIBUS,YES,YES,YES
PLT-04,OT-00428,OT-00404,DNP3,YES,YES,NO
PLT-04,OT-00427,OT-00400,VendorSerial,UNKNOWN,YES,YES
PLT-04,OT-00324,OT-00381,PROFINET,YES,YES,YES
PLT-04,OT-00403,OT-00409,DNP3,YES,YES,NO
PLT-04,OT-00357,OT-00353,ModbusTCP,YES,YES,YES
PLT-04,OT-00399,OT-00419,ModbusTCP,YES,YES,YES
PLT-04,OT-00364,OT-00322,OPC_UA,YES,NO,YES
PLT-04,OT-00353,OT-00351,ModbusTCP,YES,YES,YES
PLT-04,OT-00414,OT-00396,ModbusTCP,NO,YES,YES
PLT-04,OT-00367,OT-00386,DNP3,YES,YES,YES
PLT-04,OT-00393,OT-00396,IEC61850,YES,YES,YES
PLT-04,OT-00384,OT-00398,IEC61850,YES,YES,YES
PLT-04,OT-00333,OT-00335,DNP3,YES,YES,YES
PLT-04,OT-00384,OT-00410,IEC104,YES,NO,YES
PLT-04,OT-00360,OT-00413,IEC61850,UNKNOWN,YES,NO
PLT-04,OT-00350,OT-00427,OPC_UA,YES,YES,YES
PLT-04,OT-00342,OT-00408,EtherNetIP,YES,YES,NO
PLT-04,OT-00412,OT-00388,EtherNetIP,NO,NO,YES
PLT-04,OT-00371,OT-00423,VendorSerial,NO,YES,YES
PLT-04,OT-00344,OT-00322,DNP3,YES,YES,YES
PLT-04,OT-00328,OT-00332,OPC_DA,UNKNOWN,YES,YES
PLT-04,OT-00401,OT-00421,DNP3,YES,YES,YES
PLT-04,OT-00358,OT-00377,PROFINET,YES,NO,YES
PLT-04,OT-00347,OT-00340,PROFINET,NO,YES,YES
PLT-04,OT-00401,OT-00412,DNP3,YES,YES,NO
PLT-04,OT-00432,OT-00389,OPC_UA,YES,NO,NO
PLT-04,OT-00366,OT-00431,IEC104,YES,YES,NO
PLT-04,OT-00326,OT-00323,DNP3,YES,YES,YES
PLT-04,OT-00371,OT-00413,PROFIBUS,YES,YES,YES
PLT-04,OT-00365,OT-00364,OPC_UA,YES,YES,YES
PLT-04,OT-00323,OT-00366,OPC_UA,YES,YES,NO
PLT-04,OT-00329,OT-00421,ModbusTCP,YES,YES,YES
PLT-04,OT-00426,OT-00422,ModbusTCP,YES,YES,YES
PLT-04,OT-00371,OT-00390,OPC_UA,YES,YES,YES
PLT-04,OT-00425,OT-00341,ModbusTCP,UNKNOWN,YES,YES
PLT-04,OT-00398,OT-00404,VendorSerial,YES,NO,YES
PLT-04,OT-00424,OT-00420,DNP3,YES,YES,NO
PLT-04,OT-00360,OT-00413,VendorSerial,YES,YES,YES
PLT-04,OT-00432,OT-00368,EtherNetIP,YES,YES,YES
PLT-04,OT-00407,OT-00361,VendorSerial,UNKNOWN,YES,YES
PLT-04,OT-00376,OT-00417,OPC_DA,YES,NO,YES
PLT-04,OT-00346,OT-00362,OPC_DA,YES,NO,YES
PLT-04,OT-00410,OT-00416,DNP3,YES,YES,NO
PLT-04,OT-00329,OT-00357,OPC_UA,YES,NO,NO
PLT-04,OT-00384,OT-00399,DNP3,NO,YES,NO
PLT-04,OT-00362,OT-00352,ModbusTCP,UNKNOWN,YES,YES
PLT-04,OT-00374,OT-00404,OPC_UA,UNKNOWN,YES,YES
PLT-04,OT-00346,OT-00413,IEC61850,YES,YES,YES
PLT-04,OT-00347,OT-00382,OPC_DA,YES,NO,NO
PLT-04,OT-00430,OT-00339,PROFIBUS,YES,YES,YES
PLT-04,OT-00385,OT-00356,IEC104,YES,YES,YES
PLT-04,OT-00342,OT-00331,OPC_DA,YES,YES,NO
PLT-04,OT-00368,OT-00432,OPC_DA,YES,YES,YES
PLT-04,OT-00366,OT-00355,OPC_UA,YES,YES,YES
PLT-04,OT-00406,OT-00343,EtherNetIP,YES,YES,YES
PLT-04,OT-00417,OT-00429,EtherNetIP,YES,NO,YES
PLT-04,OT-00393,OT-00427,IEC104,YES,YES,YES
PLT-04,OT-00412,OT-00354,EtherNetIP,YES,YES,YES
PLT-04,OT-00387,OT-00335,VendorSerial,YES,NO,YES
PLT-04,OT-00324,OT-00336,VendorSerial,YES,YES,YES
PLT-04,OT-00343,OT-00411,ModbusTCP,YES,YES,YES
PLT-04,OT-00336,OT-00383,ModbusTCP,YES,YES,YES
PLT-04,OT-00376,OT-00344,PROFIBUS,YES,YES,NO
PLT-04,OT-00346,OT-00408,IEC61850,YES,NO,YES
PLT-04,OT-00346,OT-00351,PROFINET,YES,YES,YES
PLT-04,OT-00396,OT-00327,OPC_UA,YES,YES,YES
PLT-04,OT-00347,OT-00335,ModbusTCP,YES,YES,NO
PLT-04,OT-00405,OT-00335,PROFIBUS,YES,YES,YES
PLT-04,OT-00335,OT-00419,PROFINET,YES,YES,YES
PLT-04,OT-00342,OT-00329,EtherNetIP,YES,YES,YES
PLT-04,OT-00349,OT-00389,IEC104,YES,NO,NO
PLT-04,OT-00377,OT-00432,IEC61850,YES,YES,YES
PLT-04,OT-00429,OT-00427,PROFINET,UNKNOWN,YES,YES
PLT-04,OT-00357,OT-00429,ModbusTCP,YES,YES,YES
PLT-04,OT-00431,OT-00330,ModbusTCP,YES,YES,YES
PLT-04,OT-00388,OT-00396,OPC_UA,YES,YES,YES
PLT-04,OT-00327,OT-00417,EtherNetIP,YES,YES,YES
PLT-04,OT-00366,OT-00322,PROFINET,YES,YES,YES
PLT-04,OT-00427,OT-00398,IEC61850,YES,YES,YES
PLT-04,OT-00417,OT-00377,PROFINET,YES,YES,NO
PLT-04,OT-00372,OT-00373,VendorSerial,YES,YES,NO
PLT-04,OT-00358,OT-00337,IEC61850,YES,YES,YES
PLT-04,OT-00400,OT-00414,ModbusTCP,YES,YES,YES
PLT-04,OT-00422,OT-00377,VendorSerial,NO,YES,YES
PLT-04,OT-00332,OT-00330,DNP3,YES,YES,YES
PLT-04,OT-00366,OT-00423,OPC_DA,YES,YES,YES
PLT-04,OT-00351,OT-00378,IEC61850,YES,YES,NO
PLT-04,OT-00410,OT-00328,IEC104,YES,YES,YES
PLT-04,OT-00387,OT-00390,IEC61850,YES,NO,YES
PLT-04,OT-00329,OT-00382,IEC61850,YES,NO,YES
PLT-04,OT-00357,OT-00376,DNP3,UNKNOWN,YES,YES
PLT-04,OT-00412,OT-00384,PROFINET,YES,YES,YES
PLT-04,OT-00359,OT-00375,PROFINET,UNKNOWN,YES,YES
PLT-04,OT-00379,OT-00375,VendorSerial,YES,NO,NO
PLT-04,OT-00345,OT-00342,EtherNetIP,YES,YES,YES
PLT-04,OT-00429,OT-00368,OPC_UA,YES,YES,YES
PLT-04,OT-00375,OT-00338,OPC_UA,UNKNOWN,YES,YES
PLT-04,OT-00339,OT-00416,OPC_DA,YES,NO,YES
PLT-04,OT-00429,OT-00425,EtherNetIP,YES,NO,YES
PLT-04,OT-00417,OT-00336,OPC_UA,YES,YES,YES
PLT-04,OT-00420,OT-00367,IEC61850,YES,YES,YES
PLT-04,OT-00328,OT-00360,VendorSerial,YES,YES,NO
PLT-04,OT-00388,OT-00339,IEC61850,YES,NO,YES
PLT-04,OT-00370,OT-00392,OPC_DA,YES,YES,YES
PLT-04,OT-00404,OT-00357,PROFINET,YES,YES,NO
PLT-04,OT-00377,OT-00394,PROFINET,YES,NO,YES
PLT-04,OT-00409,OT-00403,VendorSerial,YES,YES,NO
PLT-04,OT-00339,OT-00391,VendorSerial,YES,YES,YES
PLT-04,OT-00417,OT-00414,OPC_UA,YES,YES,YES
PLT-04,OT-00412,OT-00417,PROFIBUS,YES,YES,YES
PLT-04,OT-00431,OT-00405,IEC104,YES,YES,NO
PLT-04,OT-00366,OT-00408,IEC104,YES,YES,YES
PLT-04,OT-00354,OT-00412,ModbusTCP,YES,NO,YES
PLT-04,OT-00382,OT-00325,IEC61850,YES,YES,YES
PLT-04,OT-00335,OT-00338,VendorSerial,YES,YES,YES
PLT-04,OT-00397,OT-00362,PROFINET,YES,YES,YES
PLT-04,OT-00375,OT-00379,DNP3,YES,YES,NO
PLT-04,OT-00364,OT-00363,ModbusTCP,NO,YES,NO
PLT-04,OT-00377,OT-00374,OPC_UA,YES,NO,YES
PLT-04,OT-00418,OT-00334,OPC_UA,UNKNOWN,YES,NO
PLT-04,OT-00379,OT-00424,ModbusTCP,YES,YES,NO
PLT-04,OT-00367,OT-00426,PROFIBUS,YES,YES,YES
PLT-04,OT-00423,OT-00373,ModbusTCP,YES,YES,NO
PLT-04,OT-00389,OT-00401,ModbusTCP,YES,YES,YES
PLT-04,OT-00388,OT-00366,OPC_UA,YES,YES,YES
PLT-04,OT-00326,OT-00424,PROFIBUS,YES,YES,YES
PLT-04,OT-00402,OT-00395,IEC61850,UNKNOWN,YES,NO
PLT-04,OT-00350,OT-00358,IEC61850,YES,YES,YES
PLT-04,OT-00342,OT-00404,OPC_DA,UNKNOWN,YES,YES
PLT-04,OT-00415,OT-00366,EtherNetIP,YES,YES,NO
PLT-04,OT-00427,OT-00328,ModbusTCP,YES,YES,YES
PLT-04,OT-00410,OT-00375,IEC104,YES,YES,YES
PLT-04,OT-00355,OT-00374,PROFIBUS,YES,YES,YES
PLT-04,OT-00430,OT-00394,EtherNetIP,YES,YES,YES
PLT-04,OT-00386,OT-00380,PROFIBUS,YES,YES,YES
PLT-04,OT-00404,OT-00374,PROFIBUS,YES,NO,NO
PLT-04,OT-00335,OT-00375,VendorSerial,YES,YES,YES
PLT-04,OT-00329,OT-00406,IEC61850,YES,YES,YES
PLT-04,OT-00351,OT-00328,OPC_UA,YES,YES,YES
PLT-04,OT-00356,OT-00398,OPC_DA,YES,YES,YES
PLT-04,OT-00381,OT-00403,IEC104,YES,YES,NO
PLT-04,OT-00330,OT-00409,VendorSerial,UNKNOWN,YES,YES
PLT-04,OT-00370,OT-00337,IEC104,YES,YES,YES
PLT-04,OT-00401,OT-00374,IEC61850,YES,YES,YES
PLT-04,OT-00338,OT-00420,IEC104,YES,YES,NO
PLT-04,OT-00342,OT-00407,IEC61850,YES,YES,YES
PLT-04,OT-00398,OT-00412,ModbusTCP,YES,YES,NO
PLT-04,OT-00348,OT-00379,EtherNetIP,YES,YES,YES
PLT-04,OT-00388,OT-00367,DNP3,YES,YES,YES
PLT-04,OT-00358,OT-00381,IEC104,YES,YES,YES
PLT-04,OT-00358,OT-00395,ModbusTCP,YES,YES,YES
PLT-04,OT-00385,OT-00404,VendorSerial,YES,NO,YES
PLT-04,OT-00392,OT-00348,PROFIBUS,YES,YES,YES
PLT-04,OT-00351,OT-00429,PROFIBUS,YES,YES,NO
PLT-04,OT-00425,OT-00378,ModbusTCP,YES,YES,YES
PLT-04,OT-00376,OT-00396,VendorSerial,YES,YES,YES
PLT-04,OT-00350,OT-00341,VendorSerial,YES,YES,YES
PLT-04,OT-00346,OT-00372,EtherNetIP,YES,YES,YES
PLT-04,OT-00335,OT-00429,ModbusTCP,YES,YES,YES
PLT-04,OT-00374,OT-00376,IEC104,YES,YES,YES
PLT-04,OT-00384,OT-00324,ModbusTCP,YES,NO,YES
PLT-04,OT-00359,OT-00378,OPC_DA,UNKNOWN,YES,YES
PLT-04,OT-00406,OT-00392,IEC104,YES,NO,YES
PLT-04,OT-00332,OT-00361,OPC_DA,YES,YES,YES
PLT-04,OT-00423,OT-00369,IEC104,YES,NO,YES
PLT-04,OT-00376,OT-00338,IEC104,YES,YES,YES
PLT-04,OT-00395,OT-00393,VendorSerial,YES,YES,YES
PLT-04,OT-00403,OT-00365,IEC104,YES,YES,YES
PLT-04,OT-00393,OT-00349,VendorSerial,YES,YES,YES
PLT-04,OT-00357,OT-00411,OPC_UA,YES,YES,YES
PLT-04,OT-00405,OT-00431,PROFIBUS,YES,YES,YES
PLT-04,OT-00359,OT-00432,PROFIBUS,YES,YES,NO
PLT-04,OT-00372,OT-00384,OPC_UA,UNKNOWN,YES,NO
PLT-04,OT-00328,OT-00365,IEC61850,YES,YES,YES
PLT-04,OT-00340,OT-00362,VendorSerial,YES,YES,YES
PLT-05,OT-00484,OT-00474,PROFIBUS,YES,YES,YES
PLT-05,OT-00492,OT-00528,IEC61850,YES,YES,YES
PLT-05,OT-00484,OT-00524,IEC104,YES,YES,YES
PLT-05,OT-00478,OT-00509,IEC61850,YES,NO,YES
PLT-05,OT-00443,OT-00509,VendorSerial,YES,NO,YES
PLT-05,OT-00489,OT-00530,DNP3,YES,YES,YES
PLT-05,OT-00466,OT-00491,OPC_UA,YES,NO,YES
PLT-05,OT-00438,OT-00442,VendorSerial,UNKNOWN,YES,YES
PLT-05,OT-00455,OT-00522,VendorSerial,YES,YES,YES
PLT-05,OT-00506,OT-00475,DNP3,YES,NO,YES
PLT-05,OT-00458,OT-00443,EtherNetIP,YES,YES,NO
PLT-05,OT-00471,OT-00439,IEC104,YES,NO,YES
PLT-05,OT-00519,OT-00508,PROFIBUS,YES,NO,YES
PLT-05,OT-00439,OT-00512,PROFIBUS,YES,NO,YES
PLT-05,OT-00451,OT-00522,OPC_DA,YES,YES,YES
PLT-05,OT-00470,OT-00481,PROFINET,YES,YES,NO
PLT-05,OT-00496,OT-00523,IEC61850,YES,NO,NO
PLT-05,OT-00453,OT-00449,IEC104,YES,YES,YES
PLT-05,OT-00466,OT-00434,PROFINET,YES,YES,NO
PLT-05,OT-00520,OT-00471,OPC_DA,YES,YES,NO
PLT-05,OT-00477,OT-00465,DNP3,NO,YES,YES
PLT-05,OT-00453,OT-00498,VendorSerial,YES,NO,YES
PLT-05,OT-00467,OT-00507,VendorSerial,YES,YES,NO
PLT-05,OT-00525,OT-00444,EtherNetIP,UNKNOWN,YES,YES
PLT-05,OT-00528,OT-00494,EtherNetIP,YES,YES,YES
PLT-05,OT-00472,OT-00442,IEC61850,YES,YES,NO
PLT-05,OT-00476,OT-00461,OPC_UA,YES,YES,YES
PLT-05,OT-00452,OT-00466,VendorSerial,YES,YES,NO
PLT-05,OT-00469,OT-00450,OPC_UA,YES,YES,NO
PLT-05,OT-00469,OT-00442,IEC104,YES,YES,YES
PLT-05,OT-00526,OT-00525,IEC61850,UNKNOWN,YES,NO
PLT-05,OT-00471,OT-00439,PROFINET,YES,NO,YES
PLT-05,OT-00527,OT-00475,OPC_DA,YES,YES,NO
PLT-05,OT-00503,OT-00526,PROFIBUS,YES,YES,YES
PLT-05,OT-00488,OT-00442,EtherNetIP,YES,YES,NO
PLT-05,OT-00474,OT-00444,IEC104,YES,NO,YES
PLT-05,OT-00466,OT-00520,PROFIBUS,NO,YES,YES
PLT-05,OT-00507,OT-00501,PROFIBUS,YES,YES,YES
PLT-05,OT-00449,OT-00495,PROFINET,YES,YES,YES
PLT-05,OT-00452,OT-00442,VendorSerial,YES,YES,YES
PLT-05,OT-00485,OT-00446,IEC104,YES,YES,YES
PLT-05,OT-00466,OT-00521,EtherNetIP,YES,YES,YES
PLT-05,OT-00503,OT-00510,OPC_DA,YES,YES,YES
PLT-05,OT-00445,OT-00463,EtherNetIP,YES,NO,YES
PLT-05,OT-00455,OT-00463,PROFINET,YES,NO,NO
PLT-05,OT-00441,OT-00487,IEC104,YES,YES,YES
PLT-05,OT-00445,OT-00472,IEC104,UNKNOWN,YES,NO
PLT-05,OT-00471,OT-00475,DNP3,YES,YES,YES
PLT-05,OT-00466,OT-00448,IEC104,YES,YES,YES
PLT-05,OT-00517,OT-00507,VendorSerial,YES,YES,NO
PLT-05,OT-00529,OT-00449,EtherNetIP,YES,YES,YES
PLT-05,OT-00501,OT-00459,IEC104,YES,YES,NO
PLT-05,OT-00505,OT-00479,EtherNetIP,NO,YES,YES
PLT-05,OT-00486,OT-00443,IEC61850,YES,YES,NO
PLT-05,OT-00454,OT-00525,DNP3,YES,YES,YES
PLT-05,OT-00491,OT-00439,VendorSerial,YES,NO,YES
PLT-05,OT-00461,OT-00524,IEC104,YES,NO,NO
PLT-05,OT-00499,OT-00437,ModbusTCP,YES,NO,NO
PLT-05,OT-00447,OT-00514,VendorSerial,YES,NO,NO
PLT-05,OT-00474,OT-00473,IEC104,YES,YES,YES
PLT-05,OT-00498,OT-00445,IEC61850,YES,NO,NO
PLT-05,OT-00472,OT-00483,DNP3,YES,YES,NO
PLT-05,OT-00523,OT-00480,ModbusTCP,YES,YES,NO
PLT-05,OT-00448,OT-00496,ModbusTCP,YES,YES,YES
PLT-05,OT-00507,OT-00465,VendorSerial,YES,YES,NO
PLT-05,OT-00518,OT-00520,IEC61850,YES,YES,YES
PLT-05,OT-00505,OT-00501,PROFINET,YES,NO,YES
PLT-05,OT-00514,OT-00530,PROFINET,YES,NO,YES
PLT-05,OT-00506,OT-00471,EtherNetIP,YES,YES,YES
PLT-05,OT-00436,OT-00458,IEC104,YES,YES,YES
PLT-05,OT-00483,OT-00470,OPC_DA,YES,NO,YES
PLT-05,OT-00506,OT-00465,EtherNetIP,YES,YES,NO
PLT-05,OT-00455,OT-00510,EtherNetIP,YES,YES,YES
PLT-05,OT-00522,OT-00445,OPC_UA,UNKNOWN,NO,YES
PLT-05,OT-00467,OT-00501,DNP3,YES,NO,YES
PLT-05,OT-00483,OT-00523,IEC104,YES,YES,YES
PLT-05,OT-00455,OT-00437,PROFINET,YES,YES,YES
PLT-05,OT-00491,OT-00500,DNP3,YES,YES,YES
PLT-05,OT-00507,OT-00504,EtherNetIP,YES,YES,YES
PLT-05,OT-00519,OT-00467,OPC_DA,UNKNOWN,YES,NO
PLT-05,OT-00464,OT-00454,IEC104,YES,YES,YES
PLT-05,OT-00491,OT-00518,DNP3,YES,YES,YES
PLT-05,OT-00512,OT-00490,IEC61850,YES,NO,NO
PLT-05,OT-00441,OT-00484,ModbusTCP,YES,YES,YES
PLT-05,OT-00522,OT-00483,ModbusTCP,YES,YES,YES
PLT-05,OT-00486,OT-00507,OPC_UA,YES,YES,YES
PLT-05,OT-00447,OT-00522,DNP3,YES,NO,YES
PLT-05,OT-00464,OT-00434,OPC_UA,NO,YES,YES
PLT-05,OT-00532,OT-00449,EtherNetIP,YES,YES,NO
PLT-05,OT-00495,OT-00440,VendorSerial,YES,YES,YES
PLT-05,OT-00466,OT-00488,PROFINET,YES,NO,YES
PLT-05,OT-00516,OT-00501,OPC_UA,YES,NO,YES
PLT-05,OT-00476,OT-00471,PROFIBUS,YES,YES,YES
PLT-05,OT-00440,OT-00506,PROFINET,YES,YES,YES
PLT-05,OT-00490,OT-00435,PROFINET,YES,YES,NO
PLT-05,OT-00477,OT-00481,IEC104,NO,YES,NO
PLT-05,OT-00445,OT-00490,OPC_DA,YES,YES,YES
PLT-05,OT-00482,OT-00477,EtherNetIP,YES,YES,YES
PLT-05,OT-00524,OT-00452,DNP3,YES,YES,NO
PLT-05,OT-00463,OT-00530,EtherNetIP,YES,YES,YES
PLT-05,OT-00484,OT-00444,DNP3,YES,YES,YES
PLT-05,OT-00523,OT-00524,OPC_DA,YES,YES,YES
PLT-05,OT-00515,OT-00510,VendorSerial,YES,YES,YES
PLT-05,OT-00528,OT-00498,OPC_UA,YES,YES,NO
PLT-05,OT-00491,OT-00503,IEC104,NO,YES,YES
PLT-05,OT-00517,OT-00463,PROFIBUS,YES,YES,NO
PLT-05,OT-00492,OT-00496,IEC61850,UNKNOWN,NO,YES
PLT-05,OT-00531,OT-00493,DNP3,YES,YES,YES
PLT-05,OT-00524,OT-00498,OPC_DA,YES,YES,YES
PLT-05,OT-00513,OT-00441,EtherNetIP,YES,NO,YES
PLT-05,OT-00498,OT-00480,OPC_DA,YES,YES,YES
PLT-05,OT-00491,OT-00445,EtherNetIP,YES,YES,YES
PLT-05,OT-00450,OT-00476,PROFIBUS,YES,YES,YES
PLT-05,OT-00523,OT-00455,PROFINET,YES,NO,NO
PLT-05,OT-00511,OT-00512,VendorSerial,YES,YES,YES
PLT-05,OT-00526,OT-00438,IEC61850,YES,YES,YES
PLT-05,OT-00476,OT-00500,VendorSerial,YES,YES,YES
PLT-05,OT-00466,OT-00501,EtherNetIP,YES,YES,YES
PLT-05,OT-00504,OT-00519,PROFIBUS,YES,YES,NO
PLT-05,OT-00446,OT-00471,PROFINET,NO,YES,YES
PLT-05,OT-00492,OT-00521,EtherNetIP,YES,YES,YES
PLT-05,OT-00522,OT-00508,PROFINET,YES,NO,YES
PLT-05,OT-00515,OT-00493,VendorSerial,YES,YES,YES
PLT-05,OT-00483,OT-00462,VendorSerial,YES,YES,YES
PLT-05,OT-00475,OT-00530,PROFINET,YES,NO,YES
PLT-05,OT-00514,OT-00490,PROFINET,YES,YES,YES
PLT-05,OT-00484,OT-00483,VendorSerial,YES,YES,YES
PLT-05,OT-00463,OT-00523,EtherNetIP,YES,YES,NO
PLT-05,OT-00444,OT-00478,ModbusTCP,YES,YES,YES
PLT-05,OT-00496,OT-00466,OPC_DA,YES,NO,NO
PLT-05,OT-00487,OT-00453,DNP3,YES,YES,YES
PLT-05,OT-00527,OT-00482,IEC104,YES,NO,YES
PLT-05,OT-00517,OT-00518,PROFIBUS,YES,YES,YES
PLT-05,OT-00450,OT-00469,OPC_DA,YES,YES,YES
PLT-05,OT-00486,OT-00490,VendorSerial,YES,NO,YES
PLT-05,OT-00510,OT-00496,ModbusTCP,YES,YES,YES
PLT-05,OT-00512,OT-00470,ModbusTCP,YES,YES,YES
PLT-05,OT-00454,OT-00446,ModbusTCP,YES,YES,YES
PLT-05,OT-00472,OT-00489,PROFIBUS,YES,YES,YES
PLT-05,OT-00439,OT-00499,DNP3,YES,NO,NO
PLT-05,OT-00508,OT-00515,ModbusTCP,YES,YES,YES
PLT-05,OT-00521,OT-00502,EtherNetIP,UNKNOWN,YES,YES
PLT-05,OT-00467,OT-00473,DNP3,YES,YES,NO
PLT-05,OT-00455,OT-00508,IEC61850,YES,NO,YES
PLT-05,OT-00473,OT-00505,DNP3,UNKNOWN,YES,NO
PLT-05,OT-00505,OT-00444,PROFINET,YES,YES,YES
PLT-05,OT-00450,OT-00479,PROFIBUS,YES,YES,YES
PLT-05,OT-00489,OT-00525,PROFINET,YES,YES,YES
PLT-05,OT-00448,OT-00513,VendorSerial,YES,NO,YES
PLT-05,OT-00516,OT-00517,EtherNetIP,YES,YES,NO
PLT-05,OT-00505,OT-00480,ModbusTCP,YES,NO,YES
PLT-05,OT-00472,OT-00520,IEC104,YES,YES,YES
PLT-05,OT-00521,OT-00529,PROFINET,YES,YES,YES
PLT-05,OT-00475,OT-00529,OPC_UA,YES,YES,NO
PLT-05,OT-00455,OT-00492,OPC_DA,YES,YES,YES
PLT-05,OT-00486,OT-00463,VendorSerial,YES,NO,YES
PLT-05,OT-00484,OT-00505,OPC_UA,YES,NO,YES
PLT-05,OT-00474,OT-00482,IEC104,YES,YES,YES
PLT-05,OT-00468,OT-00471,IEC104,YES,YES,YES
PLT-05,OT-00460,OT-00473,DNP3,YES,YES,YES
PLT-05,OT-00434,OT-00508,EtherNetIP,UNKNOWN,NO,YES
PLT-05,OT-00485,OT-00525,PROFIBUS,YES,YES,YES
PLT-05,OT-00450,OT-00490,IEC104,YES,NO,YES
PLT-05,OT-00517,OT-00511,IEC104,YES,YES,NO
PLT-05,OT-00482,OT-00491,VendorSerial,YES,YES,YES
PLT-05,OT-00517,OT-00472,EtherNetIP,UNKNOWN,YES,YES
PLT-05,OT-00460,OT-00509,OPC_UA,YES,NO,YES
PLT-05,OT-00455,OT-00468,DNP3,NO,YES,YES
PLT-05,OT-00516,OT-00460,OPC_UA,YES,YES,NO
PLT-05,OT-00466,OT-00456,DNP3,YES,YES,YES
PLT-05,OT-00476,OT-00459,OPC_DA,YES,YES,NO
PLT-05,OT-00460,OT-00507,VendorSerial,YES,YES,YES
PLT-05,OT-00518,OT-00478,EtherNetIP,YES,YES,YES
PLT-05,OT-00455,OT-00449,OPC_DA,YES,YES,YES
PLT-05,OT-00483,OT-00531,PROFINET,YES,YES,YES
PLT-05,OT-00443,OT-00439,PROFIBUS,YES,YES,YES
PLT-05,OT-00495,OT-00525,PROFIBUS,YES,YES,YES
PLT-05,OT-00508,OT-00500,DNP3,YES,NO,YES
PLT-05,OT-00436,OT-00525,DNP3,YES,YES,YES
PLT-05,OT-00451,OT-00468,PROFIBUS,YES,YES,YES
PLT-05,OT-00501,OT-00453,IEC104,YES,YES,YES
PLT-05,OT-00436,OT-00510,OPC_UA,UNKNOWN,NO,YES
PLT-05,OT-00458,OT-00523,VendorSerial,YES,YES,YES
PLT-05,OT-00499,OT-00457,IEC104,YES,YES,YES
PLT-05,OT-00474,OT-00457,ModbusTCP,UNKNOWN,YES,NO
PLT-05,OT-00530,OT-00498,OPC_UA,YES,YES,YES
PLT-05,OT-00500,OT-00532,PROFIBUS,YES,NO,YES
PLT-05,OT-00492,OT-00498,EtherNetIP,YES,YES,YES
PLT-05,OT-00479,OT-00509,EtherNetIP,YES,YES,NO
PLT-05,OT-00451,OT-00509,EtherNetIP,YES,YES,NO
PLT-05,OT-00474,OT-00511,VendorSerial,YES,YES,YES
PLT-05,OT-00456,OT-00514,OPC_UA,YES,NO,NO
PLT-05,OT-00464,OT-00497,OPC_UA,YES,YES,YES
PLT-05,OT-00438,OT-00454,ModbusTCP,YES,YES,YES
PLT-05,OT-00485,OT-00456,DNP3,YES,NO,YES
PLT-05,OT-00500,OT-00435,PROFINET,YES,NO,NO
PLT-05,OT-00460,OT-00465,PROFINET,YES,YES,YES
PLT-05,OT-00503,OT-00464,EtherNetIP,YES,YES,YES
PLT-05,OT-00438,OT-00441,OPC_DA,YES,YES,YES
PLT-05,OT-00506,OT-00481,VendorSerial,YES,NO,NO
PLT-05,OT-00499,OT-00471,DNP3,YES,NO,YES
PLT-05,OT-00467,OT-00465,OPC_UA,YES,NO,NO
PLT-05,OT-00502,OT-00461,PROFINET,YES,YES,YES
PLT-05,OT-00496,OT-00491,ModbusTCP,YES,NO,YES
PLT-05,OT-00440,OT-00484,DNP3,YES,YES,NO
PLT-05,OT-00441,OT-00468,IEC104,YES,YES,YES
PLT-05,OT-00445,OT-00507,PROFIBUS,YES,YES,YES
PLT-05,OT-00522,OT-00529,PROFINET,YES,YES,YES
PLT-05,OT-00517,OT-00481,PROFINET,YES,YES,YES
PLT-05,OT-00512,OT-00449,VendorSerial,YES,YES,NO
PLT-06,OT-00558,OT-00597,OPC_UA,YES,YES,YES
PLT-06,OT-00615,OT-00634,ModbusTCP,YES,YES,YES
PLT-06,OT-00617,OT-00628,OPC_UA,YES,YES,NO
PLT-06,OT-00616,OT-00580,EtherNetIP,YES,YES,YES
PLT-06,OT-00634,OT-00534,VendorSerial,UNKNOWN,YES,YES
PLT-06,OT-00556,OT-00619,IEC104,YES,YES,YES
PLT-06,OT-00558,OT-00628,EtherNetIP,YES,YES,YES
PLT-06,OT-00634,OT-00592,DNP3,YES,YES,YES
PLT-06,OT-00609,OT-00543,PROFINET,YES,YES,YES
PLT-06,OT-00621,OT-00605,EtherNetIP,YES,YES,YES
PLT-06,OT-00601,OT-00582,ModbusTCP,YES,NO,YES
PLT-06,OT-00569,OT-00586,OPC_UA,YES,NO,NO
PLT-06,OT-00569,OT-00547,PROFIBUS,NO,YES,YES
PLT-06,OT-00557,OT-00549,VendorSerial,YES,YES,YES
PLT-06,OT-00614,OT-00591,IEC61850,YES,YES,YES
PLT-06,OT-00572,OT-00550,IEC61850,NO,YES,YES
PLT-06,OT-00612,OT-00569,DNP3,YES,YES,NO
PLT-06,OT-00621,OT-00581,PROFINET,YES,NO,YES
PLT-06,OT-00590,OT-00598,VendorSerial,YES,YES,YES
PLT-06,OT-00588,OT-00609,IEC104,YES,NO,YES
PLT-06,OT-00589,OT-00540,ModbusTCP,YES,NO,NO
PLT-06,OT-00597,OT-00634,OPC_UA,YES,YES,YES
PLT-06,OT-00578,OT-00597,OPC_DA,YES,YES,YES
PLT-06,OT-00619,OT-00538,ModbusTCP,UNKNOWN,YES,NO
PLT-06,OT-00616,OT-00591,OPC_DA,UNKNOWN,YES,NO
PLT-06,OT-00600,OT-00611,VendorSerial,YES,YES,YES
PLT-06,OT-00619,OT-00534,ModbusTCP,YES,YES,YES
PLT-06,OT-00559,OT-00600,OPC_UA,YES,YES,YES
PLT-06,OT-00593,OT-00565,DNP3,YES,YES,NO
PLT-06,OT-00592,OT-00557,OPC_DA,YES,YES,YES
PLT-06,OT-00563,OT-00590,DNP3,YES,YES,YES
PLT-06,OT-00601,OT-00629,ModbusTCP,YES,NO,YES
PLT-06,OT-00557,OT-00631,IEC61850,YES,YES,YES
PLT-06,OT-00623,OT-00569,IEC104,YES,YES,YES
PLT-06,OT-00587,OT-00610,VendorSerial,YES,YES,NO
PLT-06,OT-00633,OT-00581,EtherNetIP,YES,NO,NO
PLT-06,OT-00621,OT-00556,OPC_DA,YES,NO,YES
PLT-06,OT-00553,OT-00594,IEC104,YES,YES,YES
PLT-06,OT-00571,OT-00598,ModbusTCP,YES,YES,YES
PLT-06,OT-00603,OT-00631,PROFIBUS,YES,NO,YES
PLT-06,OT-00596,OT-00566,IEC61850,YES,YES,YES
PLT-06,OT-00618,OT-00624,PROFIBUS,YES,YES,NO
PLT-06,OT-00561,OT-00554,ModbusTCP,YES,NO,YES
PLT-06,OT-00632,OT-00565,VendorSerial,YES,YES,NO
PLT-06,OT-00540,OT-00570,VendorSerial,YES,NO,YES
PLT-06,OT-00627,OT-00595,OPC_DA,YES,YES,NO
PLT-06,OT-00567,OT-00626,OPC_UA,UNKNOWN,YES,YES
PLT-06,OT-00584,OT-00542,PROFINET,UNKNOWN,YES,YES
PLT-06,OT-00538,OT-00630,PROFINET,YES,YES,YES
PLT-06,OT-00605,OT-00615,OPC_DA,YES,YES,YES
PLT-06,OT-00572,OT-00559,IEC61850,YES,YES,YES
PLT-06,OT-00577,OT-00547,PROFIBUS,YES,YES,NO
PLT-06,OT-00610,OT-00625,ModbusTCP,YES,YES,YES
PLT-06,OT-00542,OT-00545,IEC104,YES,YES,YES
PLT-06,OT-00584,OT-00570,OPC_UA,YES,YES,YES
PLT-06,OT-00561,OT-00595,ModbusTCP,YES,YES,NO
PLT-06,OT-00632,OT-00590,PROFIBUS,YES,YES,YES
PLT-06,OT-00542,OT-00558,IEC104,YES,NO,NO
PLT-06,OT-00558,OT-00590,PROFIBUS,YES,NO,YES
PLT-06,OT-00555,OT-00584,IEC61850,YES,NO,YES
PLT-06,OT-00605,OT-00579,OPC_UA,YES,NO,NO
PLT-06,OT-00564,OT-00626,IEC61850,YES,NO,YES
PLT-06,OT-00538,OT-00536,IEC61850,YES,YES,YES
PLT-06,OT-00628,OT-00533,IEC61850,YES,YES,YES
PLT-06,OT-00576,OT-00547,OPC_DA,YES,YES,YES
PLT-06,OT-00610,OT-00545,PROFIBUS,YES,YES,YES
PLT-06,OT-00635,OT-00575,IEC61850,YES,YES,YES
PLT-06,OT-00584,OT-00629,DNP3,YES,YES,YES
PLT-06,OT-00575,OT-00581,ModbusTCP,YES,NO,YES
PLT-06,OT-00613,OT-00594,OPC_UA,YES,NO,NO
PLT-06,OT-00618,OT-00548,OPC_UA,YES,NO,YES
PLT-06,OT-00606,OT-00577,EtherNetIP,YES,NO,YES
PLT-06,OT-00558,OT-00564,PROFIBUS,YES,YES,YES
PLT-06,OT-00602,OT-00594,VendorSerial,UNKNOWN,YES,YES
PLT-06,OT-00631,OT-00559,PROFIBUS,YES,YES,YES
PLT-06,OT-00585,OT-00633,OPC_DA,UNKNOWN,YES,YES
PLT-06,OT-00541,OT-00576,DNP3,YES,YES,YES
PLT-06,OT-00627,OT-00593,OPC_UA,YES,YES,YES
PLT-06,OT-00563,OT-00579,ModbusTCP,YES,YES,YES
PLT-06,OT-00570,OT-00559,VendorSerial,YES,YES,YES
PLT-06,OT-00597,OT-00598,IEC61850,YES,YES,NO
PLT-06,OT-00551,OT-00620,ModbusTCP,NO,YES,YES
PLT-06,OT-00565,OT-00627,VendorSerial,UNKNOWN,NO,YES
PLT-06,OT-00541,OT-00542,VendorSerial,YES,YES,YES
PLT-06,OT-00595,OT-00578,EtherNetIP,UNKNOWN,NO,YES
PLT-06,OT-00578,OT-00585,ModbusTCP,YES,YES,NO
PLT-06,OT-00587,OT-00632,OPC_UA,YES,YES,YES
PLT-06,OT-00564,OT-00601,OPC_UA,YES,NO,YES
PLT-06,OT-00605,OT-00562,IEC104,YES,NO,NO
PLT-06,OT-00595,OT-00567,VendorSerial,YES,NO,YES
PLT-06,OT-00556,OT-00614,IEC104,YES,YES,YES
PLT-06,OT-00577,OT-00538,ModbusTCP,YES,NO,YES
PLT-06,OT-00548,OT-00536,VendorSerial,YES,YES,YES
PLT-06,OT-00578,OT-00538,PROFIBUS,YES,YES,YES
PLT-06,OT-00592,OT-00557,PROFINET,YES,YES,YES
PLT-06,OT-00548,OT-00545,IEC61850,YES,YES,YES
PLT-06,OT-00616,OT-00576,IEC61850,YES,YES,YES
PLT-06,OT-00587,OT-00575,ModbusTCP,YES,NO,YES
PLT-06,OT-00609,OT-00626,OPC_DA,YES,NO,YES
PLT-06,OT-00539,OT-00576,OPC_UA,YES,YES,YES
PLT-06,OT-00628,OT-00546,ModbusTCP,YES,YES,YES
PLT-06,OT-00551,OT-00540,ModbusTCP,YES,YES,YES
PLT-06,OT-00537,OT-00551,DNP3,YES,YES,YES
PLT-06,OT-00558,OT-00630,OPC_UA,YES,YES,YES
PLT-06,OT-00617,OT-00570,IEC61850,YES,NO,YES
PLT-06,OT-00621,OT-00576,ModbusTCP,YES,YES,NO
PLT-06,OT-00557,OT-00620,PROFIBUS,YES,YES,YES
PLT-06,OT-00563,OT-00569,PROFINET,YES,YES,YES
PLT-06,OT-00584,OT-00600,OPC_UA,YES,NO,YES
PLT-06,OT-00613,OT-00551,OPC_DA,YES,YES,YES
PLT-06,OT-00564,OT-00565,EtherNetIP,YES,NO,YES
PLT-06,OT-00594,OT-00617,DNP3,YES,YES,YES
PLT-06,OT-00606,OT-00625,EtherNetIP,YES,NO,YES
PLT-06,OT-00547,OT-00555,IEC104,YES,YES,YES
PLT-06,OT-00582,OT-00602,ModbusTCP,YES,YES,YES
PLT-06,OT-00564,OT-00593,VendorSerial,YES,YES,YES
PLT-06,OT-00562,OT-00577,OPC_DA,YES,NO,YES
PLT-06,OT-00600,OT-00616,IEC104,YES,NO,YES
PLT-06,OT-00536,OT-00569,OPC_UA,YES,YES,YES
PLT-06,OT-00632,OT-00601,DNP3,YES,YES,YES
PLT-06,OT-00544,OT-00560,IEC61850,NO,YES,YES
PLT-06,OT-00562,OT-00610,PROFIBUS,YES,YES,YES
PLT-06,OT-00538,OT-00600,DNP3,YES,YES,YES
PLT-06,OT-00628,OT-00557,PROFINET,YES,YES,YES
PLT-06,OT-00599,OT-00577,VendorSerial,YES,YES,YES
PLT-06,OT-00534,OT-00550,VendorSerial,YES,YES,YES
PLT-06,OT-00635,OT-00537,PROFINET,YES,YES,YES
PLT-06,OT-00629,OT-00616,IEC61850,YES,YES,YES
PLT-06,OT-00596,OT-00616,OPC_UA,UNKNOWN,YES,YES
PLT-06,OT-00616,OT-00553,PROFINET,UNKNOWN,YES,NO
PLT-06,OT-00548,OT-00634,PROFIBUS,YES,YES,YES
PLT-06,OT-00589,OT-00553,OPC_UA,YES,YES,YES
PLT-06,OT-00570,OT-00588,OPC_UA,YES,YES,YES
PLT-06,OT-00601,OT-00578,IEC104,YES,YES,YES
PLT-06,OT-00598,OT-00533,PROFIBUS,YES,YES,NO
PLT-06,OT-00557,OT-00552,DNP3,YES,YES,NO
PLT-06,OT-00567,OT-00630,ModbusTCP,YES,YES,YES
PLT-06,OT-00635,OT-00564,PROFIBUS,YES,YES,YES
PLT-06,OT-00558,OT-00549,PROFIBUS,YES,YES,NO
PLT-06,OT-00601,OT-00553,EtherNetIP,YES,YES,YES
PLT-06,OT-00603,OT-00627,DNP3,YES,YES,YES
PLT-06,OT-00552,OT-00612,PROFINET,YES,YES,YES
PLT-06,OT-00577,OT-00611,EtherNetIP,YES,YES,YES
PLT-06,OT-00583,OT-00624,OPC_DA,YES,YES,YES
PLT-06,OT-00535,OT-00565,OPC_DA,YES,NO,NO
PLT-06,OT-00583,OT-00634,DNP3,YES,YES,YES
PLT-06,OT-00589,OT-00606,VendorSerial,YES,YES,YES
PLT-06,OT-00614,OT-00622,VendorSerial,YES,YES,YES
PLT-06,OT-00609,OT-00557,OPC_UA,YES,YES,NO
PLT-06,OT-00585,OT-00554,IEC104,YES,YES,NO
PLT-06,OT-00556,OT-00599,VendorSerial,YES,NO,YES
PLT-06,OT-00551,OT-00587,PROFIBUS,YES,YES,YES
PLT-06,OT-00608,OT-00536,OPC_DA,YES,NO,NO
PLT-06,OT-00549,OT-00588,DNP3,YES,NO,YES
PLT-06,OT-00628,OT-00560,EtherNetIP,NO,NO,YES
PLT-06,OT-00549,OT-00601,EtherNetIP,YES,YES,YES
PLT-06,OT-00555,OT-00621,ModbusTCP,YES,YES,NO
PLT-06,OT-00566,OT-00581,PROFIBUS,YES,YES,NO
PLT-06,OT-00557,OT-00547,IEC104,YES,YES,NO
PLT-06,OT-00621,OT-00589,OPC_UA,NO,YES,YES
PLT-06,OT-00567,OT-00536,ModbusTCP,YES,YES,YES
PLT-06,OT-00562,OT-00634,VendorSerial,YES,YES,NO
PLT-06,OT-00620,OT-00604,PROFIBUS,YES,YES,YES
PLT-06,OT-00610,OT-00622,OPC_DA,UNKNOWN,YES,NO
PLT-06,OT-00557,OT-00616,EtherNetIP,YES,YES,YES
PLT-06,OT-00542,OT-00572,PROFINET,YES,YES,YES
PLT-06,OT-00587,OT-00544,ModbusTCP,YES,YES,NO
PLT-06,OT-00615,OT-00572,DNP3,YES,YES,YES
PLT-06,OT-00562,OT-00624,PROFIBUS,YES,NO,NO
PLT-06,OT-00577,OT-00569,OPC_UA,UNKNOWN,NO,YES
PLT-06,OT-00610,OT-00536,DNP3,YES,YES,YES
PLT-06,OT-00555,OT-00622,OPC_UA,YES,YES,YES
PLT-06,OT-00614,OT-00591,IEC61850,YES,YES,YES
PLT-06,OT-00610,OT-00617,EtherNetIP,YES,NO,NO
PLT-06,OT-00634,OT-00535,OPC_DA,YES,YES,YES
PLT-06,OT-00540,OT-00567,ModbusTCP,YES,YES,YES
PLT-06,OT-00595,OT-00547,ModbusTCP,YES,YES,NO
PLT-06,OT-00581,OT-00577,OPC_UA,YES,YES,NO
PLT-06,OT-00582,OT-00551,PROFINET,YES,YES,YES
PLT-06,OT-00620,OT-00542,IEC104,YES,NO,YES
PLT-06,OT-00536,OT-00569,OPC_DA,UNKNOWN,YES,YES
PLT-06,OT-00569,OT-00624,OPC_DA,YES,NO,YES
PLT-06,OT-00571,OT-00575,EtherNetIP,YES,YES,YES
PLT-06,OT-00543,OT-00628,PROFIBUS,YES,YES,YES
PLT-06,OT-00548,OT-00588,IEC104,YES,YES,YES
PLT-06,OT-00577,OT-00620,DNP3,YES,YES,NO
PLT-06,OT-00540,OT-00581,IEC104,YES,YES,YES
PLT-06,OT-00584,OT-00558,PROFINET,YES,YES,YES
PLT-06,OT-00566,OT-00597,OPC_DA,YES,YES,YES
PLT-06,OT-00585,OT-00568,VendorSerial,YES,YES,YES
PLT-06,OT-00602,OT-00568,PROFINET,YES,YES,YES
PLT-06,OT-00534,OT-00628,IEC104,NO,YES,YES
PLT-06,OT-00585,OT-00629,OPC_UA,YES,YES,NO
PLT-06,OT-00584,OT-00581,IEC61850,YES,YES,YES
PLT-06,OT-00592,OT-00575,DNP3,YES,NO,YES
PLT-06,OT-00616,OT-00556,OPC_DA,YES,YES,YES
PLT-06,OT-00602,OT-00537,OPC_DA,UNKNOWN,YES,YES
PLT-06,OT-00543,OT-00633,IEC61850,YES,YES,NO
PLT-06,OT-00580,OT-00615,VendorSerial,YES,YES,YES
PLT-06,OT-00603,OT-00561,VendorSerial,YES,YES,YES
PLT-06,OT-00609,OT-00557,PROFINET,YES,YES,YES
PLT-06,OT-00577,OT-00624,OPC_DA,YES,YES,YES
PLT-06,OT-00623,OT-00552,VendorSerial,YES,NO,YES
PLT-06,OT-00548,OT-00584,OPC_DA,YES,YES,YES
PLT-06,OT-00598,OT-00582,OPC_DA,YES,YES,YES
PLT-06,OT-00586,OT-00609,OPC_DA,UNKNOWN,YES,YES
PLT-06,OT-00597,OT-00561,PROFIBUS,YES,NO,YES
PLT-06,OT-00603,OT-00555,PROFIBUS,YES,YES,YES
PLT-06,OT-00584,OT-00569,DNP3,YES,YES,YES
PLT-06,OT-00570,OT-00629,IEC104,YES,YES,YES
PLT-07,OT-00747,OT-00663,ModbusTCP,NO,YES,NO
PLT-07,OT-00710,OT-00702,IEC104,YES,YES,YES
PLT-07,OT-00651,OT-00743,OPC_DA,YES,YES,NO
PLT-07,OT-00646,OT-00678,PROFIBUS,YES,YES,YES
PLT-07,OT-00741,OT-00712,OPC_DA,YES,YES,YES
PLT-07,OT-00664,OT-00648,PROFINET,YES,YES,NO
PLT-07,OT-00658,OT-00676,ModbusTCP,UNKNOWN,YES,YES
PLT-07,OT-00640,OT-00652,ModbusTCP,YES,YES,YES
PLT-07,OT-00701,OT-00670,DNP3,YES,YES,NO
PLT-07,OT-00710,OT-00646,DNP3,YES,YES,YES
PLT-07,OT-00685,OT-00660,OPC_DA,YES,NO,YES
PLT-07,OT-00705,OT-00680,VendorSerial,YES,YES,YES
PLT-07,OT-00732,OT-00651,ModbusTCP,YES,YES,YES
PLT-07,OT-00681,OT-00650,IEC61850,YES,YES,YES
PLT-07,OT-00740,OT-00644,DNP3,UNKNOWN,YES,YES
PLT-07,OT-00678,OT-00672,PROFINET,YES,YES,NO
PLT-07,OT-00661,OT-00683,IEC61850,YES,YES,YES
PLT-07,OT-00686,OT-00694,OPC_UA,YES,NO,YES
PLT-07,OT-00714,OT-00737,IEC104,YES,YES,YES
PLT-07,OT-00644,OT-00682,OPC_UA,YES,YES,NO
PLT-07,OT-00716,OT-00661,OPC_UA,UNKNOWN,YES,YES
PLT-07,OT-00721,OT-00649,IEC61850,YES,YES,YES
PLT-07,OT-00682,OT-00750,IEC104,YES,NO,YES
PLT-07,OT-00708,OT-00689,OPC_UA,YES,YES,NO
PLT-07,OT-00687,OT-00695,IEC104,UNKNOWN,YES,YES
PLT-07,OT-00643,OT-00686,PROFINET,YES,NO,YES
PLT-07,OT-00640,OT-00726,EtherNetIP,YES,YES,NO
PLT-07,OT-00720,OT-00701,PROFIBUS,YES,YES,YES
PLT-07,OT-00704,OT-00707,OPC_DA,NO,NO,NO
PLT-07,OT-00671,OT-00748,IEC61850,YES,YES,NO
PLT-07,OT-00661,OT-00728,IEC61850,YES,YES,YES
PLT-07,OT-00715,OT-00709,IEC61850,YES,YES,YES
PLT-07,OT-00707,OT-00721,ModbusTCP,YES,YES,YES
PLT-07,OT-00659,OT-00655,OPC_UA,YES,NO,YES
PLT-07,OT-00675,OT-00739,IEC61850,UNKNOWN,NO,YES
PLT-07,OT-00657,OT-00640,OPC_UA,YES,YES,NO
PLT-07,OT-00688,OT-00637,ModbusTCP,YES,YES,YES
PLT-07,OT-00729,OT-00749,IEC61850,YES,NO,YES
PLT-07,OT-00637,OT-00699,EtherNetIP,YES,YES,YES
PLT-07,OT-00704,OT-00727,PROFIBUS,YES,YES,YES
PLT-07,OT-00657,OT-00750,VendorSerial,YES,YES,NO
PLT-07,OT-00651,OT-00741,IEC61850,YES,YES,YES
PLT-07,OT-00642,OT-00680,PROFIBUS,YES,YES,YES
PLT-07,OT-00732,OT-00657,OPC_DA,NO,YES,YES
PLT-07,OT-00742,OT-00727,PROFIBUS,YES,YES,YES
PLT-07,OT-00648,OT-00667,OPC_UA,YES,YES,YES
PLT-07,OT-00695,OT-00691,PROFINET,YES,YES,YES
PLT-07,OT-00699,OT-00714,DNP3,UNKNOWN,YES,YES
PLT-07,OT-00691,OT-00682,ModbusTCP,YES,YES,YES
PLT-07,OT-00680,OT-00640,PROFIBUS,YES,YES,NO
PLT-07,OT-00717,OT-00726,IEC104,YES,NO,NO
PLT-07,OT-00699,OT-00652,EtherNetIP,YES,YES,NO
PLT-07,OT-00705,OT-00693,IEC61850,YES,YES,YES
PLT-07,OT-00747,OT-00739,PROFINET,YES,YES,YES
PLT-07,OT-00726,OT-00665,ModbusTCP,YES,NO,YES
PLT-07,OT-00647,OT-00676,VendorSerial,YES,YES,NO
PLT-07,OT-00729,OT-00652,PROFINET,YES,YES,YES
PLT-07,OT-00695,OT-00708,PROFIBUS,YES,YES,YES
PLT-07,OT-00664,OT-00700,IEC61850,YES,NO,YES
PLT-07,OT-00702,OT-00642,VendorSerial,YES,YES,YES
PLT-07,OT-00677,OT-00681,PROFINET,YES,YES,NO
PLT-07,OT-00714,OT-00750,ModbusTCP,YES,NO,YES
PLT-07,OT-00734,OT-00695,ModbusTCP,YES,YES,YES
PLT-07,OT-00697,OT-00732,IEC61850,YES,YES,YES
PLT-07,OT-00700,OT-00709,PROFIBUS,YES,YES,NO
PLT-07,OT-00667,OT-00649,PROFIBUS,UNKNOWN,YES,NO
PLT-07,OT-00739,OT-00654,DNP3,YES,YES,YES
PLT-07,OT-00733,OT-00670,DNP3,YES,YES,YES
PLT-07,OT-00703,OT-00646,OPC_DA,YES,NO,NO
PLT-07,OT-00677,OT-00700,OPC_UA,YES,NO,YES
PLT-07,OT-00663,OT-00637,OPC_DA,YES,YES,YES
PLT-07,OT-00727,OT-00664,DNP3,YES,NO,NO
PLT-07,OT-00698,OT-00708,PROFINET,YES,YES,YES
PLT-07,OT-00651,OT-00729,ModbusTCP,YES,YES,NO
PLT-07,OT-00742,OT-00720,IEC104,YES,YES,NO
PLT-07,OT-00693,OT-00676,IEC61850,UNKNOWN,NO,YES
PLT-07,OT-00728,OT-00672,IEC104,YES,YES,YES
PLT-07,OT-00687,OT-00733,DNP3,YES,NO,YES
PLT-07,OT-00716,OT-00641,OPC_DA,YES,YES,NO
PLT-07,OT-00702,OT-00694,OPC_DA,YES,YES,YES
PLT-07,OT-00718,OT-00643,VendorSerial,UNKNOWN,YES,YES
PLT-07,OT-00674,OT-00719,PROFINET,YES,YES,YES
PLT-07,OT-00687,OT-00741,OPC_DA,YES,YES,YES
PLT-07,OT-00682,OT-00679,IEC104,YES,NO,YES
PLT-07,OT-00690,OT-00663,PROFINET,YES,YES,YES
PLT-07,OT-00688,OT-00658,VendorSerial,YES,NO,YES
PLT-07,OT-00650,OT-00692,OPC_DA,YES,YES,YES
PLT-07,OT-00715,OT-00644,ModbusTCP,YES,YES,YES
PLT-07,OT-00646,OT-00746,OPC_DA,YES,NO,YES
PLT-07,OT-00734,OT-00707,ModbusTCP,YES,NO,YES
PLT-07,OT-00738,OT-00747,IEC61850,YES,YES,NO
PLT-07,OT-00707,OT-00725,OPC_UA,YES,YES,YES
PLT-07,OT-00693,OT-00665,EtherNetIP,YES,YES,YES
PLT-07,OT-00743,OT-00723,PROFIBUS,YES,YES,YES
PLT-07,OT-00701,OT-00660,IEC61850,YES,NO,YES
PLT-07,OT-00734,OT-00658,DNP3,YES,YES,YES
PLT-07,OT-00735,OT-00734,DNP3,YES,YES,YES
PLT-07,OT-00656,OT-00666,OPC_DA,YES,YES,NO
PLT-07,OT-00667,OT-00734,IEC104,YES,NO,NO
PLT-07,OT-00710,OT-00678,PROFIBUS,YES,YES,NO
PLT-07,OT-00707,OT-00715,OPC_UA,YES,NO,NO
PLT-07,OT-00719,OT-00743,ModbusTCP,YES,YES,YES
PLT-07,OT-00700,OT-00703,DNP3,NO,YES,YES
PLT-07,OT-00715,OT-00738,PROFINET,YES,YES,YES
PLT-07,OT-00721,OT-00656,DNP3,YES,YES,YES
PLT-07,OT-00719,OT-00668,PROFIBUS,YES,YES,NO
PLT-07,OT-00726,OT-00710,PROFINET,YES,NO,YES
PLT-07,OT-00648,OT-00690,OPC_DA,NO,YES,YES
PLT-07,OT-00675,OT-00742,IEC104,YES,YES,NO
PLT-07,OT-00719,OT-00656,EtherNetIP,NO,YES,YES
PLT-07,OT-00652,OT-00663,IEC104,YES,YES,YES
PLT-07,OT-00686,OT-00716,IEC61850,YES,NO,YES
PLT-07,OT-00653,OT-00708,PROFIBUS,YES,NO,YES
PLT-07,OT-00741,OT-00655,IEC61850,YES,YES,YES
PLT-07,OT-00722,OT-00675,VendorSerial,YES,YES,YES
PLT-07,OT-00715,OT-00717,VendorSerial,UNKNOWN,NO,YES
PLT-07,OT-00639,OT-00748,IEC104,YES,YES,YES
PLT-07,OT-00717,OT-00646,IEC61850,YES,YES,YES
PLT-07,OT-00707,OT-00719,EtherNetIP,YES,YES,YES
PLT-07,OT-00683,OT-00673,EtherNetIP,UNKNOWN,YES,YES
PLT-07,OT-00687,OT-00706,IEC61850,YES,YES,YES
PLT-07,OT-00740,OT-00729,PROFINET,YES,YES,YES
PLT-07,OT-00678,OT-00739,PROFIBUS,UNKNOWN,YES,YES
PLT-07,OT-00648,OT-00695,EtherNetIP,YES,NO,YES
PLT-07,OT-00685,OT-00691,ModbusTCP,UNKNOWN,YES,YES
PLT-07,OT-00717,OT-00690,EtherNetIP,YES,YES,YES
PLT-07,OT-00688,OT-00704,OPC_DA,YES,YES,YES
PLT-07,OT-00656,OT-00736,IEC104,YES,YES,NO
PLT-07,OT-00639,OT-00678,PROFINET,YES,YES,YES
PLT-07,OT-00638,OT-00693,IEC104,YES,YES,YES
PLT-07,OT-00689,OT-00736,PROFIBUS,UNKNOWN,YES,NO
PLT-07,OT-00652,OT-00655,PROFINET,NO,YES,YES
PLT-07,OT-00720,OT-00641,DNP3,YES,NO,YES
PLT-07,OT-00666,OT-00660,EtherNetIP,YES,YES,YES
PLT-07,OT-00715,OT-00736,IEC104,YES,YES,YES
PLT-07,OT-00746,OT-00728,PROFIBUS,YES,YES,YES
PLT-07,OT-00727,OT-00728,IEC61850,YES,YES,NO
PLT-07,OT-00746,OT-00728,EtherNetIP,YES,YES,YES
PLT-07,OT-00651,OT-00729,VendorSerial,YES,YES,YES
PLT-07,OT-00682,OT-00706,PROFINET,YES,YES,YES
PLT-07,OT-00696,OT-00751,OPC_DA,YES,YES,YES
PLT-07,OT-00640,OT-00728,OPC_UA,YES,YES,YES
PLT-07,OT-00681,OT-00703,EtherNetIP,YES,YES,NO
PLT-07,OT-00636,OT-00657,IEC104,YES,NO,NO
PLT-07,OT-00680,OT-00697,IEC104,YES,YES,YES
PLT-07,OT-00727,OT-00648,ModbusTCP,YES,NO,YES
PLT-07,OT-00637,OT-00664,ModbusTCP,YES,NO,YES
PLT-07,OT-00646,OT-00728,PROFINET,YES,YES,YES
PLT-07,OT-00661,OT-00716,VendorSerial,YES,YES,YES
PLT-07,OT-00747,OT-00660,VendorSerial,YES,NO,NO
PLT-07,OT-00708,OT-00659,DNP3,YES,NO,YES
PLT-07,OT-00681,OT-00688,OPC_DA,YES,YES,YES
PLT-07,OT-00689,OT-00745,ModbusTCP,YES,NO,NO
PLT-07,OT-00695,OT-00649,OPC_UA,YES,YES,YES
PLT-07,OT-00723,OT-00746,PROFIBUS,YES,NO,YES
PLT-07,OT-00669,OT-00727,EtherNetIP,YES,NO,YES
PLT-07,OT-00709,OT-00729,OPC_UA,YES,YES,NO
PLT-07,OT-00705,OT-00741,VendorSerial,YES,YES,YES
PLT-07,OT-00680,OT-00699,ModbusTCP,YES,YES,YES
PLT-07,OT-00739,OT-00734,ModbusTCP,YES,NO,NO
PLT-07,OT-00645,OT-00675,IEC61850,YES,NO,NO
PLT-07,OT-00679,OT-00665,EtherNetIP,YES,YES,YES
PLT-07,OT-00716,OT-00640,IEC61850,YES,YES,YES
PLT-07,OT-00731,OT-00721,OPC_UA,YES,NO,NO
PLT-07,OT-00683,OT-00673,ModbusTCP,YES,NO,NO
PLT-07,OT-00727,OT-00648,OPC_UA,YES,YES,YES
PLT-07,OT-00741,OT-00642,OPC_DA,YES,YES,YES
PLT-07,OT-00710,OT-00725,EtherNetIP,YES,YES,NO
PLT-07,OT-00744,OT-00709,DNP3,YES,YES,YES
PLT-07,OT-00701,OT-00697,DNP3,YES,YES,NO
PLT-07,OT-00730,OT-00676,PROFIBUS,YES,NO,YES
PLT-07,OT-00717,OT-00677,EtherNetIP,NO,YES,YES
PLT-07,OT-00737,OT-00668,VendorSerial,YES,YES,YES
PLT-07,OT-00689,OT-00721,PROFIBUS,YES,YES,YES
PLT-07,OT-00731,OT-00637,PROFINET,YES,NO,YES
PLT-07,OT-00730,OT-00745,ModbusTCP,YES,YES,YES
PLT-07,OT-00708,OT-00749,OPC_DA,YES,YES,NO
PLT-07,OT-00691,OT-00721,IEC61850,YES,NO,YES
PLT-07,OT-00671,OT-00660,OPC_DA,YES,YES,YES
PLT-07,OT-00680,OT-00659,IEC104,YES,YES,YES
PLT-07,OT-00750,OT-00708,IEC104,YES,YES,YES
PLT-07,OT-00691,OT-00644,OPC_DA,NO,YES,YES
PLT-07,OT-00726,OT-00663,DNP3,YES,NO,NO
PLT-07,OT-00708,OT-00647,IEC61850,YES,YES,YES
PLT-07,OT-00687,OT-00753,ModbusTCP,YES,NO,NO
PLT-07,OT-00674,OT-00731,OPC_DA,YES,YES,YES
PLT-07,OT-00681,OT-00740,IEC61850,YES,NO,YES
PLT-07,OT-00748,OT-00659,IEC61850,YES,NO,YES
PLT-07,OT-00707,OT-00752,IEC61850,YES,YES,YES
PLT-07,OT-00708,OT-00663,OPC_DA,YES,NO,NO
PLT-07,OT-00691,OT-00752,IEC61850,YES,YES,YES
PLT-07,OT-00745,OT-00709,OPC_UA,YES,YES,YES
PLT-07,OT-00714,OT-00732,PROFINET,YES,YES,NO
PLT-07,OT-00749,OT-00717,PROFIBUS,YES,YES,YES
PLT-07,OT-00719,OT-00691,IEC104,NO,YES,YES
PLT-07,OT-00743,OT-00707,OPC_UA,YES,YES,YES
PLT-07,OT-00642,OT-00673,EtherNetIP,YES,YES,YES
PLT-07,OT-00654,OT-00707,PROFINET,YES,YES,YES
PLT-07,OT-00710,OT-00697,IEC104,YES,NO,YES
PLT-07,OT-00643,OT-00746,PROFIBUS,YES,NO,YES
PLT-07,OT-00670,OT-00672,OPC_UA,YES,YES,NO
PLT-07,OT-00726,OT-00643,IEC61850,YES,NO,YES
PLT-07,OT-00675,OT-00698,DNP3,YES,YES,YES
PLT-07,OT-00674,OT-00654,DNP3,YES,YES,YES
PLT-07,OT-00689,OT-00732,ModbusTCP,YES,YES,YES
PLT-07,OT-00687,OT-00698,IEC61850,YES,YES,YES
PLT-07,OT-00666,OT-00726,IEC104,YES,YES,YES
PLT-07,OT-00666,OT-00690,VendorSerial,YES,NO,NO
PLT-07,OT-00637,OT-00654,PROFINET,YES,YES,NO
PLT-07,OT-00665,OT-00668,PROFIBUS,YES,YES,YES
PLT-08,OT-00812,OT-00810,OPC_UA,YES,YES,YES
PLT-08,OT-00846,OT-00877,PROFINET,YES,YES,YES
PLT-08,OT-00809,OT-00832,OPC_DA,YES,NO,YES
PLT-08,OT-00831,OT-00810,VendorSerial,YES,YES,YES
PLT-08,OT-00821,OT-00847,EtherNetIP,YES,NO,YES
PLT-08,OT-00851,OT-00811,PROFINET,YES,NO,YES
PLT-08,OT-00818,OT-00794,OPC_DA,YES,NO,YES
PLT-08,OT-00775,OT-00796,OPC_DA,UNKNOWN,YES,NO
PLT-08,OT-00803,OT-00856,VendorSerial,YES,YES,YES
PLT-08,OT-00802,OT-00865,PROFIBUS,YES,YES,NO
PLT-08,OT-00821,OT-00848,VendorSerial,YES,YES,YES
PLT-08,OT-00825,OT-00785,VendorSerial,UNKNOWN,YES,YES
PLT-08,OT-00768,OT-00794,IEC104,UNKNOWN,YES,YES
PLT-08,OT-00849,OT-00815,IEC61850,YES,YES,YES
PLT-08,OT-00777,OT-00822,IEC61850,YES,YES,YES
PLT-08,OT-00873,OT-00838,EtherNetIP,UNKNOWN,YES,YES
PLT-08,OT-00771,OT-00769,DNP3,YES,YES,YES
PLT-08,OT-00860,OT-00760,DNP3,YES,YES,YES
PLT-08,OT-00829,OT-00851,PROFINET,YES,YES,NO
PLT-08,OT-00781,OT-00812,OPC_DA,YES,YES,NO
PLT-08,OT-00784,OT-00856,ModbusTCP,UNKNOWN,YES,YES
PLT-08,OT-00796,OT-00861,OPC_DA,YES,NO,NO
PLT-08,OT-00856,OT-00860,OPC_DA,YES,YES,NO
PLT-08,OT-00879,OT-00817,IEC61850,YES,YES,NO
PLT-08,OT-00878,OT-00860,OPC_UA,NO,YES,YES
PLT-08,OT-00842,OT-00811,EtherNetIP,YES,YES,YES
PLT-08,OT-00856,OT-00852,ModbusTCP,YES,YES,YES
PLT-08,OT-00876,OT-00814,DNP3,UNKNOWN,YES,NO
PLT-08,OT-00853,OT-00810,DNP3,YES,YES,NO
PLT-08,OT-00857,OT-00845,ModbusTCP,YES,YES,NO
PLT-08,OT-00809,OT-00756,PROFINET,YES,YES,YES
PLT-08,OT-00791,OT-00825,PROFIBUS,YES,YES,YES
PLT-08,OT-00868,OT-00776,OPC_UA,YES,YES,YES
PLT-08,OT-00836,OT-00819,ModbusTCP,YES,YES,NO
PLT-08,OT-00791,OT-00801,IEC104,YES,YES,NO
PLT-08,OT-00840,OT-00810,IEC61850,YES,YES,NO
PLT-08,OT-00872,OT-00864,PROFIBUS,YES,YES,YES
PLT-08,OT-00833,OT-00785,IEC104,YES,YES,YES
PLT-08,OT-00774,OT-00792,PROFINET,YES,YES,NO
PLT-08,OT-00842,OT-00793,IEC104,YES,NO,YES
PLT-08,OT-00782,OT-00880,EtherNetIP,YES,YES,YES
PLT-08,OT-00858,OT-00795,OPC_DA,YES,YES,YES
PLT-08,OT-00838,OT-00851,EtherNetIP,YES,YES,YES
PLT-08,OT-00836,OT-00776,IEC104,YES,YES,YES
PLT-08,OT-00799,OT-00787,OPC_UA,YES,YES,YES
PLT-08,OT-00764,OT-00796,ModbusTCP,YES,YES,NO
PLT-08,OT-00853,OT-00779,EtherNetIP,YES,YES,YES
PLT-08,OT-00768,OT-00778,PROFINET,YES,YES,NO
PLT-08,OT-00835,OT-00818,IEC104,YES,NO,YES
PLT-08,OT-00840,OT-00841,EtherNetIP,YES,YES,YES
PLT-08,OT-00871,OT-00762,PROFINET,YES,YES,YES
PLT-08,OT-00822,OT-00862,DNP3,YES,YES,YES
PLT-08,OT-00779,OT-00807,EtherNetIP,YES,YES,YES
PLT-08,OT-00791,OT-00830,ModbusTCP,YES,YES,YES
PLT-08,OT-00823,OT-00852,EtherNetIP,NO,NO,YES
PLT-08,OT-00854,OT-00856,PROFIBUS,UNKNOWN,YES,YES
PLT-08,OT-00815,OT-00762,ModbusTCP,YES,YES,YES
PLT-08,OT-00825,OT-00832,ModbusTCP,YES,NO,YES
PLT-08,OT-00871,OT-00858,PROFIBUS,YES,YES,YES
PLT-08,OT-00758,OT-00858,OPC_UA,YES,YES,YES
PLT-08,OT-00871,OT-00873,OPC_UA,YES,YES,YES
PLT-08,OT-00851,OT-00863,IEC104,YES,YES,NO
PLT-08,OT-00826,OT-00811,VendorSerial,YES,YES,YES
PLT-08,OT-00781,OT-00809,IEC61850,YES,NO,YES
PLT-08,OT-00831,OT-00861,PROFIBUS,NO,NO,NO
PLT-08,OT-00864,OT-00865,PROFINET,YES,YES,YES
PLT-08,OT-00836,OT-00831,IEC104,YES,NO,NO
PLT-08,OT-00880,OT-00852,OPC_UA,YES,YES,NO
PLT-08,OT-00782,OT-00787,EtherNetIP,YES,YES,YES
PLT-08,OT-00828,OT-00769,PROFINET,UNKNOWN,YES,YES
PLT-08,OT-00755,OT-00806,EtherNetIP,YES,YES,NO
PLT-08,OT-00842,OT-00788,IEC104,YES,YES,NO
PLT-08,OT-00834,OT-00843,ModbusTCP,YES,YES,NO
PLT-08,OT-00791,OT-00841,IEC104,UNKNOWN,YES,YES
PLT-08,OT-00831,OT-00880,OPC_DA,YES,YES,YES
PLT-08,OT-00757,OT-00781,IEC61850,NO,YES,YES
PLT-08,OT-00820,OT-00859,ModbusTCP,YES,YES,NO
PLT-08,OT-00811,OT-00780,EtherNetIP,YES,NO,YES
PLT-08,OT-00818,OT-00823,PROFIBUS,UNKNOWN,NO,NO
PLT-08,OT-00764,OT-00857,EtherNetIP,YES,YES,YES
PLT-08,OT-00756,OT-00865,IEC104,YES,YES,YES
PLT-08,OT-00816,OT-00826,EtherNetIP,YES,NO,YES
PLT-08,OT-00847,OT-00806,PROFIBUS,UNKNOWN,YES,NO
PLT-08,OT-00843,OT-00854,OPC_DA,YES,YES,YES
PLT-08,OT-00863,OT-00850,OPC_UA,YES,YES,YES
PLT-08,OT-00813,OT-00873,OPC_DA,YES,YES,YES
PLT-08,OT-00865,OT-00869,OPC_DA,YES,YES,YES
PLT-08,OT-00839,OT-00860,ModbusTCP,YES,NO,YES
PLT-08,OT-00797,OT-00859,ModbusTCP,YES,NO,NO
PLT-08,OT-00774,OT-00766,EtherNetIP,YES,YES,NO
PLT-08,OT-00761,OT-00864,PROFIBUS,YES,YES,NO
PLT-08,OT-00877,OT-00823,IEC104,YES,YES,NO
PLT-08,OT-00798,OT-00778,DNP3,NO,YES,NO
PLT-08,OT-00836,OT-00807,ModbusTCP,YES,YES,YES
PLT-08,OT-00772,OT-00861,DNP3,YES,YES,YES
PLT-08,OT-00768,OT-00765,PROFIBUS,YES,YES,YES
PLT-08,OT-00814,OT-00840,EtherNetIP,YES,YES,YES
PLT-08,OT-00791,OT-00838,ModbusTCP,YES,YES,YES
PLT-08,OT-00774,OT-00823,DNP3,YES,YES,YES
PLT-08,OT-00859,OT-00860,IEC61850,NO,NO,YES
PLT-08,OT-00788,OT-00796,PROFINET,YES,YES,NO
PLT-08,OT-00836,OT-00851,PROFIBUS,YES,YES,NO
PLT-08,OT-00787,OT-00874,VendorSerial,YES,YES,YES
PLT-08,OT-00820,OT-00765,VendorSerial,YES,NO,NO
PLT-08,OT-00866,OT-00815,PROFIBUS,YES,YES,NO
PLT-08,OT-00774,OT-00795,PROFIBUS,YES,YES,YES
PLT-08,OT-00857,OT-00754,ModbusTCP,YES,YES,YES
PLT-08,OT-00779,OT-00851,OPC_DA,YES,YES,NO
PLT-08,OT-00783,OT-00864,PROFIBUS,YES,YES,YES
PLT-08,OT-00876,OT-00829,IEC104,YES,YES,NO
PLT-08,OT-00760,OT-00796,OPC_DA,YES,YES,YES
PLT-08,OT-00797,OT-00822,OPC_UA,YES,YES,NO
PLT-08,OT-00796,OT-00835,EtherNetIP,NO,YES,YES
PLT-08,OT-00819,OT-00848,VendorSerial,YES,YES,NO
PLT-08,OT-00857,OT-00758,EtherNetIP,YES,YES,YES
PLT-08,OT-00875,OT-00860,IEC61850,YES,YES,YES
PLT-08,OT-00873,OT-00823,IEC104,YES,YES,YES
PLT-08,OT-00780,OT-00773,PROFIBUS,YES,YES,YES
PLT-08,OT-00794,OT-00872,DNP3,NO,YES,YES
PLT-08,OT-00763,OT-00839,DNP3,YES,YES,YES
PLT-08,OT-00855,OT-00795,OPC_DA,YES,NO,YES
PLT-08,OT-00808,OT-00758,OPC_UA,YES,YES,YES
PLT-08,OT-00859,OT-00799,IEC104,YES,NO,YES
PLT-08,OT-00793,OT-00765,DNP3,YES,NO,YES
PLT-08,OT-00819,OT-00768,IEC104,YES,NO,NO
PLT-08,OT-00767,OT-00844,DNP3,YES,YES,YES
PLT-08,OT-00763,OT-00836,VendorSerial,YES,YES,YES
PLT-08,OT-00849,OT-00786,DNP3,YES,YES,NO
PLT-08,OT-00845,OT-00797,ModbusTCP,YES,YES,YES
PLT-08,OT-00760,OT-00822,IEC61850,YES,YES,YES
PLT-08,OT-00843,OT-00818,PROFINET,YES,YES,NO
PLT-08,OT-00856,OT-00827,IEC61850,YES,NO,YES
PLT-08,OT-00837,OT-00755,IEC61850,NO,YES,YES
PLT-08,OT-00831,OT-00783,DNP3,YES,YES,YES
PLT-08,OT-00820,OT-00754,OPC_DA,NO,YES,YES
PLT-08,OT-00811,OT-00785,ModbusTCP,YES,YES,YES
PLT-08,OT-00777,OT-00834,OPC_UA,YES,YES,NO
PLT-08,OT-00800,OT-00775,OPC_UA,YES,NO,NO
PLT-08,OT-00844,OT-00849,IEC104,YES,YES,YES
PLT-08,OT-00756,OT-00832,IEC104,UNKNOWN,YES,YES
PLT-08,OT-00834,OT-00791,VendorSerial,YES,YES,NO
PLT-08,OT-00799,OT-00779,OPC_DA,YES,YES,YES
PLT-08,OT-00811,OT-00780,OPC_DA,NO,YES,NO
PLT-08,OT-00798,OT-00873,IEC104,YES,NO,NO
PLT-08,OT-00835,OT-00766,IEC61850,YES,YES,YES
PLT-08,OT-00878,OT-00760,OPC_UA,YES,YES,YES
PLT-08,OT-00858,OT-00801,ModbusTCP,YES,YES,YES
PLT-08,OT-00757,OT-00847,PROFINET,NO,YES,YES
PLT-08,OT-00783,OT-00805,IEC61850,YES,YES,YES
PLT-08,OT-00815,OT-00870,OPC_UA,YES,YES,NO
PLT-08,OT-00777,OT-00802,PROFIBUS,YES,YES,NO
PLT-08,OT-00874,OT-00803,OPC_DA,YES,YES,YES
PLT-08,OT-00764,OT-00829,IEC61850,YES,YES,NO
PLT-08,OT-00838,OT-00847,IEC61850,YES,YES,YES
PLT-08,OT-00847,OT-00763,OPC_UA,YES,YES,NO
PLT-08,OT-00811,OT-00779,OPC_UA,YES,NO,YES
PLT-08,OT-00771,OT-00853,PROFIBUS,NO,YES,NO
PLT-08,OT-00846,OT-00839,EtherNetIP,YES,YES,NO
PLT-08,OT-00808,OT-00860,ModbusTCP,YES,YES,YES
PLT-08,OT-00857,OT-00824,OPC_DA,YES,YES,YES
PLT-08,OT-00803,OT-00804,IEC104,YES,YES,NO
PLT-08,OT-00768,OT-00789,OPC_DA,YES,YES,YES
PLT-08,OT-00822,OT-00870,PROFINET,YES,YES,NO
PLT-08,OT-00870,OT-00775,OPC_UA,YES,YES,NO
PLT-08,OT-00774,OT-00838,IEC104,YES,YES,NO
PLT-08,OT-00878,OT-00807,ModbusTCP,YES,YES,NO
PLT-08,OT-00782,OT-00780,OPC_DA,NO,YES,YES
PLT-08,OT-00849,OT-00860,PROFIBUS,YES,YES,NO
PLT-08,OT-00789,OT-00811,PROFIBUS,YES,NO,NO
PLT-08,OT-00879,OT-00870,PROFINET,YES,YES,NO
PLT-08,OT-00840,OT-00852,ModbusTCP,YES,YES,YES
PLT-08,OT-00815,OT-00801,PROFIBUS,YES,YES,YES
PLT-08,OT-00852,OT-00859,VendorSerial,YES,YES,YES
PLT-08,OT-00865,OT-00854,VendorSerial,YES,YES,YES
PLT-08,OT-00875,OT-00769,PROFINET,YES,YES,NO
PLT-08,OT-00843,OT-00866,VendorSerial,YES,YES,YES
PLT-08,OT-00814,OT-00783,PROFINET,YES,YES,YES
PLT-08,OT-00802,OT-00822,EtherNetIP,YES,YES,YES
PLT-08,OT-00782,OT-00767,VendorSerial,YES,YES,YES
PLT-08,OT-00868,OT-00778,DNP3,YES,YES,YES
PLT-08,OT-00855,OT-00820,ModbusTCP,YES,YES,YES
PLT-08,OT-00833,OT-00771,ModbusTCP,YES,YES,YES
PLT-08,OT-00772,OT-00866,DNP3,YES,NO,YES
PLT-08,OT-00814,OT-00785,EtherNetIP,YES,YES,NO
PLT-08,OT-00858,OT-00850,IEC61850,NO,YES,YES
PLT-08,OT-00828,OT-00863,PROFINET,YES,YES,YES
PLT-08,OT-00849,OT-00755,ModbusTCP,YES,YES,YES
PLT-08,OT-00876,OT-00772,IEC104,NO,YES,NO
PLT-08,OT-00808,OT-00855,OPC_DA,YES,YES,YES
PLT-08,OT-00775,OT-00851,OPC_UA,NO,NO,YES
PLT-08,OT-00818,OT-00879,IEC104,YES,YES,YES
PLT-08,OT-00850,OT-00861,DNP3,YES,YES,NO
PLT-08,OT-00796,OT-00755,OPC_DA,YES,YES,YES
PLT-08,OT-00802,OT-00877,EtherNetIP,YES,YES,YES
PLT-08,OT-00801,OT-00817,OPC_UA,YES,YES,YES
PLT-08,OT-00769,OT-00776,OPC_UA,YES,YES,YES
PLT-08,OT-00781,OT-00839,DNP3,YES,NO,YES
PLT-08,OT-00798,OT-00800,DNP3,YES,NO,NO
PLT-08,OT-00880,OT-00758,OPC_UA,YES,YES,NO
PLT-08,OT-00780,OT-00815,IEC104,YES,YES,YES
PLT-08,OT-00797,OT-00825,EtherNetIP,YES,YES,NO
PLT-08,OT-00845,OT-00862,IEC61850,YES,YES,YES
PLT-08,OT-00758,OT-00827,PROFIBUS,YES,YES,YES
PLT-08,OT-00824,OT-00879,IEC61850,YES,YES,YES
PLT-08,OT-00846,OT-00769,IEC104,YES,YES,YES
PLT-08,OT-00768,OT-00821,PROFINET,YES,YES,YES
PLT-08,OT-00853,OT-00787,PROFIBUS,YES,YES,YES
PLT-08,OT-00830,OT-00763,PROFIBUS,YES,YES,YES
PLT-08,OT-00865,OT-00791,IEC104,YES,YES,YES
PLT-08,OT-00785,OT-00807,OPC_DA,YES,YES,YES
PLT-09,OT-00958,OT-00913,PROFIBUS,YES,NO,YES
PLT-09,OT-00962,OT-00966,PROFINET,YES,YES,YES
PLT-09,OT-00973,OT-00983,PROFIBUS,NO,YES,YES
PLT-09,OT-00933,OT-00947,OPC_DA,YES,YES,YES
PLT-09,OT-00964,OT-00963,IEC104,YES,YES,YES
PLT-09,OT-00900,OT-00892,PROFIBUS,YES,NO,NO
PLT-09,OT-00892,OT-00948,ModbusTCP,YES,YES,YES
PLT-09,OT-00959,OT-00929,PROFINET,YES,YES,YES
PLT-09,OT-00882,OT-00898,EtherNetIP,YES,YES,YES
PLT-09,OT-00946,OT-00952,IEC104,YES,YES,YES
PLT-09,OT-00912,OT-00947,OPC_DA,YES,YES,NO
PLT-09,OT-00961,OT-00907,IEC61850,YES,NO,YES
PLT-09,OT-00983,OT-00962,VendorSerial,YES,NO,YES
PLT-09,OT-00941,OT-00943,ModbusTCP,YES,YES,YES
PLT-09,OT-00925,OT-00982,IEC61850,YES,NO,YES
PLT-09,OT-00926,OT-00883,IEC104,YES,YES,YES
PLT-09,OT-00882,OT-00965,PROFIBUS,YES,YES,NO
PLT-09,OT-00911,OT-00926,OPC_UA,YES,YES,YES
PLT-09,OT-00978,OT-00911,ModbusTCP,YES,YES,YES
PLT-09,OT-00967,OT-00896,OPC_UA,YES,YES,NO
PLT-09,OT-00913,OT-00886,IEC61850,YES,YES,NO
PLT-09,OT-00955,OT-00956,OPC_DA,UNKNOWN,NO,YES
PLT-09,OT-00954,OT-00973,EtherNetIP,YES,YES,YES
PLT-09,OT-00934,OT-00945,IEC104,YES,YES,YES
PLT-09,OT-00985,OT-00955,PROFIBUS,YES,NO,YES
PLT-09,OT-00939,OT-00881,VendorSerial,YES,YES,YES
PLT-09,OT-00981,OT-00985,OPC_DA,YES,YES,YES
PLT-09,OT-00914,OT-00949,OPC_UA,YES,YES,YES
PLT-09,OT-00908,OT-00917,PROFINET,YES,YES,YES
PLT-09,OT-00980,OT-00924,ModbusTCP,YES,YES,YES
PLT-09,OT-00905,OT-00946,PROFIBUS,YES,YES,NO
PLT-09,OT-00981,OT-00917,ModbusTCP,YES,YES,YES
PLT-09,OT-00929,OT-00891,DNP3,NO,YES,NO
PLT-09,OT-00932,OT-00891,PROFIBUS,NO,NO,YES
PLT-09,OT-00940,OT-00889,DNP3,YES,YES,YES
PLT-09,OT-00964,OT-00955,OPC_UA,YES,YES,YES
PLT-09,OT-00972,OT-00909,EtherNetIP,NO,YES,YES
PLT-09,OT-00977,OT-00886,PROFINET,YES,NO,YES
PLT-09,OT-00921,OT-00963,IEC104,YES,NO,NO
PLT-09,OT-00944,OT-00945,OPC_DA,YES,YES,YES
PLT-09,OT-00909,OT-00973,OPC_DA,NO,YES,YES
PLT-09,OT-00923,OT-00970,EtherNetIP,YES,YES,YES
PLT-09,OT-00983,OT-00898,VendorSerial,YES,YES,NO
PLT-09,OT-00982,OT-00919,DNP3,YES,NO,YES
PLT-09,OT-00901,OT-00975,IEC61850,YES,YES,YES
PLT-09,OT-00882,OT-00966,IEC61850,YES,YES,NO
PLT-09,OT-00933,OT-00886,IEC61850,YES,YES,YES
PLT-09,OT-00949,OT-00914,VendorSerial,YES,YES,YES
PLT-09,OT-00966,OT-00893,PROFINET,YES,NO,NO
PLT-09,OT-00932,OT-00960,OPC_DA,YES,YES,YES
PLT-09,OT-00897,OT-00904,VendorSerial,YES,YES,YES
PLT-09,OT-00928,OT-00911,IEC61850,YES,NO,NO
PLT-09,OT-00887,OT-00977,ModbusTCP,YES,NO,NO
PLT-09,OT-00897,OT-00942,DNP3,UNKNOWN,YES,NO
PLT-09,OT-00962,OT-00897,IEC104,UNKNOWN,YES,YES
PLT-09,OT-00895,OT-00916,EtherNetIP,NO,YES,YES
PLT-09,OT-00895,OT-00977,IEC61850,YES,YES,YES
PLT-09,OT-00950,OT-00982,OPC_UA,YES,YES,YES
PLT-09,OT-00978,OT-00908,IEC104,NO,NO,NO
PLT-09,OT-00929,OT-00952,DNP3,YES,NO,YES
PLT-09,OT-00890,OT-00947,PROFIBUS,YES,YES,YES
PLT-09,OT-00917,OT-00894,VendorSerial,YES,YES,YES
PLT-09,OT-00926,OT-00974,OPC_DA,YES,YES,NO
PLT-09,OT-00906,OT-00898,DNP3,YES,YES,YES
PLT-09,OT-00975,OT-00915,IEC61850,YES,YES,YES
PLT-09,OT-00900,OT-00926,PROFINET,YES,YES,YES
PLT-09,OT-00922,OT-00943,OPC_DA,YES,YES,YES
PLT-09,OT-00909,OT-00896,PROFIBUS,YES,YES,YES
PLT-09,OT-00933,OT-00897,EtherNetIP,YES,NO,NO
PLT-09,OT-00985,OT-00954,PROFIBUS,YES,YES,YES
PLT-09,OT-00925,OT-00981,PROFIBUS,YES,YES,YES
PLT-09,OT-00973,OT-00986,IEC61850,YES,YES,YES
PLT-09,OT-00946,OT-00900,PROFINET,YES,YES,YES
PLT-09,OT-00985,OT-00895,PROFIBUS,YES,YES,YES
PLT-09,OT-00941,OT-00927,IEC61850,YES,YES,YES
PLT-09,OT-00886,OT-00897,IEC104,YES,YES,YES
PLT-09,OT-00979,OT-00949,PROFIBUS,YES,YES,YES
PLT-09,OT-00913,OT-00961,OPC_UA,YES,YES,YES
PLT-09,OT-00886,OT-00894,OPC_DA,NO,YES,YES
PLT-09,OT-00972,OT-00893,IEC104,YES,YES,NO
PLT-09,OT-00908,OT-00900,ModbusTCP,YES,YES,NO
PLT-09,OT-00956,OT-00897,ModbusTCP,YES,YES,YES
PLT-09,OT-00935,OT-00909,PROFINET,YES,YES,YES
PLT-09,OT-00913,OT-00896,PROFIBUS,YES,YES,YES
PLT-09,OT-00926,OT-00985,OPC_UA,YES,YES,NO
PLT-09,OT-00900,OT-00904,OPC_UA,YES,YES,NO
PLT-09,OT-00929,OT-00918,ModbusTCP,YES,YES,YES
PLT-09,OT-00980,OT-00959,PROFINET,YES,YES,YES
PLT-09,OT-00896,OT-00956,DNP3,UNKNOWN,YES,NO
PLT-09,OT-00896,OT-00951,EtherNetIP,YES,YES,YES
PLT-09,OT-00910,OT-00923,PROFIBUS,NO,YES,YES
PLT-09,OT-00913,OT-00945,OPC_UA,YES,YES,NO
PLT-09,OT-00950,OT-00942,OPC_UA,YES,NO,NO
PLT-09,OT-00938,OT-00981,OPC_UA,YES,YES,YES
PLT-09,OT-00912,OT-00956,EtherNetIP,YES,YES,YES
PLT-09,OT-00905,OT-00896,VendorSerial,YES,NO,NO
PLT-09,OT-00892,OT-00961,ModbusTCP,YES,YES,YES
PLT-09,OT-00956,OT-00959,IEC104,YES,YES,YES
PLT-09,OT-00888,OT-00954,EtherNetIP,UNKNOWN,NO,YES
PLT-09,OT-00948,OT-00967,OPC_UA,YES,YES,NO
PLT-09,OT-00955,OT-00901,EtherNetIP,YES,YES,YES
PLT-09,OT-00920,OT-00970,PROFIBUS,YES,YES,YES
PLT-09,OT-00908,OT-00882,DNP3,YES,YES,YES
PLT-09,OT-00954,OT-00933,EtherNetIP,YES,YES,YES
PLT-09,OT-00893,OT-00905,VendorSerial,YES,YES,YES
PLT-09,OT-00931,OT-00915,DNP3,YES,YES,YES
PLT-09,OT-00885,OT-00967,DNP3,YES,YES,NO
PLT-09,OT-00981,OT-00985,EtherNetIP,YES,YES,YES
PLT-09,OT-00927,OT-00953,OPC_DA,YES,YES,YES
PLT-09,OT-00982,OT-00897,VendorSerial,YES,YES,YES
PLT-09,OT-00943,OT-00958,IEC104,YES,YES,YES
PLT-09,OT-00977,OT-00891,IEC104,YES,YES,YES
PLT-09,OT-00961,OT-00897,DNP3,YES,YES,YES
PLT-09,OT-00963,OT-00976,PROFINET,YES,YES,YES
PLT-09,OT-00977,OT-00911,EtherNetIP,YES,YES,YES
PLT-09,OT-00909,OT-00947,EtherNetIP,YES,YES,NO
PLT-09,OT-00961,OT-00914,OPC_DA,YES,YES,YES
PLT-09,OT-00942,OT-00945,PROFIBUS,YES,YES,NO
PLT-09,OT-00929,OT-00932,DNP3,YES,YES,YES
PLT-09,OT-00970,OT-00881,OPC_DA,YES,YES,YES
PLT-09,OT-00892,OT-00941,IEC104,NO,YES,YES
PLT-09,OT-00937,OT-00889,PROFINET,YES,YES,NO
PLT-09,OT-00985,OT-00978,ModbusTCP,NO,YES,YES
PLT-09,OT-00890,OT-00923,DNP3,YES,YES,YES
PLT-09,OT-00966,OT-00923,PROFIBUS,YES,YES,NO
PLT-09,OT-00917,OT-00970,DNP3,YES,YES,NO
PLT-09,OT-00961,OT-00882,DNP3,YES,YES,YES
PLT-09,OT-00973,OT-00899,ModbusTCP,YES,NO,NO
PLT-09,OT-00882,OT-00952,OPC_UA,YES,YES,YES
PLT-09,OT-00939,OT-00909,IEC104,YES,YES,NO
PLT-09,OT-00885,OT-00925,PROFINET,YES,YES,NO
PLT-09,OT-00926,OT-00935,ModbusTCP,YES,NO,YES
PLT-09,OT-00974,OT-00939,PROFINET,YES,YES,YES
PLT-09,OT-00950,OT-00975,EtherNetIP,YES,YES,YES
PLT-09,OT-00951,OT-00968,OPC_UA,YES,YES,YES
PLT-09,OT-00943,OT-00978,IEC61850,YES,YES,NO
PLT-09,OT-00931,OT-00986,IEC61850,YES,YES,YES
PLT-09,OT-00984,OT-00978,VendorSerial,YES,YES,YES
PLT-09,OT-00953,OT-00901,DNP3,YES,NO,YES
PLT-09,OT-00942,OT-00941,OPC_UA,YES,YES,YES
PLT-09,OT-00932,OT-00891,PROFIBUS,YES,YES,YES
PLT-09,OT-00983,OT-00926,EtherNetIP,YES,NO,YES
PLT-09,OT-00937,OT-00983,DNP3,UNKNOWN,YES,YES
PLT-09,OT-00915,OT-00925,IEC61850,YES,YES,YES
PLT-09,OT-00889,OT-00931,VendorSerial,YES,YES,NO
PLT-09,OT-00903,OT-00965,VendorSerial,YES,YES,NO
PLT-09,OT-00894,OT-00951,OPC_UA,UNKNOWN,YES,YES
PLT-09,OT-00973,OT-00901,EtherNetIP,YES,YES,NO
PLT-09,OT-00897,OT-00909,DNP3,YES,YES,YES
PLT-09,OT-00919,OT-00931,DNP3,YES,YES,YES
PLT-09,OT-00889,OT-00959,IEC61850,YES,YES,YES
PLT-09,OT-00950,OT-00952,OPC_UA,NO,YES,NO
PLT-09,OT-00953,OT-00933,ModbusTCP,YES,NO,YES
PLT-09,OT-00962,OT-00984,PROFIBUS,YES,NO,YES
PLT-09,OT-00913,OT-00950,OPC_UA,YES,YES,YES
PLT-09,OT-00887,OT-00958,DNP3,YES,NO,NO
PLT-09,OT-00896,OT-00953,IEC104,YES,YES,YES
PLT-09,OT-00960,OT-00922,DNP3,YES,NO,YES
PLT-09,OT-00964,OT-00925,IEC61850,YES,YES,YES
PLT-09,OT-00905,OT-00914,EtherNetIP,YES,NO,NO
PLT-09,OT-00971,OT-00905,PROFIBUS,YES,YES,YES
PLT-09,OT-00954,OT-00983,OPC_DA,YES,YES,YES
PLT-09,OT-00919,OT-00959,VendorSerial,YES,YES,NO
PLT-09,OT-00925,OT-00948,IEC61850,YES,NO,NO
PLT-09,OT-00891,OT-00881,IEC61850,YES,YES,YES
PLT-09,OT-00973,OT-00886,IEC61850,YES,YES,YES
PLT-09,OT-00938,OT-00985,ModbusTCP,YES,YES,NO
PLT-09,OT-00907,OT-00960,PROFINET,YES,YES,YES
PLT-09,OT-00900,OT-00918,VendorSerial,YES,YES,YES
PLT-09,OT-00917,OT-00986,OPC_DA,YES,YES,YES
PLT-09,OT-00954,OT-00892,ModbusTCP,YES,YES,YES
PLT-09,OT-00909,OT-00922,IEC104,YES,YES,YES
PLT-09,OT-00917,OT-00932,OPC_DA,YES,YES,YES
PLT-09,OT-00950,OT-00952,PROFINET,YES,YES,YES
PLT-09,OT-00933,OT-00895,OPC_UA,YES,YES,NO
PLT-09,OT-00921,OT-00941,PROFINET,YES,YES,YES
PLT-09,OT-00919,OT-00912,ModbusTCP,YES,YES,YES
PLT-09,OT-00938,OT-00917,ModbusTCP,YES,YES,NO
PLT-09,OT-00952,OT-00885,ModbusTCP,YES,YES,YES
PLT-09,OT-00969,OT-00915,PROFINET,YES,YES,YES
PLT-09,OT-00964,OT-00904,IEC61850,YES,NO,YES
PLT-09,OT-00929,OT-00946,OPC_UA,NO,YES,NO
PLT-09,OT-00898,OT-00955,EtherNetIP,YES,NO,YES
PLT-09,OT-00940,OT-00961,EtherNetIP,YES,NO,YES
PLT-09,OT-00903,OT-00891,OPC_DA,YES,YES,YES
PLT-09,OT-00927,OT-00905,OPC_DA,YES,YES,YES
PLT-09,OT-00919,OT-00942,OPC_UA,YES,NO,YES
PLT-09,OT-00974,OT-00980,ModbusTCP,YES,YES,YES
PLT-09,OT-00949,OT-00924,OPC_DA,YES,YES,NO
PLT-09,OT-00901,OT-00934,DNP3,YES,YES,YES
PLT-09,OT-00895,OT-00913,PROFIBUS,UNKNOWN,YES,YES
PLT-09,OT-00977,OT-00979,VendorSerial,YES,YES,YES
PLT-09,OT-00934,OT-00908,IEC61850,UNKNOWN,YES,NO
PLT-09,OT-00962,OT-00909,EtherNetIP,YES,YES,YES
PLT-09,OT-00899,OT-00964,EtherNetIP,YES,NO,NO
PLT-09,OT-00913,OT-00919,OPC_UA,YES,NO,NO
PLT-09,OT-00914,OT-00939,ModbusTCP,YES,YES,YES
PLT-09,OT-00891,OT-00903,ModbusTCP,NO,NO,YES
PLT-09,OT-00925,OT-00968,ModbusTCP,YES,YES,NO
PLT-09,OT-00930,OT-00943,IEC61850,YES,YES,YES
PLT-09,OT-00914,OT-00950,ModbusTCP,NO,YES,NO
PLT-09,OT-00930,OT-00891,EtherNetIP,YES,NO,YES
PLT-09,OT-00885,OT-00976,OPC_DA,UNKNOWN,YES,YES
PLT-09,OT-00969,OT-00899,EtherNetIP,YES,NO,NO
PLT-09,OT-00887,OT-00942,DNP3,YES,YES,NO
PLT-09,OT-00952,OT-00954,OPC_DA,YES,YES,YES
PLT-09,OT-00969,OT-00947,OPC_UA,YES,NO,NO
PLT-09,OT-00963,OT-00900,OPC_UA,YES,YES,NO
PLT-09,OT-00955,OT-00965,VendorSerial,YES,YES,YES
PLT-09,OT-00965,OT-00975,IEC61850,UNKNOWN,YES,YES
PLT-10,OT-00990,OT-01010,PROFIBUS,YES,YES,YES
PLT-10,OT-01053,OT-01097,IEC104,YES,YES,NO
PLT-10,OT-01089,OT-00999,ModbusTCP,YES,YES,YES
PLT-10,OT-01100,OT-01048,PROFIBUS,YES,YES,NO
PLT-10,OT-01097,OT-01020,EtherNetIP,YES,NO,YES
PLT-10,OT-01066,OT-01030,PROFINET,YES,NO,NO
PLT-10,OT-01053,OT-00998,OPC_UA,YES,NO,YES
PLT-10,OT-01071,OT-01022,ModbusTCP,YES,YES,YES
PLT-10,OT-01080,OT-00988,OPC_DA,YES,YES,YES
PLT-10,OT-01079,OT-01000,PROFINET,NO,NO,YES
PLT-10,OT-01102,OT-01020,EtherNetIP,YES,YES,YES
PLT-10,OT-01022,OT-00996,DNP3,YES,YES,YES
PLT-10,OT-01015,OT-01065,ModbusTCP,YES,YES,YES
PLT-10,OT-01082,OT-01016,OPC_UA,YES,YES,NO
PLT-10,OT-01007,OT-01023,OPC_DA,UNKNOWN,YES,YES
PLT-10,OT-01015,OT-01043,DNP3,NO,YES,YES
PLT-10,OT-01051,OT-01043,PROFIBUS,YES,YES,YES
PLT-10,OT-01071,OT-01072,PROFIBUS,YES,YES,YES
PLT-10,OT-00988,OT-01009,OPC_UA,YES,YES,YES
PLT-10,OT-01063,OT-01003,VendorSerial,YES,YES,YES
PLT-10,OT-01012,OT-01079,OPC_DA,YES,YES,YES
PLT-10,OT-01012,OT-01101,PROFINET,YES,YES,YES
PLT-10,OT-01080,OT-01047,IEC104,YES,YES,YES
PLT-10,OT-01045,OT-00987,IEC61850,YES,YES,NO
PLT-10,OT-01001,OT-01044,OPC_UA,YES,YES,YES
PLT-10,OT-01002,OT-01082,PROFINET,YES,YES,YES
PLT-10,OT-01101,OT-00991,IEC104,NO,YES,YES
PLT-10,OT-01072,OT-01025,EtherNetIP,YES,YES,YES
PLT-10,OT-01091,OT-01075,ModbusTCP,YES,YES,YES
PLT-10,OT-01049,OT-01067,IEC61850,YES,YES,NO
PLT-10,OT-01095,OT-01065,EtherNetIP,YES,YES,YES
PLT-10,OT-01099,OT-01053,DNP3,YES,NO,YES
PLT-10,OT-01027,OT-00993,ModbusTCP,YES,YES,YES
PLT-10,OT-01088,OT-01017,DNP3,NO,YES,YES
PLT-10,OT-01067,OT-01097,VendorSerial,YES,YES,YES
PLT-10,OT-01068,OT-01011,OPC_UA,YES,YES,YES
PLT-10,OT-01078,OT-01011,ModbusTCP,YES,NO,NO
PLT-10,OT-01079,OT-01089,DNP3,YES,YES,YES
PLT-10,OT-01096,OT-01062,OPC_DA,YES,NO,NO
PLT-10,OT-01035,OT-01060,VendorSerial,NO,YES,NO
PLT-10,OT-00996,OT-01000,ModbusTCP,YES,YES,YES
PLT-10,OT-00996,OT-01020,IEC104,UNKNOWN,NO,NO
PLT-10,OT-01053,OT-01079,OPC_UA,YES,NO,YES
PLT-10,OT-01075,OT-01093,PROFIBUS,YES,YES,NO
PLT-10,OT-01043,OT-01036,OPC_DA,YES,YES,YES
PLT-10,OT-01028,OT-01026,VendorSerial,YES,YES,NO
PLT-10,OT-01012,OT-01101,OPC_UA,YES,YES,NO
PLT-10,OT-00994,OT-01069,IEC61850,UNKNOWN,YES,YES
PLT-10,OT-01087,OT-01068,ModbusTCP,YES,YES,YES
PLT-10,OT-01050,OT-01076,OPC_DA,YES,YES,NO
PLT-10,OT-01059,OT-01062,ModbusTCP,NO,NO,YES
PLT-10,OT-00996,OT-01078,OPC_DA,YES,YES,YES
PLT-10,OT-01004,OT-01066,ModbusTCP,UNKNOWN,YES,YES
PLT-10,OT-01044,OT-01076,IEC104,YES,YES,YES
PLT-10,OT-01027,OT-01059,IEC61850,YES,YES,YES
PLT-10,OT-01036,OT-01058,OPC_DA,YES,YES,YES
PLT-10,OT-01100,OT-01090,IEC61850,UNKNOWN,YES,YES
PLT-10,OT-01000,OT-01077,OPC_UA,YES,YES,NO
PLT-10,OT-00993,OT-01076,ModbusTCP,NO,YES,YES
PLT-10,OT-00988,OT-01063,PROFINET,YES,YES,NO
PLT-10,OT-01047,OT-01017,VendorSerial,UNKNOWN,YES,YES
PLT-10,OT-01026,OT-01031,EtherNetIP,YES,NO,NO
PLT-10,OT-01039,OT-01096,PROFIBUS,YES,YES,YES
PLT-10,OT-01030,OT-01072,OPC_UA,YES,YES,YES
PLT-10,OT-01018,OT-01037,VendorSerial,YES,YES,NO
PLT-10,OT-00988,OT-01056,EtherNetIP,YES,YES,YES
PLT-10,OT-01017,OT-00992,OPC_UA,YES,YES,NO
PLT-10,OT-01051,OT-00997,EtherNetIP,YES,YES,YES
PLT-10,OT-01078,OT-01028,EtherNetIP,YES,YES,NO
PLT-10,OT-01037,OT-01055,PROFINET,YES,YES,NO
PLT-10,OT-01073,OT-01097,OPC_UA,YES,NO,YES
PLT-10,OT-01076,OT-00998,PROFIBUS,YES,NO,YES
PLT-10,OT-01061,OT-01052,DNP3,YES,YES,NO
PLT-10,OT-01088,OT-01058,VendorSerial,YES,YES,YES
PLT-10,OT-01054,OT-01059,IEC61850,YES,YES,YES
PLT-10,OT-01063,OT-01050,VendorSerial,YES,NO,YES
PLT-10,OT-01099,OT-01091,DNP3,YES,YES,YES
PLT-10,OT-01062,OT-01056,PROFINET,YES,YES,YES
PLT-10,OT-01038,OT-01051,IEC61850,YES,YES,YES
PLT-10,OT-01035,OT-00992,DNP3,YES,YES,YES
PLT-10,OT-01083,OT-01004,PROFINET,YES,YES,YES
PLT-10,OT-00993,OT-01033,PROFINET,YES,NO,NO
PLT-10,OT-01004,OT-01094,PROFIBUS,YES,YES,YES
PLT-10,OT-01051,OT-01101,DNP3,YES,YES,YES
PLT-10,OT-01026,OT-01021,IEC61850,NO,YES,NO
PLT-10,OT-01001,OT-01080,PROFINET,UNKNOWN,YES,NO
PLT-10,OT-01060,OT-00988,OPC_UA,YES,YES,YES
PLT-10,OT-01033,OT-01052,PROFIBUS,YES,YES,YES
PLT-10,OT-01068,OT-01088,OPC_UA,YES,YES,YES
PLT-10,OT-00991,OT-01011,OPC_DA,YES,YES,NO
PLT-10,OT-01062,OT-01067,PROFIBUS,YES,NO,YES
PLT-10,OT-01054,OT-01095,ModbusTCP,YES,YES,NO
PLT-10,OT-01060,OT-01072,IEC61850,YES,YES,YES
PLT-10,OT-01062,OT-01021,IEC104,YES,NO,NO
PLT-10,OT-00991,OT-01007,PROFINET,NO,YES,NO
PLT-10,OT-01013,OT-01066,DNP3,YES,YES,YES
PLT-10,OT-01092,OT-01008,OPC_UA,YES,YES,YES
PLT-10,OT-01062,OT-01036,OPC_DA,YES,YES,NO
PLT-10,OT-01012,OT-01072,EtherNetIP,YES,YES,YES
PLT-10,OT-01058,OT-01046,VendorSerial,YES,YES,YES
PLT-10,OT-01059,OT-01043,PROFINET,YES,YES,YES
PLT-10,OT-01008,OT-01006,OPC_DA,YES,YES,YES
PLT-10,OT-01004,OT-01052,IEC104,YES,YES,YES
PLT-10,OT-01053,OT-01083,PROFIBUS,YES,NO,YES
PLT-10,OT-01043,OT-01098,IEC104,YES,NO,YES
PLT-10,OT-01102,OT-01032,OPC_UA,YES,YES,NO
PLT-10,OT-01032,OT-01087,IEC61850,YES,YES,YES
PLT-10,OT-01094,OT-01015,OPC_DA,YES,YES,NO
PLT-10,OT-00987,OT-01052,DNP3,YES,YES,YES
PLT-10,OT-01055,OT-01007,OPC_DA,YES,YES,NO
PLT-10,OT-01027,OT-01007,VendorSerial,UNKNOWN,YES,NO
PLT-10,OT-01063,OT-01089,ModbusTCP,YES,YES,YES
PLT-10,OT-01014,OT-01093,EtherNetIP,YES,YES,YES
PLT-10,OT-01100,OT-01028,OPC_DA,YES,YES,YES
PLT-10,OT-01033,OT-01027,VendorSerial,UNKNOWN,YES,YES
PLT-10,OT-01008,OT-01004,VendorSerial,NO,NO,YES
PLT-10,OT-01008,OT-01011,PROFIBUS,YES,NO,YES
PLT-10,OT-01062,OT-01096,OPC_UA,YES,YES,YES
PLT-10,OT-01039,OT-01048,OPC_UA,YES,YES,NO
PLT-10,OT-01039,OT-01059,PROFIBUS,YES,NO,NO
PLT-10,OT-01090,OT-01031,EtherNetIP,YES,YES,YES
PLT-10,OT-01079,OT-01056,OPC_UA,YES,NO,YES
PLT-10,OT-01068,OT-01007,OPC_UA,YES,YES,YES
PLT-10,OT-01048,OT-01073,DNP3,YES,YES,NO
PLT-10,OT-01084,OT-01025,OPC_UA,YES,NO,YES
PLT-10,OT-01086,OT-01061,PROFINET,YES,YES,YES
PLT-10,OT-01067,OT-01027,OPC_UA,YES,YES,YES
PLT-10,OT-01019,OT-01083,VendorSerial,YES,NO,YES
PLT-10,OT-01091,OT-01048,IEC104,YES,YES,YES
PLT-10,OT-01034,OT-01066,PROFINET,YES,YES,YES
PLT-10,OT-01046,OT-01012,OPC_UA,YES,YES,YES
PLT-10,OT-01015,OT-01075,IEC61850,YES,NO,YES
PLT-10,OT-01006,OT-01034,IEC61850,YES,YES,NO
PLT-10,OT-01091,OT-01072,ModbusTCP,YES,YES,YES
PLT-10,OT-01084,OT-00994,IEC104,UNKNOWN,NO,YES
PLT-10,OT-01076,OT-01061,OPC_UA,UNKNOWN,YES,YES
PLT-10,OT-01081,OT-01020,ModbusTCP,YES,YES,NO
PLT-10,OT-01099,OT-01094,DNP3,YES,YES,YES
PLT-10,OT-01050,OT-01036,DNP3,YES,YES,YES
PLT-10,OT-01083,OT-01033,PROFINET,YES,YES,YES
PLT-10,OT-01054,OT-01020,IEC104,YES,YES,NO
PLT-10,OT-00997,OT-01010,PROFIBUS,YES,YES,YES
PLT-10,OT-01023,OT-00998,ModbusTCP,YES,YES,NO
PLT-10,OT-01007,OT-01013,OPC_DA,YES,YES,YES
PLT-10,OT-01089,OT-00995,VendorSerial,YES,YES,NO
PLT-10,OT-01000,OT-01093,EtherNetIP,YES,YES,YES
PLT-10,OT-01102,OT-01043,ModbusTCP,YES,YES,YES
PLT-10,OT-01056,OT-01000,VendorSerial,YES,YES,YES
PLT-10,OT-00993,OT-01083,VendorSerial,YES,YES,YES
PLT-10,OT-01070,OT-01036,ModbusTCP,YES,NO,NO
PLT-10,OT-01060,OT-01073,PROFINET,YES,NO,YES
PLT-10,OT-01023,OT-01045,IEC61850,YES,NO,YES
PLT-10,OT-01078,OT-01044,DNP3,YES,YES,YES
PLT-10,OT-01066,OT-01065,PROFINET,YES,YES,YES
PLT-10,OT-01024,OT-01038,VendorSerial,YES,YES,NO
PLT-10,OT-01022,OT-01077,DNP3,YES,YES,YES
PLT-10,OT-01024,OT-01080,EtherNetIP,YES,YES,YES
PLT-10,OT-01092,OT-01004,DNP3,YES,NO,YES
PLT-10,OT-01064,OT-01081,PROFINET,YES,NO,YES
PLT-10,OT-01065,OT-01001,IEC61850,YES,YES,NO
PLT-10,OT-01056,OT-01084,OPC_DA,YES,YES,NO
PLT-10,OT-01022,OT-01006,IEC61850,NO,YES,YES
PLT-10,OT-01024,OT-01004,EtherNetIP,YES,YES,NO
PLT-10,OT-01088,OT-01065,PROFIBUS,YES,YES,YES
PLT-10,OT-01034,OT-01098,OPC_UA,YES,YES,YES
PLT-10,OT-01038,OT-01030,PROFIBUS,YES,NO,YES
PLT-10,OT-01094,OT-01029,ModbusTCP,YES,NO,NO
PLT-10,OT-01079,OT-01103,IEC104,YES,YES,YES
PLT-10,OT-01100,OT-01078,DNP3,YES,YES,YES
PLT-10,OT-01096,OT-00998,ModbusTCP,YES,YES,YES
PLT-10,OT-01077,OT-01035,ModbusTCP,YES,YES,YES
PLT-10,OT-00997,OT-01101,IEC61850,YES,YES,NO
PLT-10,OT-01029,OT-01089,VendorSerial,YES,YES,YES
PLT-10,OT-01015,OT-01081,IEC61850,YES,YES,YES
PLT-10,OT-01028,OT-01071,ModbusTCP,YES,YES,NO
PLT-10,OT-01041,OT-01063,IEC104,YES,YES,NO
PLT-10,OT-00991,OT-01033,IEC104,YES,YES,YES
PLT-10,OT-01086,OT-01051,OPC_UA,YES,YES,NO
PLT-10,OT-01053,OT-01022,OPC_DA,YES,NO,NO
PLT-10,OT-01022,OT-01077,VendorSerial,YES,YES,YES
PLT-10,OT-01054,OT-01030,ModbusTCP,YES,NO,YES
PLT-10,OT-01065,OT-01071,ModbusTCP,YES,YES,YES
PLT-10,OT-01050,OT-01045,ModbusTCP,YES,YES,YES
PLT-10,OT-01041,OT-00989,EtherNetIP,YES,YES,YES
PLT-10,OT-01025,OT-01063,VendorSerial,YES,NO,NO
PLT-10,OT-01012,OT-01058,DNP3,YES,YES,YES
PLT-10,OT-01035,OT-01063,IEC104,YES,YES,YES
PLT-10,OT-01066,OT-01037,IEC61850,YES,YES,YES
PLT-10,OT-01001,OT-01085,IEC61850,YES,YES,YES
PLT-10,OT-01092,OT-01076,PROFIBUS,YES,YES,NO
PLT-10,OT-01032,OT-01022,ModbusTCP,YES,YES,YES
PLT-10,OT-01092,OT-01080,EtherNetIP,NO,YES,YES
PLT-10,OT-00991,OT-01101,DNP3,YES,YES,YES
PLT-10,OT-01030,OT-01031,OPC_UA,UNKNOWN,YES,YES
PLT-10,OT-01007,OT-01040,OPC_DA,YES,YES,NO
PLT-10,OT-01043,OT-01075,PROFINET,YES,YES,YES
PLT-10,OT-01040,OT-01069,IEC104,UNKNOWN,NO,YES
PLT-10,OT-01051,OT-01004,OPC_UA,YES,YES,YES
PLT-10,OT-01094,OT-01084,PROFINET,YES,YES,YES
PLT-10,OT-01050,OT-01030,ModbusTCP,YES,YES,YES
PLT-10,OT-01073,OT-01033,OPC_UA,YES,NO,YES
PLT-10,OT-01065,OT-01041,OPC_DA,YES,YES,YES
PLT-10,OT-00993,OT-01058,DNP3,YES,YES,YES
PLT-10,OT-01063,OT-01055,IEC104,YES,YES,YES
PLT-10,OT-01023,OT-01016,IEC61850,YES,YES,YES
PLT-10,OT-01064,OT-01069,DNP3,YES,YES,YES
PLT-10,OT-01041,OT-01009,DNP3,YES,YES,YES
PLT-10,OT-01022,OT-01080,OPC_UA,YES,NO,NO
PLT-10,OT-01021,OT-01050,ModbusTCP,YES,YES,YES
PLT-10,OT-01099,OT-01050,EtherNetIP,YES,YES,NO
PLT-11,OT-01104,OT-01178,EtherNetIP,YES,YES,YES
PLT-11,OT-01104,OT-01148,IEC104,YES,YES,YES
PLT-11,OT-01199,OT-01170,IEC104,YES,NO,YES
PLT-11,OT-01120,OT-01159,DNP3,NO,NO,NO
PLT-11,OT-01178,OT-01123,DNP3,YES,YES,YES
PLT-11,OT-01171,OT-01172,PROFIBUS,YES,NO,YES
PLT-11,OT-01204,OT-01202,PROFIBUS,YES,YES,NO
PLT-11,OT-01131,OT-01104,OPC_DA,YES,YES,NO
PLT-11,OT-01181,OT-01130,VendorSerial,YES,YES,YES
PLT-11,OT-01204,OT-01155,VendorSerial,YES,YES,YES
PLT-11,OT-01156,OT-01159,IEC104,YES,YES,YES
PLT-11,OT-01143,OT-01150,PROFINET,YES,YES,YES
PLT-11,OT-01165,OT-01180,IEC104,YES,YES,YES
PLT-11,OT-01181,OT-01104,DNP3,YES,NO,YES
PLT-11,OT-01129,OT-01182,PROFIBUS,YES,YES,YES
PLT-11,OT-01143,OT-01137,PROFINET,YES,YES,NO
PLT-11,OT-01124,OT-01160,PROFIBUS,YES,YES,YES
PLT-11,OT-01192,OT-01108,IEC104,YES,YES,YES
PLT-11,OT-01168,OT-01167,OPC_DA,YES,YES,YES
PLT-11,OT-01191,OT-01192,IEC61850,UNKNOWN,NO,YES
PLT-11,OT-01128,OT-01143,IEC61850,YES,YES,YES
PLT-11,OT-01165,OT-01108,IEC104,YES,YES,NO
PLT-11,OT-01203,OT-01201,DNP3,YES,YES,YES
PLT-11,OT-01114,OT-01160,VendorSerial,YES,YES,YES
PLT-11,OT-01175,OT-01144,ModbusTCP,YES,NO,NO
PLT-11,OT-01154,OT-01137,PROFINET,YES,YES,YES
PLT-11,OT-01114,OT-01173,DNP3,YES,YES,YES
PLT-11,OT-01192,OT-01205,PROFINET,YES,NO,YES
PLT-11,OT-01157,OT-01188,PROFIBUS,YES,YES,NO
PLT-11,OT-01111,OT-01131,DNP3,YES,YES,YES
PLT-11,OT-01153,OT-01187,VendorSerial,YES,NO,NO
PLT-11,OT-01116,OT-01175,IEC61850,YES,NO,NO
PLT-11,OT-01185,OT-01132,ModbusTCP,NO,YES,YES
PLT-11,OT-01107,OT-01194,VendorSerial,YES,YES,YES
PLT-11,OT-01125,OT-01134,OPC_UA,YES,YES,YES
PLT-11,OT-01176,OT-01200,OPC_UA,YES,YES,YES
PLT-11,OT-01145,OT-01155,IEC61850,YES,YES,YES
PLT-11,OT-01159,OT-01112,IEC61850,UNKNOWN,YES,NO
PLT-11,OT-01194,OT-01152,PROFIBUS,UNKNOWN,YES,YES
PLT-11,OT-01196,OT-01129,PROFINET,YES,YES,YES
PLT-11,OT-01192,OT-01198,IEC104,YES,YES,NO
PLT-11,OT-01162,OT-01141,VendorSerial,UNKNOWN,YES,YES
PLT-11,OT-01108,OT-01117,PROFINET,YES,NO,YES
PLT-11,OT-01147,OT-01185,PROFIBUS,YES,YES,YES
PLT-11,OT-01146,OT-01192,VendorSerial,YES,YES,YES
PLT-11,OT-01166,OT-01193,EtherNetIP,YES,YES,NO
PLT-11,OT-01141,OT-01124,EtherNetIP,YES,YES,YES
PLT-11,OT-01108,OT-01140,PROFIBUS,YES,YES,NO
PLT-11,OT-01161,OT-01132,EtherNetIP,YES,YES,YES
PLT-11,OT-01143,OT-01121,EtherNetIP,YES,YES,NO
PLT-11,OT-01162,OT-01164,ModbusTCP,YES,YES,YES
PLT-11,OT-01116,OT-01133,PROFINET,YES,YES,NO
PLT-11,OT-01132,OT-01174,OPC_UA,NO,YES,NO
PLT-11,OT-01107,OT-01130,IEC61850,YES,YES,YES
PLT-11,OT-01105,OT-01132,VendorSerial,YES,NO,NO
PLT-11,OT-01170,OT-01187,ModbusTCP,YES,YES,YES
PLT-11,OT-01204,OT-01135,VendorSerial,YES,YES,YES
PLT-11,OT-01156,OT-01117,PROFINET,YES,YES,YES
PLT-11,OT-01186,OT-01105,IEC104,YES,YES,YES
PLT-11,OT-01133,OT-01176,ModbusTCP,YES,YES,YES
PLT-11,OT-01194,OT-01171,ModbusTCP,YES,YES,NO
PLT-11,OT-01196,OT-01175,PROFINET,YES,NO,YES
PLT-11,OT-01166,OT-01165,EtherNetIP,YES,YES,NO
PLT-11,OT-01180,OT-01155,VendorSerial,YES,YES,NO
PLT-11,OT-01163,OT-01118,ModbusTCP,YES,NO,YES
PLT-11,OT-01148,OT-01106,OPC_DA,YES,YES,NO
PLT-11,OT-01190,OT-01154,PROFINET,YES,YES,YES
PLT-11,OT-01204,OT-01155,DNP3,YES,NO,YES
PLT-11,OT-01165,OT-01166,OPC_DA,YES,YES,YES
PLT-11,OT-01109,OT-01204,OPC_UA,NO,YES,YES
PLT-11,OT-01176,OT-01120,PROFINET,YES,YES,YES
PLT-11,OT-01141,OT-01124,PROFIBUS,YES,YES,YES
PLT-11,OT-01203,OT-01196,OPC_UA,YES,NO,YES
PLT-11,OT-01116,OT-01135,ModbusTCP,YES,NO,YES
PLT-11,OT-01191,OT-01197,PROFINET,YES,YES,YES
PLT-11,OT-01194,OT-01130,DNP3,YES,YES,YES
PLT-11,OT-01147,OT-01131,OPC_UA,YES,NO,YES
PLT-11,OT-01127,OT-01104,OPC_DA,YES,YES,YES
PLT-11,OT-01160,OT-01196,PROFINET,YES,YES,YES
PLT-11,OT-01182,OT-01110,ModbusTCP,NO,YES,YES
PLT-11,OT-01191,OT-01171,PROFIBUS,YES,YES,NO
PLT-11,OT-01181,OT-01172,IEC61850,YES,YES,NO
PLT-11,OT-01206,OT-01156,VendorSerial,YES,YES,YES
PLT-11,OT-01173,OT-01144,VendorSerial,YES,NO,YES
PLT-11,OT-01145,OT-01124,EtherNetIP,YES,YES,YES
PLT-11,OT-01166,OT-01109,DNP3,YES,YES,YES
PLT-11,OT-01133,OT-01143,OPC_DA,YES,NO,YES
PLT-11,OT-01170,OT-01142,IEC61850,NO,YES,YES
PLT-11,OT-01135,OT-01192,IEC104,YES,NO,YES
PLT-11,OT-01108,OT-01156,PROFIBUS,YES,YES,YES
PLT-11,OT-01162,OT-01113,IEC61850,YES,YES,YES
PLT-11,OT-01166,OT-01124,PROFIBUS,YES,YES,YES
PLT-11,OT-01192,OT-01115,IEC61850,YES,YES,NO
PLT-11,OT-01138,OT-01184,PROFIBUS,YES,NO,NO
PLT-11,OT-01111,OT-01113,OPC_DA,YES,YES,YES
PLT-11,OT-01146,OT-01197,IEC104,YES,YES,YES
PLT-11,OT-01171,OT-01148,OPC_DA,YES,YES,YES
PLT-11,OT-01142,OT-01189,DNP3,YES,YES,YES
PLT-11,OT-01123,OT-01147,DNP3,YES,YES,YES
PLT-11,OT-01130,OT-01120,ModbusTCP,NO,YES,NO
PLT-11,OT-01112,OT-01168,DNP3,YES,YES,YES
PLT-11,OT-01203,OT-01169,DNP3,UNKNOWN,NO,YES
PLT-11,OT-01175,OT-01154,DNP3,YES,YES,YES
PLT-11,OT-01116,OT-01152,IEC104,YES,YES,YES
PLT-11,OT-01112,OT-01184,IEC104,YES,YES,YES
PLT-11,OT-01118,OT-01112,OPC_UA,YES,YES,YES
PLT-11,OT-01140,OT-01189,PROFINET,YES,YES,YES
PLT-11,OT-01130,OT-01198,IEC61850,YES,YES,NO
PLT-11,OT-01109,OT-01192,IEC104,YES,YES,YES
PLT-11,OT-01154,OT-01105,DNP3,YES,YES,YES
PLT-11,OT-01107,OT-01166,PROFINET,YES,YES,YES
PLT-11,OT-01153,OT-01151,OPC_UA,YES,YES,YES
PLT-11,OT-01160,OT-01171,IEC61850,YES,YES,YES
PLT-11,OT-01186,OT-01138,OPC_UA,YES,YES,YES
PLT-11,OT-01184,OT-01148,OPC_UA,YES,YES,YES
PLT-11,OT-01119,OT-01141,ModbusTCP,YES,YES,YES
PLT-11,OT-01136,OT-01165,DNP3,YES,YES,NO
PLT-11,OT-01137,OT-01178,PROFINET,YES,YES,YES
PLT-11,OT-01155,OT-01137,OPC_DA,YES,YES,YES
PLT-11,OT-01127,OT-01186,PROFIBUS,YES,YES,NO
PLT-11,OT-01106,OT-01175,PROFINET,YES,YES,YES
PLT-11,OT-01125,OT-01188,IEC104,YES,YES,YES
PLT-11,OT-01206,OT-01172,IEC61850,YES,YES,YES
PLT-11,OT-01146,OT-01199,OPC_UA,YES,YES,YES
PLT-11,OT-01128,OT-01166,OPC_DA,YES,YES,YES
PLT-11,OT-01188,OT-01142,OPC_DA,YES,NO,YES
PLT-11,OT-01193,OT-01168,PROFIBUS,YES,YES,YES
PLT-11,OT-01180,OT-01132,EtherNetIP,YES,YES,YES
PLT-11,OT-01107,OT-01111,EtherNetIP,YES,YES,YES
PLT-11,OT-01118,OT-01110,OPC_UA,YES,YES,YES
PLT-11,OT-01116,OT-01150,PROFINET,YES,YES,YES
PLT-11,OT-01193,OT-01185,PROFINET,YES,YES,NO
PLT-11,OT-01132,OT-01135,OPC_UA,YES,YES,YES
PLT-11,OT-01111,OT-01149,OPC_DA,NO,YES,YES
PLT-11,OT-01182,OT-01149,PROFINET,YES,YES,YES
PLT-11,OT-01148,OT-01186,EtherNetIP,YES,YES,YES
PLT-11,OT-01163,OT-01148,OPC_UA,YES,YES,YES
PLT-11,OT-01141,OT-01182,DNP3,YES,NO,YES
PLT-11,OT-01161,OT-01194,PROFINET,YES,NO,YES
PLT-11,OT-01115,OT-01147,IEC104,YES,YES,YES
PLT-11,OT-01126,OT-01200,IEC104,YES,YES,YES
PLT-11,OT-01138,OT-01194,VendorSerial,YES,YES,YES
PLT-11,OT-01115,OT-01184,PROFIBUS,YES,NO,YES
PLT-11,OT-01182,OT-01179,DNP3,YES,YES,NO
PLT-11,OT-01186,OT-01157,PROFINET,YES,YES,YES
PLT-11,OT-01157,OT-01112,PROFINET,YES,YES,YES
PLT-11,OT-01174,OT-01148,DNP3,YES,YES,YES
PLT-11,OT-01183,OT-01104,PROFIBUS,YES,YES,NO
PLT-11,OT-01206,OT-01153,DNP3,YES,NO,NO
PLT-11,OT-01141,OT-01194,IEC104,YES,YES,YES
PLT-11,OT-01121,OT-01118,VendorSerial,YES,NO,NO
PLT-11,OT-01135,OT-01149,PROFINET,UNKNOWN,NO,YES
PLT-11,OT-01201,OT-01170,IEC104,UNKNOWN,YES,NO
PLT-11,OT-01167,OT-01205,OPC_DA,YES,YES,YES
PLT-11,OT-01156,OT-01204,IEC104,YES,YES,YES
PLT-11,OT-01199,OT-01128,DNP3,YES,YES,YES
PLT-11,OT-01108,OT-01106,PROFINET,YES,YES,YES
PLT-11,OT-01144,OT-01189,OPC_DA,YES,YES,YES
PLT-11,OT-01165,OT-01127,OPC_DA,YES,YES,NO
PLT-11,OT-01183,OT-01110,DNP3,YES,YES,YES
PLT-11,OT-01144,OT-01162,OPC_DA,YES,YES,YES
PLT-11,OT-01184,OT-01107,PROFINET,YES,YES,YES
PLT-11,OT-01111,OT-01196,EtherNetIP,YES,YES,YES
PLT-11,OT-01152,OT-01185,VendorSerial,YES,YES,YES
PLT-11,OT-01203,OT-01185,IEC61850,YES,YES,YES
PLT-11,OT-01140,OT-01174,PROFIBUS,YES,YES,YES
PLT-11,OT-01164,OT-01108,IEC61850,YES,YES,YES
PLT-11,OT-01161,OT-01169,IEC104,YES,YES,YES
PLT-11,OT-01177,OT-01195,DNP3,YES,YES,NO
PLT-11,OT-01183,OT-01186,PROFIBUS,YES,NO,YES
PLT-11,OT-01139,OT-01180,OPC_UA,YES,YES,YES
PLT-11,OT-01141,OT-01189,IEC61850,YES,YES,YES
PLT-11,OT-01167,OT-01106,EtherNetIP,YES,NO,YES
PLT-11,OT-01106,OT-01109,DNP3,UNKNOWN,NO,YES
PLT-11,OT-01124,OT-01147,OPC_DA,YES,YES,YES
PLT-11,OT-01107,OT-01184,ModbusTCP,UNKNOWN,YES,YES
PLT-11,OT-01183,OT-01109,VendorSerial,YES,YES,NO
PLT-11,OT-01204,OT-01141,IEC61850,YES,YES,YES
PLT-11,OT-01127,OT-01124,OPC_UA,YES,NO,YES
PLT-11,OT-01166,OT-01156,EtherNetIP,NO,YES,NO
PLT-11,OT-01114,OT-01135,DNP3,YES,YES,YES
PLT-11,OT-01116,OT-01203,OPC_DA,YES,YES,YES
PLT-11,OT-01180,OT-01122,OPC_UA,YES,YES,NO
PLT-11,OT-01200,OT-01111,OPC_DA,YES,NO,YES
PLT-11,OT-01191,OT-01107,EtherNetIP,YES,NO,NO
PLT-11,OT-01135,OT-01196,ModbusTCP,UNKNOWN,YES,YES
PLT-11,OT-01112,OT-01189,EtherNetIP,YES,YES,YES
PLT-11,OT-01139,OT-01154,OPC_DA,YES,YES,YES
PLT-11,OT-01160,OT-01148,IEC104,NO,YES,YES
PLT-11,OT-01200,OT-01190,IEC61850,YES,YES,NO
PLT-11,OT-01170,OT-01153,EtherNetIP,YES,YES,YES
PLT-11,OT-01146,OT-01192,IEC104,YES,YES,YES
PLT-11,OT-01200,OT-01205,IEC61850,YES,NO,YES
PLT-11,OT-01128,OT-01150,VendorSerial,UNKNOWN,YES,YES
PLT-11,OT-01109,OT-01187,EtherNetIP,YES,YES,YES
PLT-11,OT-01179,OT-01134,DNP3,YES,YES,NO
PLT-11,OT-01186,OT-01114,IEC104,YES,YES,YES
PLT-11,OT-01145,OT-01119,IEC61850,UNKNOWN,YES,YES
PLT-11,OT-01126,OT-01127,PROFINET,YES,YES,NO
PLT-11,OT-01205,OT-01178,ModbusTCP,YES,NO,YES
PLT-11,OT-01125,OT-01152,PROFIBUS,YES,YES,YES
PLT-11,OT-01206,OT-01197,PROFIBUS,NO,YES,NO
PLT-11,OT-01184,OT-01186,DNP3,YES,YES,YES
PLT-11,OT-01160,OT-01164,PROFIBUS,YES,YES,YES
PLT-11,OT-01117,OT-01132,OPC_UA,YES,YES,YES
PLT-11,OT-01154,OT-01200,VendorSerial,YES,YES,YES
PLT-11,OT-01173,OT-01153,IEC104,YES,YES,YES
PLT-11,OT-01182,OT-01156,VendorSerial,YES,NO,YES
PLT-11,OT-01111,OT-01110,IEC104,UNKNOWN,YES,YES
PLT-11,OT-01111,OT-01119,EtherNetIP,YES,YES,YES
PLT-12,OT-01237,OT-01213,PROFIBUS,YES,YES,NO
PLT-12,OT-01211,OT-01304,DNP3,YES,YES,NO
PLT-12,OT-01284,OT-01274,IEC61850,YES,YES,YES
PLT-12,OT-01219,OT-01292,OPC_UA,YES,YES,YES
PLT-12,OT-01298,OT-01285,OPC_UA,YES,YES,YES
PLT-12,OT-01293,OT-01263,OPC_DA,YES,YES,YES
PLT-12,OT-01257,OT-01268,VendorSerial,YES,YES,YES
PLT-12,OT-01301,OT-01245,DNP3,YES,YES,NO
PLT-12,OT-01288,OT-01256,OPC_DA,YES,YES,YES
PLT-12,OT-01215,OT-01228,IEC104,YES,YES,NO
PLT-12,OT-01225,OT-01240,PROFINET,YES,NO,YES
PLT-12,OT-01241,OT-01271,PROFIBUS,YES,YES,NO
PLT-12,OT-01288,OT-01213,ModbusTCP,YES,NO,YES
PLT-12,OT-01302,OT-01226,PROFIBUS,YES,YES,NO
PLT-12,OT-01211,OT-01219,ModbusTCP,YES,YES,YES
PLT-12,OT-01268,OT-01266,OPC_UA,YES,YES,YES
PLT-12,OT-01238,OT-01253,ModbusTCP,YES,NO,YES
PLT-12,OT-01288,OT-01259,ModbusTCP,YES,YES,NO
PLT-12,OT-01255,OT-01249,VendorSerial,YES,YES,NO
PLT-12,OT-01298,OT-01272,PROFINET,YES,YES,YES
PLT-12,OT-01214,OT-01252,IEC104,UNKNOWN,YES,YES
PLT-12,OT-01261,OT-01241,VendorSerial,YES,YES,NO
PLT-12,OT-01272,OT-01289,IEC104,YES,YES,YES
PLT-12,OT-01302,OT-01231,IEC61850,YES,YES,YES
PLT-12,OT-01293,OT-01272,OPC_DA,YES,YES,YES
PLT-12,OT-01267,OT-01213,IEC104,YES,YES,YES
PLT-12,OT-01248,OT-01291,EtherNetIP,YES,NO,YES
PLT-12,OT-01260,OT-01264,EtherNetIP,YES,YES,YES
PLT-12,OT-01271,OT-01290,ModbusTCP,YES,NO,YES
PLT-12,OT-01222,OT-01285,IEC104,YES,YES,YES
PLT-12,OT-01274,OT-01224,VendorSerial,YES,YES,YES
PLT-12,OT-01290,OT-01302,PROFIBUS,YES,YES,YES
PLT-12,OT-01275,OT-01264,IEC61850,YES,YES,YES
PLT-12,OT-01223,OT-01242,VendorSerial,YES,NO,YES
PLT-12,OT-01257,OT-01251,OPC_UA,YES,NO,YES
PLT-12,OT-01266,OT-01283,DNP3,YES,YES,NO
PLT-12,OT-01273,OT-01226,PROFIBUS,YES,YES,YES
PLT-12,OT-01262,OT-01257,DNP3,YES,YES,NO
PLT-12,OT-01225,OT-01213,OPC_DA,YES,YES,YES
PLT-12,OT-01288,OT-01228,OPC_UA,YES,NO,NO
PLT-12,OT-01280,OT-01263,PROFINET,YES,YES,YES
PLT-12,OT-01302,OT-01265,DNP3,YES,YES,YES
PLT-12,OT-01305,OT-01284,ModbusTCP,YES,YES,NO
PLT-12,OT-01285,OT-01234,VendorSerial,YES,NO,YES
PLT-12,OT-01272,OT-01288,EtherNetIP,YES,YES,NO
PLT-12,OT-01210,OT-01217,PROFINET,YES,NO,YES
PLT-12,OT-01303,OT-01221,IEC61850,YES,YES,YES
PLT-12,OT-01272,OT-01275,EtherNetIP,YES,YES,YES
PLT-12,OT-01303,OT-01299,PROFIBUS,YES,NO,NO
PLT-12,OT-01227,OT-01208,VendorSerial,UNKNOWN,NO,NO
PLT-12,OT-01267,OT-01293,ModbusTCP,YES,NO,YES
PLT-12,OT-01259,OT-01239,EtherNetIP,YES,YES,NO
PLT-12,OT-01269,OT-01236,IEC61850,YES,YES,NO
PLT-12,OT-01252,OT-01240,ModbusTCP,YES,YES,YES
PLT-12,OT-01213,OT-01290,VendorSerial,YES,YES,YES
PLT-12,OT-01235,OT-01258,OPC_DA,YES,YES,YES
PLT-12,OT-01244,OT-01213,OPC_UA,YES,YES,YES
PLT-12,OT-01221,OT-01287,IEC104,YES,YES,YES
PLT-12,OT-01226,OT-01263,EtherNetIP,YES,YES,YES
PLT-12,OT-01232,OT-01298,VendorSerial,YES,YES,YES
PLT-12,OT-01216,OT-01251,IEC61850,YES,NO,NO
PLT-12,OT-01296,OT-01267,EtherNetIP,YES,YES,YES
PLT-12,OT-01247,OT-01294,PROFINET,YES,NO,YES
PLT-12,OT-01216,OT-01253,IEC104,YES,YES,YES
PLT-12,OT-01218,OT-01291,PROFINET,YES,YES,YES
PLT-12,OT-01297,OT-01288,IEC104,YES,YES,YES
PLT-12,OT-01249,OT-01223,PROFINET,YES,YES,NO
PLT-12,OT-01286,OT-01243,IEC61850,YES,YES,NO
PLT-12,OT-01303,OT-01248,OPC_DA,YES,YES,YES
PLT-12,OT-01256,OT-01224,VendorSerial,YES,YES,YES
PLT-12,OT-01229,OT-01280,IEC61850,YES,YES,YES
PLT-12,OT-01213,OT-01290,PROFIBUS,YES,YES,YES
PLT-12,OT-01271,OT-01291,OPC_UA,YES,NO,YES
PLT-12,OT-01246,OT-01213,DNP3,YES,YES,YES
PLT-12,OT-01238,OT-01256,EtherNetIP,YES,YES,NO
PLT-12,OT-01256,OT-01261,VendorSerial,YES,YES,YES
PLT-12,OT-01212,OT-01232,DNP3,YES,NO,YES
PLT-12,OT-01239,OT-01290,EtherNetIP,YES,YES,NO
PLT-12,OT-01207,OT-01231,DNP3,YES,YES,YES
PLT-12,OT-01224,OT-01210,ModbusTCP,YES,NO,YES
PLT-12,OT-01232,OT-01283,OPC_UA,YES,YES,YES
PLT-12,OT-01245,OT-01216,DNP3,YES,YES,YES
PLT-12,OT-01209,OT-01240,DNP3,YES,YES,YES
PLT-12,OT-01285,OT-01299,VendorSerial,YES,YES,YES
PLT-12,OT-01303,OT-01268,IEC104,YES,YES,YES
PLT-12,OT-01219,OT-01235,ModbusTCP,YES,YES,YES
PLT-12,OT-01242,OT-01219,PROFIBUS,YES,YES,YES
PLT-12,OT-01209,OT-01275,OPC_UA,YES,NO,YES
PLT-12,OT-01222,OT-01260,IEC104,YES,YES,NO
PLT-12,OT-01301,OT-01214,PROFINET,YES,YES,YES
PLT-12,OT-01277,OT-01230,DNP3,YES,YES,NO
PLT-12,OT-01290,OT-01264,IEC104,YES,NO,NO
PLT-12,OT-01268,OT-01258,PROFIBUS,YES,YES,NO
PLT-12,OT-01224,OT-01302,PROFIBUS,YES,YES,YES
PLT-12,OT-01283,OT-01300,IEC61850,YES,YES,YES
PLT-12,OT-01231,OT-01238,IEC61850,YES,YES,YES
PLT-12,OT-01212,OT-01303,OPC_DA,YES,YES,NO
PLT-12,OT-01297,OT-01234,PROFINET,YES,YES,YES
PLT-12,OT-01275,OT-01228,EtherNetIP,YES,NO,YES
PLT-12,OT-01290,OT-01281,OPC_DA,NO,YES,YES
PLT-12,OT-01259,OT-01272,OPC_DA,YES,YES,YES
PLT-12,OT-01276,OT-01213,OPC_UA,YES,YES,YES
PLT-12,OT-01217,OT-01209,PROFINET,YES,YES,YES
PLT-12,OT-01207,OT-01270,IEC104,YES,YES,YES
PLT-12,OT-01219,OT-01286,IEC61850,YES,NO,YES
PLT-12,OT-01282,OT-01285,EtherNetIP,YES,YES,YES
PLT-12,OT-01225,OT-01274,EtherNetIP,NO,YES,YES
PLT-12,OT-01255,OT-01286,OPC_UA,UNKNOWN,YES,YES
PLT-12,OT-01292,OT-01267,IEC61850,YES,YES,NO
PLT-12,OT-01238,OT-01289,EtherNetIP,YES,YES,NO
PLT-12,OT-01299,OT-01260,IEC61850,YES,YES,YES
PLT-12,OT-01289,OT-01235,PROFINET,YES,YES,YES
PLT-12,OT-01220,OT-01246,ModbusTCP,YES,YES,YES
PLT-12,OT-01220,OT-01241,DNP3,UNKNOWN,YES,YES
PLT-12,OT-01258,OT-01220,IEC104,YES,YES,NO
PLT-12,OT-01288,OT-01250,EtherNetIP,YES,YES,YES
PLT-12,OT-01212,OT-01224,VendorSerial,YES,YES,NO
PLT-12,OT-01228,OT-01257,OPC_UA,YES,YES,NO
PLT-12,OT-01209,OT-01277,OPC_UA,YES,YES,YES
PLT-12,OT-01297,OT-01294,IEC61850,YES,YES,YES
PLT-12,OT-01258,OT-01222,ModbusTCP,YES,YES,YES
PLT-12,OT-01222,OT-01230,OPC_UA,YES,YES,YES
PLT-12,OT-01268,OT-01228,PROFIBUS,YES,YES,YES
PLT-12,OT-01266,OT-01245,VendorSerial,NO,YES,NO
PLT-12,OT-01300,OT-01216,VendorSerial,YES,YES,YES
PLT-12,OT-01232,OT-01242,VendorSerial,YES,YES,NO
PLT-12,OT-01234,OT-01237,ModbusTCP,YES,YES,YES
PLT-12,OT-01284,OT-01277,IEC104,YES,YES,NO
PLT-12,OT-01275,OT-01303,DNP3,YES,YES,YES
PLT-12,OT-01210,OT-01263,VendorSerial,YES,YES,NO
PLT-12,OT-01232,OT-01256,PROFIBUS,YES,YES,NO
PLT-12,OT-01227,OT-01275,EtherNetIP,YES,NO,NO
PLT-12,OT-01263,OT-01296,PROFIBUS,YES,YES,YES
PLT-12,OT-01238,OT-01276,ModbusTCP,YES,YES,YES
PLT-12,OT-01275,OT-01284,IEC61850,YES,YES,NO
PLT-12,OT-01276,OT-01261,DNP3,YES,YES,YES
PLT-12,OT-01285,OT-01216,PROFIBUS,YES,YES,NO
PLT-12,OT-01241,OT-01289,DNP3,YES,YES,YES
PLT-12,OT-01307,OT-01227,ModbusTCP,YES,YES,NO
PLT-12,OT-01246,OT-01282,EtherNetIP,YES,YES,NO
PLT-12,OT-01210,OT-01213,DNP3,NO,YES,YES
PLT-12,OT-01273,OT-01230,IEC61850,UNKNOWN,YES,NO
PLT-12,OT-01261,OT-01291,EtherNetIP,YES,YES,YES
PLT-12,OT-01273,OT-01241,DNP3,YES,YES,YES
PLT-12,OT-01246,OT-01214,IEC104,YES,YES,NO
PLT-12,OT-01274,OT-01276,EtherNetIP,UNKNOWN,YES,YES
PLT-12,OT-01217,OT-01226,ModbusTCP,YES,YES,YES
PLT-12,OT-01273,OT-01305,PROFINET,YES,YES,NO
PLT-12,OT-01249,OT-01260,PROFINET,YES,YES,YES
PLT-12,OT-01271,OT-01284,VendorSerial,YES,NO,YES
PLT-12,OT-01264,OT-01240,ModbusTCP,YES,YES,YES
PLT-12,OT-01276,OT-01230,EtherNetIP,YES,NO,YES
PLT-12,OT-01299,OT-01253,PROFINET,YES,YES,NO
PLT-12,OT-01232,OT-01256,VendorSerial,YES,YES,YES
PLT-12,OT-01260,OT-01238,IEC61850,UNKNOWN,YES,YES
PLT-12,OT-01290,OT-01207,DNP3,NO,YES,YES
PLT-12,OT-01301,OT-01260,OPC_DA,YES,YES,YES
PLT-12,OT-01210,OT-01220,EtherNetIP,YES,YES,YES
PLT-12,OT-01234,OT-01244,ModbusTCP,NO,YES,YES
PLT-12,OT-01281,OT-01219,PROFINET,NO,YES,YES
PLT-12,OT-01263,OT-01247,DNP3,YES,YES,NO
PLT-12,OT-01262,OT-01293,DNP3,YES,NO,NO
PLT-12,OT-01277,OT-01259,VendorSerial,YES,YES,NO
PLT-12,OT-01299,OT-01276,VendorSerial,YES,YES,YES
PLT-12,OT-01283,OT-01299,DNP3,YES,YES,YES
PLT-12,OT-01261,OT-01240,PROFINET,UNKNOWN,YES,NO
PLT-12,OT-01218,OT-01238,EtherNetIP,YES,YES,YES
PLT-12,OT-01238,OT-01233,OPC_DA,YES,YES,YES
PLT-12,OT-01245,OT-01253,OPC_UA,YES,YES,NO
PLT-12,OT-01216,OT-01221,DNP3,UNKNOWN,YES,YES
PLT-12,OT-01282,OT-01276,IEC104,UNKNOWN,NO,NO
PLT-12,OT-01223,OT-01238,PROFINET,UNKNOWN,NO,YES
PLT-12,OT-01267,OT-01211,IEC104,YES,YES,NO
PLT-12,OT-01290,OT-01208,DNP3,YES,YES,NO
PLT-12,OT-01247,OT-01262,PROFINET,YES,YES,YES
PLT-12,OT-01245,OT-01295,EtherNetIP,YES,YES,NO
PLT-12,OT-01235,OT-01261,PROFINET,YES,YES,YES
PLT-12,OT-01233,OT-01252,PROFIBUS,YES,YES,YES
PLT-12,OT-01275,OT-01298,IEC104,YES,NO,NO
PLT-12,OT-01274,OT-01296,PROFINET,YES,YES,YES
PLT-12,OT-01283,OT-01276,ModbusTCP,YES,YES,YES
PLT-12,OT-01243,OT-01230,IEC104,YES,YES,YES
PLT-12,OT-01258,OT-01261,IEC104,YES,NO,NO
PLT-12,OT-01238,OT-01280,IEC104,YES,YES,YES
PLT-12,OT-01246,OT-01305,IEC61850,YES,NO,YES
PLT-12,OT-01273,OT-01304,PROFINET,YES,YES,NO
PLT-12,OT-01270,OT-01227,PROFINET,YES,NO,NO
PLT-12,OT-01295,OT-01223,ModbusTCP,YES,YES,YES
PLT-12,OT-01285,OT-01228,DNP3,YES,YES,NO
PLT-12,OT-01209,OT-01272,ModbusTCP,UNKNOWN,YES,YES
PLT-12,OT-01252,OT-01244,ModbusTCP,YES,YES,NO
PLT-12,OT-01277,OT-01219,VendorSerial,YES,YES,YES
PLT-12,OT-01298,OT-01269,EtherNetIP,UNKNOWN,YES,NO
PLT-12,OT-01292,OT-01258,ModbusTCP,YES,YES,YES
PLT-12,OT-01285,OT-01222,DNP3,YES,NO,NO
PLT-12,OT-01296,OT-01211,OPC_UA,NO,YES,YES
PLT-12,OT-01216,OT-01237,OPC_UA,YES,YES,NO
PLT-12,OT-01214,OT-01233,DNP3,YES,YES,YES
PLT-12,OT-01261,OT-01286,VendorSerial,YES,YES,YES
PLT-12,OT-01276,OT-01284,PROFIBUS,YES,YES,YES
PLT-12,OT-01279,OT-01295,OPC_DA,YES,YES,YES
PLT-12,OT-01261,OT-01236,IEC61850,YES,YES,YES
PLT-12,OT-01237,OT-01273,OPC_UA,YES,YES,YES
PLT-12,OT-01228,OT-01212,OPC_UA,YES,YES,YES
PLT-12,OT-01244,OT-01236,OPC_DA,YES,NO,YES
PLT-12,OT-01243,OT-01279,IEC61850,YES,YES,YES
PLT-12,OT-01301,OT-01214,PROFINET,UNKNOWN,YES,YES
PLT-12,OT-01229,OT-01293,EtherNetIP,YES,YES,NO
PLT-12,OT-01249,OT-01207,IEC104,UNKNOWN,YES,YES
PLT-12,OT-01299,OT-01239,IEC61850,YES,YES,YES
PLT-13,OT-01347,OT-01314,EtherNetIP,YES,NO,YES
PLT-13,OT-01349,OT-01343,DNP3,YES,YES,YES
PLT-13,OT-01409,OT-01388,ModbusTCP,YES,YES,NO
PLT-13,OT-01317,OT-01330,IEC104,YES,YES,NO
PLT-13,OT-01381,OT-01402,IEC104,UNKNOWN,YES,NO
PLT-13,OT-01387,OT-01378,ModbusTCP,UNKNOWN,YES,YES
PLT-13,OT-01357,OT-01324,ModbusTCP,YES,YES,NO
PLT-13,OT-01363,OT-01383,OPC_UA,YES,YES,YES
PLT-13,OT-01376,OT-01401,VendorSerial,YES,YES,YES
PLT-13,OT-01347,OT-01355,IEC104,YES,NO,YES
PLT-13,OT-01422,OT-01393,OPC_DA,YES,NO,NO
PLT-13,OT-01371,OT-01382,OPC_UA,YES,YES,NO
PLT-13,OT-01416,OT-01308,OPC_UA,UNKNOWN,YES,NO
PLT-13,OT-01370,OT-01387,IEC104,YES,YES,YES
PLT-13,OT-01348,OT-01415,IEC61850,NO,YES,NO
PLT-13,OT-01370,OT-01357,PROFINET,UNKNOWN,YES,YES
PLT-13,OT-01389,OT-01388,PROFINET,UNKNOWN,YES,YES
PLT-13,OT-01381,OT-01407,VendorSerial,YES,YES,NO
PLT-13,OT-01386,OT-01308,OPC_UA,YES,NO,YES
PLT-13,OT-01346,OT-01366,OPC_DA,YES,YES,YES
PLT-13,OT-01420,OT-01347,EtherNetIP,YES,YES,YES
PLT-13,OT-01330,OT-01352,EtherNetIP,YES,YES,YES
PLT-13,OT-01313,OT-01393,VendorSerial,NO,YES,YES
PLT-13,OT-01402,OT-01318,EtherNetIP,YES,NO,YES
PLT-13,OT-01330,OT-01331,IEC61850,YES,YES,YES
PLT-13,OT-01392,OT-01329,PROFIBUS,YES,YES,YES
PLT-13,OT-01381,OT-01310,IEC61850,YES,NO,YES
PLT-13,OT-01412,OT-01390,IEC104,YES,NO,YES
PLT-13,OT-01367,OT-01359,DNP3,YES,YES,YES
PLT-13,OT-01313,OT-01367,OPC_UA,YES,YES,YES
PLT-13,OT-01422,OT-01357,OPC_DA,YES,YES,YES
PLT-13,OT-01334,OT-01327,OPC_UA,UNKNOWN,YES,YES
PLT-13,OT-01376,OT-01396,EtherNetIP,YES,YES,YES
PLT-13,OT-01334,OT-01354,VendorSerial,YES,YES,YES
PLT-13,OT-01383,OT-01358,PROFINET,YES,YES,YES
PLT-13,OT-01363,OT-01315,PROFIBUS,YES,YES,YES
PLT-13,OT-01379,OT-01424,VendorSerial,YES,NO,YES
PLT-13,OT-01410,OT-01343,EtherNetIP,YES,YES,NO
PLT-13,OT-01401,OT-01332,IEC61850,YES,YES,YES
PLT-13,OT-01401,OT-01423,PROFINET,YES,NO,YES
PLT-13,OT-01416,OT-01409,OPC_DA,YES,YES,YES
PLT-13,OT-01388,OT-01379,PROFINET,NO,YES,NO
PLT-13,OT-01331,OT-01379,VendorSerial,YES,YES,YES
PLT-13,OT-01424,OT-01396,OPC_UA,YES,NO,YES
PLT-13,OT-01364,OT-01350,OPC_UA,YES,YES,NO
PLT-13,OT-01354,OT-01342,OPC_DA,YES,NO,YES
PLT-13,OT-01333,OT-01376,DNP3,YES,YES,NO
PLT-13,OT-01387,OT-01355,PROFINET,YES,YES,YES
PLT-13,OT-01330,OT-01407,PROFINET,YES,YES,YES
PLT-13,OT-01408,OT-01386,IEC61850,YES,YES,YES
PLT-13,OT-01391,OT-01398,OPC_UA,YES,YES,YES
PLT-13,OT-01312,OT-01340,EtherNetIP,YES,YES,YES
PLT-13,OT-01355,OT-01349,PROFINET,YES,YES,YES
PLT-13,OT-01408,OT-01372,PROFIBUS,YES,YES,YES
PLT-13,OT-01410,OT-01363,IEC104,YES,YES,YES
PLT-13,OT-01336,OT-01391,PROFIBUS,YES,YES,YES
PLT-13,OT-01379,OT-01343,PROFINET,YES,YES,NO
PLT-13,OT-01316,OT-01333,IEC104,YES,YES,YES
PLT-13,OT-01346,OT-01363,VendorSerial,YES,YES,YES
PLT-13,OT-01387,OT-01382,DNP3,UNKNOWN,YES,NO
PLT-13,OT-01410,OT-01395,IEC61850,YES,YES,YES
PLT-13,OT-01347,OT-01329,PROFINET,YES,YES,NO
PLT-13,OT-01399,OT-01362,PROFIBUS,YES,NO,YES
PLT-13,OT-01365,OT-01353,DNP3,YES,YES,YES
PLT-13,OT-01402,OT-01330,IEC61850,YES,NO,YES
PLT-13,OT-01382,OT-01387,DNP3,YES,YES,YES
PLT-13,OT-01363,OT-01378,PROFINET,YES,NO,YES
PLT-13,OT-01332,OT-01422,OPC_DA,YES,YES,YES
PLT-13,OT-01369,OT-01395,OPC_DA,YES,YES,YES
PLT-13,OT-01423,OT-01337,EtherNetIP,YES,YES,YES
PLT-13,OT-01362,OT-01361,OPC_UA,YES,NO,YES
PLT-13,OT-01370,OT-01369,EtherNetIP,YES,NO,YES
PLT-13,OT-01338,OT-01388,EtherNetIP,YES,NO,YES
PLT-13,OT-01419,OT-01335,ModbusTCP,YES,YES,YES
PLT-13,OT-01380,OT-01324,ModbusTCP,YES,YES,YES
PLT-13,OT-01320,OT-01327,PROFIBUS,YES,YES,YES
PLT-13,OT-01343,OT-01308,IEC61850,YES,YES,YES
PLT-13,OT-01394,OT-01405,ModbusTCP,YES,YES,NO
PLT-13,OT-01383,OT-01409,IEC104,YES,YES,NO
PLT-13,OT-01421,OT-01311,DNP3,YES,NO,YES
PLT-13,OT-01310,OT-01362,ModbusTCP,YES,NO,YES
PLT-13,OT-01328,OT-01317,VendorSerial,YES,YES,YES
PLT-13,OT-01414,OT-01401,VendorSerial,YES,YES,YES
PLT-13,OT-01335,OT-01314,IEC104,UNKNOWN,YES,YES
PLT-13,OT-01383,OT-01412,OPC_UA,YES,YES,YES
PLT-13,OT-01397,OT-01407,OPC_DA,YES,YES,YES
PLT-13,OT-01407,OT-01321,OPC_DA,YES,YES,YES
PLT-13,OT-01317,OT-01332,EtherNetIP,YES,YES,YES
PLT-13,OT-01351,OT-01319,OPC_DA,YES,NO,YES
PLT-13,OT-01399,OT-01424,EtherNetIP,YES,NO,YES
PLT-13,OT-01415,OT-01406,IEC61850,YES,YES,YES
PLT-13,OT-01398,OT-01404,VendorSerial,YES,YES,NO
PLT-13,OT-01397,OT-01335,OPC_UA,YES,YES,YES
PLT-13,OT-01309,OT-01349,VendorSerial,YES,NO,NO
PLT-13,OT-01350,OT-01336,OPC_DA,YES,NO,YES
PLT-13,OT-01374,OT-01392,PROFINET,YES,YES,YES
PLT-13,OT-01384,OT-01325,DNP3,YES,YES,YES
PLT-13,OT-01341,OT-01375,VendorSerial,YES,YES,YES
PLT-13,OT-01382,OT-01322,EtherNetIP,YES,YES,YES
PLT-13,OT-01349,OT-01342,IEC104,YES,YES,NO
PLT-13,OT-01363,OT-01404,IEC61850,YES,YES,YES
PLT-13,OT-01344,OT-01308,PROFINET,YES,YES,NO
PLT-13,OT-01336,OT-01377,IEC61850,YES,YES,NO
PLT-13,OT-01325,OT-01310,PROFINET,YES,YES,NO
PLT-13,OT-01337,OT-01356,DNP3,YES,NO,YES
PLT-13,OT-01403,OT-01334,PROFINET,YES,YES,YES
PLT-13,OT-01368,OT-01317,PROFIBUS,NO,YES,NO
PLT-13,OT-01424,OT-01408,IEC61850,YES,NO,YES
PLT-13,OT-01397,OT-01373,OPC_DA,YES,YES,YES
PLT-13,OT-01394,OT-01396,EtherNetIP,NO,YES,YES
PLT-13,OT-01407,OT-01325,IEC104,YES,YES,YES
PLT-13,OT-01385,OT-01391,OPC_UA,YES,YES,YES
PLT-13,OT-01366,OT-01386,PROFINET,UNKNOWN,YES,YES
PLT-13,OT-01389,OT-01408,PROFIBUS,UNKNOWN,YES,YES
PLT-13,OT-01327,OT-01365,OPC_UA,YES,YES,NO
PLT-13,OT-01365,OT-01329,OPC_UA,NO,YES,YES
PLT-13,OT-01347,OT-01342,OPC_UA,YES,YES,YES
PLT-13,OT-01392,OT-01308,VendorSerial,YES,YES,YES
PLT-13,OT-01422,OT-01326,OPC_UA,YES,YES,YES
PLT-13,OT-01411,OT-01381,VendorSerial,YES,YES,YES
PLT-13,OT-01393,OT-01424,IEC61850,YES,YES,YES
PLT-13,OT-01336,OT-01376,IEC61850,YES,NO,NO
PLT-13,OT-01412,OT-01359,IEC104,UNKNOWN,YES,YES
PLT-13,OT-01343,OT-01381,PROFINET,YES,YES,YES
PLT-13,OT-01369,OT-01322,PROFIBUS,YES,YES,YES
PLT-13,OT-01358,OT-01414,IEC61850,YES,YES,YES
PLT-13,OT-01339,OT-01385,OPC_UA,YES,YES,NO
PLT-13,OT-01326,OT-01380,OPC_UA,YES,YES,YES
PLT-13,OT-01414,OT-01339,VendorSerial,YES,YES,YES
PLT-13,OT-01362,OT-01327,PROFINET,YES,NO,NO
PLT-13,OT-01321,OT-01338,OPC_UA,YES,YES,YES
PLT-13,OT-01393,OT-01419,PROFINET,YES,YES,YES
PLT-13,OT-01371,OT-01390,ModbusTCP,YES,YES,NO
PLT-13,OT-01362,OT-01313,EtherNetIP,YES,YES,YES
PLT-13,OT-01363,OT-01394,ModbusTCP,YES,YES,NO
PLT-13,OT-01321,OT-01370,PROFINET,YES,YES,YES
PLT-13,OT-01373,OT-01421,ModbusTCP,UNKNOWN,YES,YES
PLT-13,OT-01332,OT-01330,PROFINET,YES,YES,YES
PLT-13,OT-01316,OT-01363,DNP3,YES,YES,NO
PLT-13,OT-01337,OT-01371,DNP3,YES,YES,YES
PLT-13,OT-01346,OT-01375,IEC104,YES,NO,NO
PLT-13,OT-01350,OT-01408,ModbusTCP,YES,NO,YES
PLT-13,OT-01355,OT-01373,ModbusTCP,YES,NO,YES
PLT-13,OT-01382,OT-01361,VendorSerial,YES,NO,YES
PLT-13,OT-01388,OT-01400,VendorSerial,YES,YES,YES
PLT-13,OT-01315,OT-01392,PROFINET,YES,YES,NO
PLT-13,OT-01323,OT-01343,IEC104,YES,YES,YES
PLT-13,OT-01403,OT-01382,IEC61850,YES,YES,YES
PLT-13,OT-01419,OT-01315,PROFINET,YES,YES,NO
PLT-13,OT-01400,OT-01323,IEC104,YES,YES,NO
PLT-13,OT-01378,OT-01392,OPC_DA,YES,YES,YES
PLT-13,OT-01367,OT-01380,IEC61850,YES,YES,NO
PLT-13,OT-01358,OT-01402,OPC_UA,YES,NO,YES
PLT-13,OT-01348,OT-01382,IEC61850,YES,YES,YES
PLT-13,OT-01415,OT-01414,PROFINET,YES,YES,YES
PLT-13,OT-01370,OT-01337,OPC_DA,YES,YES,YES
PLT-13,OT-01419,OT-01333,VendorSerial,YES,YES,YES
PLT-13,OT-01402,OT-01316,DNP3,YES,YES,YES
PLT-13,OT-01345,OT-01386,OPC_DA,YES,YES,YES
PLT-13,OT-01349,OT-01394,PROFIBUS,YES,YES,YES
PLT-13,OT-01417,OT-01375,OPC_DA,YES,YES,YES
PLT-13,OT-01325,OT-01318,PROFIBUS,NO,YES,YES
PLT-13,OT-01311,OT-01319,PROFINET,YES,YES,YES
PLT-13,OT-01409,OT-01344,PROFINET,YES,YES,NO
PLT-13,OT-01388,OT-01390,PROFIBUS,YES,YES,YES
PLT-13,OT-01314,OT-01382,PROFIBUS,YES,YES,YES
PLT-13,OT-01339,OT-01312,ModbusTCP,NO,YES,YES
PLT-13,OT-01373,OT-01332,PROFIBUS,YES,YES,YES
PLT-13,OT-01353,OT-01355,OPC_UA,YES,YES,YES
PLT-13,OT-01392,OT-01421,OPC_DA,YES,YES,YES
PLT-13,OT-01369,OT-01367,PROFINET,UNKNOWN,NO,YES
PLT-13,OT-01384,OT-01349,ModbusTCP,YES,YES,YES
PLT-13,OT-01384,OT-01391,IEC61850,YES,NO,YES
PLT-13,OT-01308,OT-01317,PROFIBUS,YES,YES,YES
PLT-13,OT-01360,OT-01357,OPC_UA,YES,YES,NO
PLT-13,OT-01413,OT-01347,PROFINET,YES,YES,YES
PLT-13,OT-01348,OT-01313,PROFIBUS,YES,YES,NO
PLT-13,OT-01383,OT-01386,OPC_UA,YES,NO,YES
PLT-13,OT-01379,OT-01384,ModbusTCP,NO,NO,YES
PLT-13,OT-01382,OT-01375,EtherNetIP,YES,YES,NO
PLT-13,OT-01389,OT-01407,OPC_DA,YES,NO,YES
PLT-13,OT-01355,OT-01403,OPC_DA,YES,YES,YES
PLT-13,OT-01390,OT-01411,OPC_UA,YES,YES,YES
PLT-13,OT-01417,OT-01340,OPC_DA,YES,YES,NO
PLT-13,OT-01392,OT-01310,OPC_UA,YES,YES,YES
PLT-13,OT-01373,OT-01315,PROFIBUS,YES,YES,YES
PLT-13,OT-01322,OT-01314,EtherNetIP,YES,YES,YES
PLT-13,OT-01395,OT-01350,OPC_UA,YES,NO,YES
PLT-13,OT-01413,OT-01311,OPC_DA,YES,YES,YES
PLT-13,OT-01347,OT-01392,ModbusTCP,YES,NO,NO
PLT-13,OT-01331,OT-01416,OPC_DA,YES,YES,NO
PLT-13,OT-01325,OT-01412,IEC104,UNKNOWN,YES,YES
PLT-13,OT-01387,OT-01323,PROFINET,NO,NO,YES
PLT-13,OT-01398,OT-01399,PROFINET,YES,YES,YES
PLT-13,OT-01343,OT-01375,IEC61850,UNKNOWN,YES,NO
PLT-13,OT-01416,OT-01403,DNP3,YES,YES,YES
PLT-13,OT-01396,OT-01394,IEC104,YES,NO,YES
PLT-13,OT-01370,OT-01323,IEC104,YES,YES,YES
PLT-13,OT-01414,OT-01331,VendorSerial,YES,YES,YES
PLT-13,OT-01386,OT-01416,PROFIBUS,UNKNOWN,NO,YES
PLT-13,OT-01391,OT-01337,EtherNetIP,UNKNOWN,YES,YES
PLT-13,OT-01342,OT-01382,DNP3,YES,YES,YES
PLT-13,OT-01355,OT-01366,OPC_DA,YES,YES,YES
PLT-13,OT-01323,OT-01350,ModbusTCP,YES,YES,YES
PLT-13,OT-01309,OT-01321,ModbusTCP,YES,YES,YES
PLT-13,OT-01387,OT-01377,IEC61850,YES,YES,YES
PLT-13,OT-01393,OT-01317,VendorSerial,NO,YES,YES
PLT-13,OT-01393,OT-01309,OPC_UA,YES,YES,YES
PLT-13,OT-01409,OT-01341,OPC_DA,YES,YES,YES
PLT-13,OT-01348,OT-01402,ModbusTCP,YES,YES,YES
PLT-14,OT-01426,OT-01491,OPC_UA,YES,YES,YES
PLT-14,OT-01473,OT-01427,ModbusTCP,UNKNOWN,NO,YES
PLT-14,OT-01436,OT-01539,PROFINET,YES,NO,YES
PLT-14,OT-01433,OT-01552,OPC_UA,YES,YES,NO
PLT-14,OT-01536,OT-01508,EtherNetIP,YES,YES,YES
PLT-14,OT-01441,OT-01523,IEC104,YES,YES,NO
PLT-14,OT-01544,OT-01436,DNP3,YES,YES,NO
PLT-14,OT-01509,OT-01443,OPC_DA,YES,YES,NO
PLT-14,OT-01543,OT-01498,ModbusTCP,YES,YES,YES
PLT-14,OT-01473,OT-01490,EtherNetIP,YES,YES,YES
PLT-14,OT-01546,OT-01499,VendorSerial,YES,NO,NO
PLT-14,OT-01476,OT-01470,DNP3,YES,YES,YES
PLT-14,OT-01501,OT-01508,EtherNetIP,YES,YES,YES
PLT-14,OT-01511,OT-01426,IEC61850,YES,YES,YES
PLT-14,OT-01535,OT-01464,PROFINET,YES,YES,YES
PLT-14,OT-01520,OT-01443,DNP3,YES,YES,YES
PLT-14,OT-01536,OT-01482,PROFINET,NO,YES,YES
PLT-14,OT-01462,OT-01474,IEC104,YES,NO,YES
PLT-14,OT-01540,OT-01447,IEC104,YES,YES,YES
PLT-14,OT-01451,OT-01444,ModbusTCP,YES,YES,YES
PLT-14,OT-01484,OT-01462,PROFINET,YES,YES,YES
PLT-14,OT-01506,OT-01456,ModbusTCP,YES,YES,NO
PLT-14,OT-01466,OT-01444,IEC61850,YES,YES,YES
PLT-14,OT-01454,OT-01488,IEC61850,YES,YES,YES
PLT-14,OT-01487,OT-01430,PROFINET,YES,NO,YES
PLT-14,OT-01547,OT-01436,IEC104,YES,NO,YES
PLT-14,OT-01444,OT-01465,IEC61850,NO,YES,YES
PLT-14,OT-01471,OT-01492,OPC_DA,YES,YES,YES
PLT-14,OT-01481,OT-01458,VendorSerial,YES,YES,NO
PLT-14,OT-01441,OT-01485,PROFIBUS,YES,YES,YES
PLT-14,OT-01443,OT-01532,ModbusTCP,YES,NO,YES
PLT-14,OT-01530,OT-01517,OPC_DA,YES,YES,YES
PLT-14,OT-01524,OT-01476,OPC_DA,YES,YES,YES
PLT-14,OT-01428,OT-01542,IEC61850,YES,YES,YES
PLT-14,OT-01547,OT-01545,VendorSerial,YES,YES,YES
PLT-14,OT-01543,OT-01496,DNP3,YES,YES,YES
PLT-14,OT-01447,OT-01513,PROFINET,YES,YES,YES
PLT-14,OT-01529,OT-01540,OPC_DA,YES,YES,YES
PLT-14,OT-01475,OT-01444,PROFINET,YES,NO,NO
PLT-14,OT-01483,OT-01497,DNP3,YES,YES,YES
PLT-14,OT-01509,OT-01525,ModbusTCP,YES,YES,NO
PLT-14,OT-01505,OT-01474,PROFINET,YES,YES,NO
PLT-14,OT-01522,OT-01438,ModbusTCP,NO,YES,YES
PLT-14,OT-01551,OT-01491,EtherNetIP,NO,YES,YES
PLT-14,OT-01531,OT-01459,PROFIBUS,YES,YES,YES
PLT-14,OT-01501,OT-01459,EtherNetIP,YES,YES,YES
PLT-14,OT-01451,OT-01530,PROFINET,YES,YES,YES
PLT-14,OT-01517,OT-01491,DNP3,YES,YES,YES
PLT-14,OT-01440,OT-01531,EtherNetIP,YES,NO,YES
PLT-14,OT-01499,OT-01454,IEC104,YES,NO,NO
PLT-14,OT-01511,OT-01508,ModbusTCP,YES,YES,NO
PLT-14,OT-01440,OT-01473,DNP3,YES,NO,YES
PLT-14,OT-01472,OT-01433,IEC61850,YES,YES,YES
PLT-14,OT-01486,OT-01464,ModbusTCP,YES,YES,YES
PLT-14,OT-01508,OT-01537,IEC104,YES,YES,YES
PLT-14,OT-01518,OT-01425,VendorSerial,YES,YES,YES
PLT-14,OT-01513,OT-01490,EtherNetIP,YES,YES,YES
PLT-14,OT-01536,OT-01489,OPC_DA,YES,YES,YES
PLT-14,OT-01496,OT-01476,IEC104,YES,YES,YES
PLT-14,OT-01536,OT-01510,PROFINET,YES,YES,YES
PLT-14,OT-01455,OT-01445,OPC_UA,YES,NO,YES
PLT-14,OT-01463,OT-01538,ModbusTCP,YES,NO,YES
PLT-14,OT-01505,OT-01527,ModbusTCP,YES,YES,YES
PLT-14,OT-01502,OT-01440,EtherNetIP,YES,YES,YES
PLT-14,OT-01426,OT-01453,IEC104,YES,YES,YES
PLT-14,OT-01456,OT-01529,VendorSerial,YES,YES,YES
PLT-14,OT-01520,OT-01466,PROFINET,YES,YES,NO
PLT-14,OT-01452,OT-01444,OPC_DA,YES,YES,YES
PLT-14,OT-01431,OT-01501,IEC61850,YES,YES,YES
PLT-14,OT-01457,OT-01525,OPC_DA,YES,YES,YES
PLT-14,OT-01517,OT-01523,PROFIBUS,YES,YES,YES
PLT-14,OT-01434,OT-01532,PROFIBUS,YES,YES,YES
PLT-14,OT-01435,OT-01439,IEC104,YES,YES,YES
PLT-14,OT-01520,OT-01485,OPC_UA,YES,YES,YES
PLT-14,OT-01440,OT-01460,DNP3,YES,YES,YES
PLT-14,OT-01456,OT-01547,PROFIBUS,YES,YES,NO
PLT-14,OT-01469,OT-01464,VendorSerial,YES,YES,NO
PLT-14,OT-01483,OT-01434,ModbusTCP,YES,YES,NO
PLT-14,OT-01488,OT-01492,IEC61850,YES,YES,YES
PLT-14,OT-01438,OT-01528,IEC104,YES,YES,YES
PLT-14,OT-01440,OT-01523,IEC104,YES,YES,NO
PLT-14,OT-01534,OT-01536,DNP3,YES,YES,NO
PLT-14,OT-01485,OT-01538,IEC61850,YES,YES,YES
PLT-14,OT-01528,OT-01439,EtherNetIP,UNKNOWN,NO,YES
PLT-14,OT-01442,OT-01498,IEC61850,YES,YES,YES
PLT-14,OT-01462,OT-01548,VendorSerial,YES,YES,NO
PLT-14,OT-01469,OT-01549,OPC_UA,YES,NO,YES
PLT-14,OT-01429,OT-01521,VendorSerial,YES,YES,YES
PLT-14,OT-01525,OT-01457,PROFIBUS,YES,YES,NO
PLT-14,OT-01466,OT-01435,PROFINET,YES,YES,YES
PLT-14,OT-01479,OT-01434,PROFIBUS,NO,YES,YES
PLT-14,OT-01458,OT-01468,OPC_DA,YES,YES,NO
PLT-14,OT-01509,OT-01460,PROFIBUS,YES,YES,NO
PLT-14,OT-01461,OT-01493,EtherNetIP,NO,YES,YES
PLT-14,OT-01548,OT-01551,ModbusTCP,YES,NO,YES
PLT-14,OT-01480,OT-01426,DNP3,YES,YES,NO
PLT-14,OT-01490,OT-01532,PROFINET,YES,YES,YES
PLT-14,OT-01476,OT-01483,EtherNetIP,YES,YES,YES
PLT-14,OT-01511,OT-01551,DNP3,YES,NO,NO
PLT-14,OT-01433,OT-01544,IEC61850,YES,YES,YES
PLT-14,OT-01503,OT-01451,PROFIBUS,UNKNOWN,YES,NO
PLT-14,OT-01549,OT-01511,IEC61850,YES,YES,YES
PLT-14,OT-01503,OT-01436,EtherNetIP,YES,YES,NO
PLT-14,OT-01537,OT-01506,IEC61850,YES,YES,YES
PLT-14,OT-01474,OT-01542,EtherNetIP,YES,YES,YES
PLT-14,OT-01446,OT-01481,PROFIBUS,UNKNOWN,NO,YES
PLT-14,OT-01513,OT-01485,ModbusTCP,YES,YES,YES
PLT-14,OT-01494,OT-01436,ModbusTCP,YES,YES,YES
PLT-14,OT-01522,OT-01504,ModbusTCP,UNKNOWN,YES,YES
PLT-14,OT-01484,OT-01491,IEC61850,NO,NO,YES
PLT-14,OT-01468,OT-01541,IEC104,YES,YES,YES
PLT-14,OT-01491,OT-01477,IEC104,YES,YES,YES
PLT-14,OT-01519,OT-01537,EtherNetIP,UNKNOWN,YES,YES
PLT-14,OT-01464,OT-01500,IEC104,YES,YES,YES
PLT-14,OT-01489,OT-01498,PROFINET,YES,YES,NO
PLT-14,OT-01476,OT-01425,ModbusTCP,YES,YES,YES
PLT-14,OT-01515,OT-01533,OPC_DA,YES,YES,YES
PLT-14,OT-01462,OT-01501,PROFINET,YES,YES,YES
PLT-14,OT-01487,OT-01544,PROFINET,YES,YES,YES
PLT-14,OT-01472,OT-01453,OPC_DA,YES,YES,YES
PLT-14,OT-01548,OT-01434,IEC61850,YES,YES,YES
PLT-14,OT-01474,OT-01450,PROFIBUS,YES,YES,NO
PLT-14,OT-01440,OT-01522,IEC61850,YES,YES,YES
PLT-14,OT-01428,OT-01480,OPC_UA,YES,YES,YES
PLT-14,OT-01497,OT-01522,PROFINET,YES,YES,YES
PLT-14,OT-01494,OT-01545,OPC_UA,YES,YES,YES
PLT-14,OT-01490,OT-01545,IEC61850,YES,NO,NO
PLT-14,OT-01543,OT-01480,PROFINET,YES,YES,NO
PLT-14,OT-01520,OT-01536,OPC_DA,YES,YES,YES
PLT-14,OT-01529,OT-01523,EtherNetIP,YES,YES,YES
PLT-14,OT-01482,OT-01551,PROFIBUS,UNKNOWN,NO,YES
PLT-14,OT-01449,OT-01458,ModbusTCP,YES,NO,NO
PLT-14,OT-01497,OT-01436,EtherNetIP,YES,NO,YES
PLT-14,OT-01480,OT-01530,DNP3,YES,NO,NO
PLT-14,OT-01475,OT-01481,OPC_UA,YES,NO,NO
PLT-14,OT-01503,OT-01499,EtherNetIP,YES,YES,YES
PLT-14,OT-01472,OT-01439,PROFINET,YES,NO,YES
PLT-14,OT-01469,OT-01441,OPC_DA,YES,YES,YES
PLT-14,OT-01548,OT-01440,VendorSerial,YES,YES,YES
PLT-14,OT-01434,OT-01448,OPC_UA,YES,YES,YES
PLT-14,OT-01479,OT-01518,PROFINET,NO,YES,YES
PLT-14,OT-01502,OT-01537,IEC104,YES,NO,YES
PLT-14,OT-01478,OT-01528,EtherNetIP,YES,YES,YES
PLT-14,OT-01472,OT-01512,PROFIBUS,YES,YES,YES
PLT-14,OT-01516,OT-01535,PROFIBUS,NO,YES,NO
PLT-14,OT-01439,OT-01510,OPC_UA,YES,NO,YES
PLT-14,OT-01547,OT-01440,EtherNetIP,NO,YES,YES
PLT-14,OT-01429,OT-01501,PROFIBUS,YES,YES,YES
PLT-14,OT-01501,OT-01549,IEC104,YES,YES,YES
PLT-14,OT-01480,OT-01528,ModbusTCP,NO,YES,NO
PLT-14,OT-01531,OT-01457,PROFIBUS,YES,YES,NO
PLT-14,OT-01447,OT-01461,DNP3,YES,YES,YES
PLT-14,OT-01510,OT-01451,DNP3,YES,YES,YES
PLT-14,OT-01516,OT-01460,IEC61850,YES,NO,YES
PLT-14,OT-01425,OT-01519,DNP3,YES,YES,NO
PLT-14,OT-01464,OT-01473,EtherNetIP,YES,YES,YES
PLT-14,OT-01540,OT-01433,DNP3,YES,NO,YES
PLT-14,OT-01507,OT-01456,OPC_UA,YES,YES,YES
PLT-14,OT-01509,OT-01551,OPC_UA,UNKNOWN,YES,NO
PLT-14,OT-01509,OT-01445,EtherNetIP,YES,YES,YES
PLT-14,OT-01427,OT-01528,EtherNetIP,YES,YES,YES
PLT-14,OT-01513,OT-01514,PROFIBUS,YES,NO,YES
PLT-14,OT-01500,OT-01463,IEC61850,YES,YES,NO
PLT-14,OT-01516,OT-01536,VendorSerial,NO,YES,YES
PLT-14,OT-01435,OT-01482,PROFINET,YES,NO,YES
PLT-14,OT-01464,OT-01448,IEC61850,YES,YES,YES
PLT-14,OT-01471,OT-01540,IEC104,UNKNOWN,YES,YES
PLT-14,OT-01463,OT-01512,IEC61850,UNKNOWN,YES,YES
PLT-14,OT-01482,OT-01496,PROFINET,YES,YES,YES
PLT-14,OT-01545,OT-01435,OPC_UA,YES,YES,YES
PLT-14,OT-01494,OT-01506,IEC104,NO,YES,NO
PLT-14,OT-01513,OT-01436,OPC_UA,NO,NO,NO
PLT-14,OT-01513,OT-01463,PROFIBUS,YES,YES,YES
PLT-14,OT-01485,OT-01496,PROFIBUS,YES,YES,YES
PLT-14,OT-01521,OT-01524,OPC_DA,YES,YES,YES
PLT-14,OT-01516,OT-01533,IEC61850,YES,NO,YES
PLT-14,OT-01443,OT-01515,IEC61850,YES,YES,YES
PLT-14,OT-01478,OT-01446,ModbusTCP,YES,YES,NO
PLT-14,OT-01475,OT-01470,DNP3,YES,NO,YES
PLT-14,OT-01537,OT-01516,DNP3,YES,YES,YES
PLT-14,OT-01467,OT-01477,VendorSerial,YES,NO,NO
PLT-14,OT-01537,OT-01457,DNP3,YES,YES,YES
PLT-14,OT-01543,OT-01545,PROFIBUS,NO,YES,NO
PLT-14,OT-01460,OT-01464,IEC61850,YES,YES,YES
PLT-14,OT-01549,OT-01452,PROFINET,YES,YES,YES
PLT-14,OT-01473,OT-01500,OPC_DA,YES,YES,YES
PLT-14,OT-01552,OT-01465,VendorSerial,YES,YES,YES
PLT-14,OT-01549,OT-01548,OPC_UA,YES,YES,NO
PLT-14,OT-01516,OT-01467,PROFIBUS,YES,YES,NO
PLT-14,OT-01480,OT-01501,EtherNetIP,YES,YES,YES
PLT-14,OT-01492,OT-01535,IEC61850,YES,NO,YES
PLT-14,OT-01517,OT-01492,PROFIBUS,YES,NO,YES
PLT-14,OT-01493,OT-01536,DNP3,YES,NO,NO
PLT-14,OT-01426,OT-01535,EtherNetIP,YES,YES,NO
PLT-14,OT-01494,OT-01500,EtherNetIP,YES,NO,YES
PLT-14,OT-01455,OT-01531,DNP3,YES,YES,YES
PLT-14,OT-01429,OT-01540,VendorSerial,YES,YES,YES
PLT-14,OT-01469,OT-01434,PROFIBUS,YES,YES,YES
PLT-14,OT-01470,OT-01543,IEC61850,YES,YES,NO
PLT-14,OT-01489,OT-01429,ModbusTCP,YES,YES,YES
PLT-14,OT-01472,OT-01437,EtherNetIP,YES,YES,NO
PLT-14,OT-01489,OT-01427,PROFIBUS,YES,YES,YES
PLT-14,OT-01428,OT-01461,PROFINET,YES,YES,YES
PLT-14,OT-01501,OT-01430,IEC61850,YES,YES,YES
PLT-14,OT-01470,OT-01545,OPC_DA,YES,YES,NO
PLT-14,OT-01447,OT-01467,OPC_DA,YES,YES,NO
PLT-14,OT-01518,OT-01500,VendorSerial,YES,YES,YES
PLT-14,OT-01523,OT-01478,IEC104,YES,YES,YES
PLT-14,OT-01545,OT-01440,ModbusTCP,YES,YES,YES
PLT-14,OT-01428,OT-01486,ModbusTCP,YES,YES,YES
PLT-15,OT-01611,OT-01632,OPC_DA,YES,YES,NO
PLT-15,OT-01614,OT-01628,DNP3,YES,YES,NO
PLT-15,OT-01650,OT-01648,DNP3,YES,YES,NO
PLT-15,OT-01621,OT-01569,VendorSerial,YES,YES,YES
PLT-15,OT-01662,OT-01608,DNP3,YES,YES,NO
PLT-15,OT-01595,OT-01649,PROFIBUS,YES,YES,YES
PLT-15,OT-01555,OT-01558,DNP3,YES,NO,YES
PLT-15,OT-01568,OT-01623,ModbusTCP,YES,YES,YES
PLT-15,OT-01593,OT-01619,DNP3,YES,YES,YES
PLT-15,OT-01563,OT-01616,PROFINET,YES,YES,YES
PLT-15,OT-01664,OT-01581,PROFINET,YES,YES,YES
PLT-15,OT-01581,OT-01601,EtherNetIP,YES,YES,YES
PLT-15,OT-01644,OT-01555,ModbusTCP,YES,YES,NO
PLT-15,OT-01614,OT-01618,EtherNetIP,YES,NO,YES
PLT-15,OT-01663,OT-01608,OPC_UA,YES,YES,YES
PLT-15,OT-01663,OT-01641,OPC_UA,YES,YES,NO
PLT-15,OT-01657,OT-01659,PROFINET,YES,NO,NO
PLT-15,OT-01565,OT-01560,EtherNetIP,YES,NO,YES
PLT-15,OT-01632,OT-01629,VendorSerial,YES,YES,YES
PLT-15,OT-01603,OT-01580,IEC104,YES,YES,NO
PLT-15,OT-01637,OT-01579,PROFIBUS,YES,YES,YES
PLT-15,OT-01602,OT-01606,EtherNetIP,YES,YES,YES
PLT-15,OT-01608,OT-01645,IEC61850,YES,YES,NO
PLT-15,OT-01595,OT-01561,IEC61850,YES,YES,YES
PLT-15,OT-01565,OT-01618,PROFINET,YES,YES,YES
PLT-15,OT-01644,OT-01605,IEC104,YES,YES,YES
PLT-15,OT-01662,OT-01580,IEC104,YES,YES,NO
PLT-15,OT-01664,OT-01634,DNP3,YES,YES,YES
PLT-15,OT-01619,OT-01581,ModbusTCP,YES,YES,NO
PLT-15,OT-01642,OT-01655,OPC_UA,YES,NO,YES
PLT-15,OT-01589,OT-01554,VendorSerial,YES,YES,YES
PLT-15,OT-01572,OT-01558,IEC61850,YES,YES,YES
PLT-15,OT-01655,OT-01658,OPC_UA,YES,YES,NO
PLT-15,OT-01560,OT-01624,ModbusTCP,NO,YES,NO
PLT-15,OT-01613,OT-01625,ModbusTCP,YES,YES,YES
PLT-15,OT-01561,OT-01591,PROFINET,YES,YES,NO
PLT-15,OT-01656,OT-01643,DNP3,YES,NO,YES
PLT-15,OT-01555,OT-01585,DNP3,YES,YES,YES
PLT-15,OT-01586,OT-01638,DNP3,YES,YES,YES
PLT-15,OT-01656,OT-01573,DNP3,YES,YES,YES
PLT-15,OT-01648,OT-01620,PROFIBUS,NO,YES,YES
PLT-15,OT-01601,OT-01559,DNP3,YES,YES,YES
PLT-15,OT-01659,OT-01570,PROFINET,YES,YES,YES
PLT-15,OT-01586,OT-01567,IEC104,YES,YES,YES
PLT-15,OT-01602,OT-01575,IEC61850,YES,YES,YES
PLT-15,OT-01599,OT-01653,IEC104,YES,NO,NO
PLT-15,OT-01610,OT-01576,OPC_UA,YES,YES,YES
PLT-15,OT-01614,OT-01561,DNP3,NO,YES,YES
PLT-15,OT-01636,OT-01622,OPC_UA,YES,YES,YES
PLT-15,OT-01636,OT-01603,IEC104,YES,YES,NO
PLT-15,OT-01561,OT-01579,EtherNetIP,UNKNOWN,YES,NO
PLT-15,OT-01666,OT-01641,EtherNetIP,YES,YES,YES
PLT-15,OT-01570,OT-01585,DNP3,YES,YES,YES
PLT-15,OT-01600,OT-01627,VendorSerial,YES,YES,YES
PLT-15,OT-01565,OT-01611,PROFINET,YES,YES,YES
PLT-15,OT-01553,OT-01573,OPC_UA,YES,YES,YES
PLT-15,OT-01629,OT-01638,PROFINET,YES,YES,YES
PLT-15,OT-01568,OT-01565,IEC104,YES,YES,YES
PLT-15,OT-01625,OT-01666,EtherNetIP,YES,YES,YES
PLT-15,OT-01634,OT-01653,OPC_DA,YES,YES,NO
PLT-15,OT-01630,OT-01587,PROFINET,UNKNOWN,NO,NO
PLT-15,OT-01554,OT-01589,IEC104,YES,YES,YES
PLT-15,OT-01622,OT-01613,PROFIBUS,UNKNOWN,YES,YES
PLT-15,OT-01658,OT-01593,PROFINET,YES,NO,YES
PLT-15,OT-01559,OT-01582,DNP3,YES,YES,NO
PLT-15,OT-01620,OT-01568,IEC104,YES,YES,YES
PLT-15,OT-01621,OT-01568,IEC61850,YES,YES,YES
PLT-15,OT-01609,OT-01631,PROFINET,YES,YES,NO
PLT-15,OT-01665,OT-01585,OPC_DA,YES,YES,NO
PLT-15,OT-01575,OT-01574,PROFIBUS,YES,YES,NO
PLT-15,OT-01612,OT-01580,PROFINET,YES,YES,NO
PLT-15,OT-01601,OT-01633,DNP3,YES,YES,YES
PLT-15,OT-01656,OT-01655,EtherNetIP,YES,YES,YES
PLT-15,OT-01660,OT-01635,IEC104,YES,YES,YES
PLT-15,OT-01556,OT-01644,PROFINET,YES,YES,YES
PLT-15,OT-01587,OT-01565,IEC104,YES,YES,NO
PLT-15,OT-01581,OT-01613,PROFIBUS,YES,NO,NO
PLT-15,OT-01605,OT-01591,ModbusTCP,YES,YES,NO
PLT-15,OT-01576,OT-01616,ModbusTCP,YES,YES,YES
PLT-15,OT-01647,OT-01560,VendorSerial,YES,YES,YES
PLT-15,OT-01641,OT-01593,IEC61850,YES,YES,YES
PLT-15,OT-01659,OT-01660,IEC104,YES,YES,YES
PLT-15,OT-01571,OT-01656,IEC61850,YES,YES,NO
PLT-15,OT-01563,OT-01647,ModbusTCP,NO,YES,YES
PLT-15,OT-01564,OT-01648,DNP3,YES,YES,NO
PLT-15,OT-01626,OT-01635,IEC104,YES,YES,YES
PLT-15,OT-01641,OT-01637,PROFINET,YES,YES,NO
PLT-15,OT-01629,OT-01631,EtherNetIP,YES,YES,YES
PLT-15,OT-01567,OT-01612,PROFIBUS,YES,NO,YES
PLT-15,OT-01583,OT-01636,OPC_DA,YES,YES,YES
PLT-15,OT-01627,OT-01658,OPC_UA,UNKNOWN,YES,NO
PLT-15,OT-01563,OT-01562,DNP3,YES,YES,YES
PLT-15,OT-01644,OT-01577,PROFIBUS,YES,YES,YES
PLT-15,OT-01604,OT-01620,OPC_UA,YES,YES,YES
PLT-15,OT-01664,OT-01618,OPC_UA,YES,YES,YES
PLT-15,OT-01651,OT-01601,IEC61850,YES,YES,YES
PLT-15,OT-01666,OT-01635,PROFINET,YES,NO,YES
PLT-15,OT-01613,OT-01612,OPC_UA,NO,YES,YES
PLT-15,OT-01567,OT-01563,IEC61850,YES,NO,NO
PLT-15,OT-01642,OT-01611,DNP3,YES,YES,YES
PLT-15,OT-01614,OT-01590,IEC104,YES,YES,YES
PLT-15,OT-01568,OT-01582,ModbusTCP,YES,YES,YES
PLT-15,OT-01585,OT-01576,ModbusTCP,YES,YES,NO
PLT-15,OT-01604,OT-01656,IEC104,YES,YES,YES
PLT-15,OT-01588,OT-01643,IEC104,YES,YES,YES
PLT-15,OT-01616,OT-01564,OPC_UA,YES,YES,YES
PLT-15,OT-01599,OT-01583,PROFINET,YES,YES,YES
PLT-15,OT-01655,OT-01657,IEC61850,YES,YES,YES
PLT-15,OT-01600,OT-01554,DNP3,YES,YES,YES
PLT-15,OT-01614,OT-01596,VendorSerial,YES,YES,YES
PLT-15,OT-01648,OT-01597,DNP3,YES,YES,YES
PLT-15,OT-01557,OT-01593,DNP3,YES,YES,YES
PLT-15,OT-01619,OT-01637,OPC_UA,YES,YES,NO
PLT-15,OT-01597,OT-01651,DNP3,YES,YES,YES
PLT-15,OT-01622,OT-01600,IEC104,NO,YES,NO
PLT-15,OT-01664,OT-01635,EtherNetIP,YES,YES,YES
PLT-15,OT-01608,OT-01560,DNP3,YES,NO,NO
PLT-15,OT-01646,OT-01632,EtherNetIP,YES,YES,YES
PLT-15,OT-01642,OT-01652,VendorSerial,YES,YES,NO
PLT-15,OT-01569,OT-01632,EtherNetIP,YES,YES,YES
PLT-15,OT-01578,OT-01572,EtherNetIP,NO,YES,YES
PLT-15,OT-01622,OT-01579,PROFIBUS,YES,YES,YES
PLT-15,OT-01608,OT-01622,IEC61850,YES,YES,YES
PLT-15,OT-01618,OT-01625,DNP3,YES,YES,YES
PLT-15,OT-01609,OT-01557,OPC_DA,YES,YES,NO
PLT-15,OT-01641,OT-01606,IEC104,YES,YES,YES
PLT-15,OT-01657,OT-01616,OPC_UA,YES,NO,YES
PLT-15,OT-01626,OT-01590,IEC61850,YES,NO,YES
PLT-15,OT-01565,OT-01581,ModbusTCP,YES,YES,NO
PLT-15,OT-01556,OT-01644,PROFIBUS,YES,YES,YES
PLT-15,OT-01607,OT-01662,PROFINET,YES,YES,YES
PLT-15,OT-01592,OT-01611,EtherNetIP,YES,YES,YES
PLT-15,OT-01596,OT-01634,OPC_DA,YES,YES,NO
PLT-15,OT-01591,OT-01598,PROFIBUS,UNKNOWN,YES,NO
PLT-15,OT-01660,OT-01577,PROFINET,YES,NO,YES
PLT-15,OT-01610,OT-01651,IEC61850,YES,YES,YES
PLT-15,OT-01621,OT-01607,PROFINET,UNKNOWN,YES,YES
PLT-15,OT-01630,OT-01582,IEC61850,UNKNOWN,YES,NO
PLT-15,OT-01648,OT-01563,ModbusTCP,YES,YES,YES
PLT-15,OT-01608,OT-01584,EtherNetIP,YES,NO,YES
PLT-15,OT-01564,OT-01639,EtherNetIP,YES,YES,NO
PLT-15,OT-01605,OT-01594,DNP3,YES,YES,NO
PLT-15,OT-01661,OT-01598,PROFIBUS,YES,YES,YES
PLT-15,OT-01649,OT-01639,EtherNetIP,YES,YES,NO
PLT-15,OT-01662,OT-01566,EtherNetIP,YES,NO,YES
PLT-15,OT-01624,OT-01583,ModbusTCP,YES,NO,YES
PLT-15,OT-01554,OT-01660,ModbusTCP,NO,NO,YES
PLT-15,OT-01637,OT-01665,PROFIBUS,YES,YES,YES
PLT-15,OT-01628,OT-01662,IEC61850,YES,YES,YES
PLT-15,OT-01576,OT-01584,OPC_DA,YES,NO,YES
PLT-15,OT-01621,OT-01635,EtherNetIP,YES,YES,YES
PLT-15,OT-01564,OT-01567,ModbusTCP,YES,YES,YES
PLT-15,OT-01620,OT-01630,IEC61850,YES,YES,YES
PLT-15,OT-01624,OT-01607,VendorSerial,YES,YES,YES
PLT-15,OT-01566,OT-01596,EtherNetIP,YES,YES,YES
PLT-15,OT-01630,OT-01559,IEC104,YES,YES,YES
PLT-15,OT-01553,OT-01607,PROFIBUS,YES,YES,YES
PLT-15,OT-01652,OT-01636,ModbusTCP,YES,NO,YES
PLT-15,OT-01582,OT-01608,PROFINET,YES,YES,YES
PLT-15,OT-01664,OT-01561,IEC104,YES,YES,YES
PLT-15,OT-01615,OT-01573,DNP3,YES,YES,NO
PLT-15,OT-01652,OT-01638,PROFIBUS,YES,YES,YES
PLT-15,OT-01570,OT-01602,PROFINET,YES,YES,YES
PLT-15,OT-01653,OT-01613,DNP3,UNKNOWN,YES,YES
PLT-15,OT-01622,OT-01620,EtherNetIP,YES,YES,NO
PLT-15,OT-01595,OT-01581,IEC61850,YES,NO,YES
PLT-15,OT-01637,OT-01623,ModbusTCP,YES,YES,YES
PLT-15,OT-01575,OT-01588,VendorSerial,YES,YES,YES
PLT-15,OT-01581,OT-01557,OPC_DA,YES,YES,NO
PLT-15,OT-01615,OT-01590,EtherNetIP,YES,YES,NO
PLT-15,OT-01587,OT-01660,ModbusTCP,YES,YES,YES
PLT-15,OT-01600,OT-01611,ModbusTCP,YES,YES,YES
PLT-15,OT-01648,OT-01570,DNP3,UNKNOWN,YES,YES
PLT-15,OT-01651,OT-01617,OPC_DA,YES,YES,YES
PLT-15,OT-01553,OT-01635,ModbusTCP,YES,YES,YES
PLT-15,OT-01604,OT-01585,IEC61850,YES,YES,YES
PLT-15,OT-01569,OT-01619,OPC_UA,YES,YES,YES
PLT-15,OT-01571,OT-01607,PROFINET,YES,YES,YES
PLT-15,OT-01553,OT-01584,OPC_DA,YES,YES,YES
PLT-15,OT-01608,OT-01559,OPC_DA,YES,YES,YES
PLT-15,OT-01588,OT-01647,IEC104,YES,YES,NO
PLT-15,OT-01607,OT-01639,VendorSerial,YES,YES,YES
PLT-15,OT-01644,OT-01634,EtherNetIP,YES,YES,YES
PLT-15,OT-01562,OT-01660,ModbusTCP,YES,YES,YES
PLT-15,OT-01607,OT-01629,IEC61850,YES,YES,NO
PLT-15,OT-01663,OT-01606,IEC61850,YES,YES,YES
PLT-15,OT-01590,OT-01620,OPC_DA,YES,YES,YES
PLT-15,OT-01626,OT-01559,PROFINET,NO,YES,YES
PLT-15,OT-01629,OT-01562,EtherNetIP,YES,YES,YES
PLT-15,OT-01603,OT-01656,IEC104,UNKNOWN,YES,NO
PLT-15,OT-01666,OT-01660,OPC_DA,YES,YES,YES
PLT-15,OT-01656,OT-01616,PROFIBUS,YES,NO,YES
PLT-15,OT-01565,OT-01555,IEC104,YES,YES,YES
PLT-15,OT-01660,OT-01565,IEC61850,YES,YES,YES
PLT-15,OT-01587,OT-01647,PROFIBUS,YES,YES,YES
PLT-15,OT-01633,OT-01645,OPC_DA,YES,YES,YES
PLT-15,OT-01644,OT-01631,PROFIBUS,YES,NO,NO
PLT-15,OT-01582,OT-01578,VendorSerial,YES,YES,YES
PLT-15,OT-01589,OT-01637,EtherNetIP,YES,YES,YES
PLT-15,OT-01560,OT-01611,OPC_UA,YES,YES,YES
PLT-15,OT-01623,OT-01655,OPC_DA,YES,YES,YES
PLT-15,OT-01606,OT-01595,IEC104,YES,YES,YES
PLT-15,OT-01638,OT-01563,VendorSerial,YES,YES,YES
PLT-15,OT-01584,OT-01578,PROFINET,YES,YES,YES
PLT-15,OT-01660,OT-01557,DNP3,YES,YES,YES
PLT-15,OT-01553,OT-01656,EtherNetIP,YES,YES,YES
PLT-15,OT-01646,OT-01608,VendorSerial,YES,YES,YES
PLT-15,OT-01635,OT-01641,DNP3,YES,YES,YES
PLT-15,OT-01648,OT-01627,OPC_DA,YES,YES,YES
PLT-15,OT-01614,OT-01581,ModbusTCP,YES,YES,YES
PLT-16,OT-01743,OT-01688,ModbusTCP,UNKNOWN,YES,YES
PLT-16,OT-01764,OT-01706,DNP3,YES,NO,YES
PLT-16,OT-01711,OT-01781,DNP3,YES,YES,YES
PLT-16,OT-01708,OT-01754,IEC104,YES,NO,YES
PLT-16,OT-01718,OT-01693,EtherNetIP,YES,YES,YES
PLT-16,OT-01773,OT-01753,EtherNetIP,YES,YES,NO
PLT-16,OT-01702,OT-01752,PROFINET,YES,YES,NO
PLT-16,OT-01772,OT-01781,OPC_UA,YES,YES,NO
PLT-16,OT-01706,OT-01726,PROFINET,NO,YES,YES
PLT-16,OT-01699,OT-01765,PROFINET,YES,YES,YES
PLT-16,OT-01675,OT-01677,IEC61850,YES,YES,YES
PLT-16,OT-01732,OT-01750,ModbusTCP,YES,YES,YES
PLT-16,OT-01739,OT-01720,PROFIBUS,YES,YES,YES
PLT-16,OT-01731,OT-01674,PROFIBUS,YES,YES,YES
PLT-16,OT-01714,OT-01716,OPC_UA,YES,NO,YES
PLT-16,OT-01712,OT-01775,EtherNetIP,YES,YES,NO
PLT-16,OT-01677,OT-01690,VendorSerial,YES,NO,YES
PLT-16,OT-01726,OT-01737,IEC61850,YES,YES,YES
PLT-16,OT-01777,OT-01669,OPC_DA,YES,YES,NO
PLT-16,OT-01729,OT-01760,IEC104,YES,YES,YES
PLT-16,OT-01746,OT-01757,VendorSerial,UNKNOWN,YES,YES
PLT-16,OT-01669,OT-01767,DNP3,YES,YES,YES
PLT-16,OT-01775,OT-01733,PROFIBUS,YES,YES,YES
PLT-16,OT-01748,OT-01677,ModbusTCP,UNKNOWN,YES,NO
PLT-16,OT-01669,OT-01688,PROFINET,YES,YES,NO
PLT-16,OT-01696,OT-01690,PROFINET,YES,YES,NO
PLT-16,OT-01751,OT-01742,ModbusTCP,YES,NO,YES
PLT-16,OT-01759,OT-01672,EtherNetIP,YES,YES,YES
PLT-16,OT-01745,OT-01775,IEC61850,YES,YES,NO
PLT-16,OT-01710,OT-01722,VendorSerial,YES,YES,YES
PLT-16,OT-01669,OT-01690,OPC_DA,YES,NO,YES
PLT-16,OT-01729,OT-01676,PROFINET,YES,YES,YES
PLT-16,OT-01681,OT-01723,PROFINET,YES,YES,NO
PLT-16,OT-01727,OT-01765,PROFINET,UNKNOWN,YES,YES
PLT-16,OT-01765,OT-01775,ModbusTCP,UNKNOWN,YES,YES
PLT-16,OT-01707,OT-01752,EtherNetIP,UNKNOWN,YES,YES
PLT-16,OT-01699,OT-01716,EtherNetIP,YES,YES,NO
PLT-16,OT-01724,OT-01740,VendorSerial,YES,NO,NO
PLT-16,OT-01775,OT-01667,VendorSerial,YES,YES,YES
PLT-16,OT-01729,OT-01783,VendorSerial,YES,YES,YES
PLT-16,OT-01673,OT-01729,PROFIBUS,YES,YES,NO
PLT-16,OT-01738,OT-01779,PROFIBUS,YES,YES,YES
PLT-16,OT-01717,OT-01712,OPC_DA,YES,YES,YES
PLT-16,OT-01774,OT-01744,OPC_UA,YES,YES,YES
PLT-16,OT-01670,OT-01757,PROFIBUS,YES,NO,YES
PLT-16,OT-01751,OT-01784,PROFINET,YES,YES,YES
PLT-16,OT-01711,OT-01736,PROFINET,YES,NO,NO
PLT-16,OT-01697,OT-01689,IEC104,YES,YES,NO
PLT-16,OT-01761,OT-01745,DNP3,YES,NO,YES
PLT-16,OT-01721,OT-01690,OPC_DA,YES,YES,YES
PLT-16,OT-01751,OT-01693,VendorSerial,YES,YES,YES
PLT-16,OT-01725,OT-01751,DNP3,YES,NO,YES
PLT-16,OT-01773,OT-01761,VendorSerial,YES,YES,YES
PLT-16,OT-01760,OT-01773,OPC_DA,YES,YES,YES
PLT-16,OT-01700,OT-01667,OPC_UA,YES,YES,YES
PLT-16,OT-01694,OT-01730,PROFINET,YES,YES,YES
PLT-16,OT-01710,OT-01719,DNP3,YES,NO,YES
PLT-16,OT-01687,OT-01770,VendorSerial,YES,YES,NO
PLT-16,OT-01708,OT-01755,OPC_UA,YES,YES,NO
PLT-16,OT-01778,OT-01717,PROFIBUS,YES,YES,YES
PLT-16,OT-01745,OT-01774,EtherNetIP,NO,YES,YES
PLT-16,OT-01709,OT-01691,OPC_UA,YES,YES,YES
PLT-16,OT-01778,OT-01757,PROFINET,YES,NO,YES
PLT-16,OT-01773,OT-01695,VendorSerial,YES,YES,YES
PLT-16,OT-01700,OT-01729,OPC_DA,YES,YES,NO
PLT-16,OT-01681,OT-01739,EtherNetIP,YES,YES,YES
PLT-16,OT-01768,OT-01743,DNP3,YES,YES,YES
PLT-16,OT-01723,OT-01750,ModbusTCP,YES,YES,YES
PLT-16,OT-01680,OT-01761,VendorSerial,YES,YES,NO
PLT-16,OT-01687,OT-01723,PROFIBUS,UNKNOWN,YES,YES
PLT-16,OT-01781,OT-01675,ModbusTCP,YES,NO,NO
PLT-16,OT-01763,OT-01687,EtherNetIP,YES,NO,YES
PLT-16,OT-01677,OT-01729,DNP3,YES,NO,YES
PLT-16,OT-01744,OT-01777,VendorSerial,YES,YES,YES
PLT-16,OT-01782,OT-01671,VendorSerial,YES,YES,NO
PLT-16,OT-01729,OT-01722,IEC104,YES,YES,YES
PLT-16,OT-01734,OT-01777,DNP3,YES,YES,YES
PLT-16,OT-01703,OT-01784,IEC104,YES,YES,YES
PLT-16,OT-01785,OT-01779,IEC61850,YES,YES,YES
PLT-16,OT-01704,OT-01739,EtherNetIP,UNKNOWN,YES,YES
PLT-16,OT-01778,OT-01684,PROFIBUS,YES,YES,YES
PLT-16,OT-01778,OT-01685,IEC61850,YES,YES,NO
PLT-16,OT-01697,OT-01699,ModbusTCP,YES,NO,YES
PLT-16,OT-01714,OT-01742,EtherNetIP,YES,YES,NO
PLT-16,OT-01672,OT-01683,OPC_DA,YES,YES,YES
PLT-16,OT-01698,OT-01695,OPC_UA,YES,YES,NO
PLT-16,OT-01697,OT-01667,VendorSerial,YES,YES,YES
PLT-16,OT-01714,OT-01726,IEC61850,YES,YES,YES
PLT-16,OT-01715,OT-01776,DNP3,YES,YES,YES
PLT-16,OT-01671,OT-01774,OPC_DA,YES,YES,NO
PLT-16,OT-01743,OT-01769,EtherNetIP,NO,YES,NO
PLT-16,OT-01763,OT-01695,PROFINET,NO,YES,YES
PLT-16,OT-01772,OT-01777,PROFIBUS,YES,YES,YES
PLT-16,OT-01668,OT-01738,EtherNetIP,NO,YES,YES
PLT-16,OT-01746,OT-01771,PROFIBUS,YES,YES,YES
PLT-16,OT-01684,OT-01743,OPC_UA,YES,YES,YES
PLT-16,OT-01702,OT-01703,IEC61850,YES,YES,YES
PLT-16,OT-01723,OT-01681,IEC61850,YES,YES,YES
PLT-16,OT-01778,OT-01742,VendorSerial,YES,NO,NO
PLT-16,OT-01731,OT-01714,DNP3,YES,NO,NO
PLT-16,OT-01742,OT-01772,PROFIBUS,YES,YES,YES
PLT-16,OT-01695,OT-01700,PROFIBUS,YES,YES,NO
PLT-16,OT-01687,OT-01726,PROFINET,YES,YES,YES
PLT-16,OT-01768,OT-01696,PROFINET,YES,YES,YES
PLT-16,OT-01766,OT-01710,OPC_UA,YES,NO,NO
PLT-16,OT-01710,OT-01691,ModbusTCP,YES,NO,YES
PLT-16,OT-01703,OT-01785,OPC_UA,YES,YES,YES
PLT-16,OT-01704,OT-01784,PROFINET,YES,YES,NO
PLT-16,OT-01688,OT-01676,ModbusTCP,NO,NO,NO
PLT-16,OT-01678,OT-01780,VendorSerial,YES,NO,YES
PLT-16,OT-01727,OT-01710,ModbusTCP,YES,YES,NO
PLT-16,OT-01718,OT-01757,IEC61850,YES,YES,NO
PLT-16,OT-01692,OT-01754,OPC_DA,YES,YES,NO
PLT-16,OT-01778,OT-01747,PROFIBUS,YES,YES,NO
PLT-16,OT-01776,OT-01772,PROFIBUS,YES,YES,YES
PLT-16,OT-01689,OT-01769,PROFIBUS,YES,YES,YES
PLT-16,OT-01701,OT-01712,PROFINET,YES,NO,YES
PLT-16,OT-01769,OT-01696,ModbusTCP,YES,YES,YES
PLT-16,OT-01691,OT-01777,EtherNetIP,YES,YES,YES
PLT-16,OT-01673,OT-01746,EtherNetIP,YES,YES,YES
PLT-16,OT-01730,OT-01734,OPC_DA,NO,YES,NO
PLT-16,OT-01673,OT-01667,OPC_UA,YES,NO,YES
PLT-16,OT-01677,OT-01760,IEC104,YES,YES,YES
PLT-16,OT-01761,OT-01739,EtherNetIP,YES,YES,NO
PLT-16,OT-01741,OT-01675,IEC104,YES,YES,YES
PLT-16,OT-01667,OT-01670,OPC_UA,UNKNOWN,YES,YES
PLT-16,OT-01772,OT-01708,PROFINET,YES,YES,NO
PLT-16,OT-01742,OT-01696,EtherNetIP,YES,NO,YES
PLT-16,OT-01726,OT-01766,PROFINET,YES,YES,YES
PLT-16,OT-01737,OT-01762,EtherNetIP,YES,YES,YES
PLT-16,OT-01765,OT-01705,PROFIBUS,YES,YES,YES
PLT-16,OT-01670,OT-01768,PROFIBUS,YES,NO,YES
PLT-16,OT-01760,OT-01686,IEC61850,YES,YES,NO
PLT-16,OT-01785,OT-01733,IEC104,YES,YES,YES
PLT-16,OT-01682,OT-01739,OPC_UA,YES,YES,YES
PLT-16,OT-01748,OT-01770,OPC_DA,YES,YES,YES
PLT-16,OT-01680,OT-01678,IEC61850,YES,YES,YES
PLT-16,OT-01778,OT-01734,IEC104,YES,YES,YES
PLT-16,OT-01699,OT-01744,EtherNetIP,YES,NO,YES
PLT-16,OT-01678,OT-01691,OPC_DA,YES,YES,YES
PLT-16,OT-01764,OT-01669,VendorSerial,YES,YES,YES
PLT-16,OT-01706,OT-01774,VendorSerial,YES,YES,YES
PLT-16,OT-01782,OT-01733,PROFINET,YES,NO,YES
PLT-16,OT-01741,OT-01690,ModbusTCP,YES,YES,YES
PLT-16,OT-01683,OT-01755,PROFIBUS,YES,YES,NO
PLT-16,OT-01748,OT-01782,OPC_DA,YES,NO,YES
PLT-16,OT-01761,OT-01773,PROFINET,YES,YES,YES
PLT-16,OT-01783,OT-01702,OPC_DA,YES,YES,YES
PLT-16,OT-01673,OT-01736,IEC104,YES,YES,YES
PLT-16,OT-01701,OT-01738,EtherNetIP,YES,YES,YES
PLT-16,OT-01767,OT-01704,IEC61850,YES,YES,NO
PLT-16,OT-01713,OT-01688,PROFINET,NO,YES,NO
PLT-16,OT-01778,OT-01785,EtherNetIP,YES,NO,YES
PLT-16,OT-01754,OT-01766,IEC61850,YES,YES,YES
PLT-16,OT-01719,OT-01677,DNP3,YES,YES,NO
PLT-16,OT-01773,OT-01726,EtherNetIP,YES,YES,YES
PLT-16,OT-01773,OT-01755,OPC_UA,YES,YES,YES
PLT-16,OT-01701,OT-01683,EtherNetIP,YES,YES,YES
PLT-16,OT-01681,OT-01723,VendorSerial,YES,YES,YES
PLT-16,OT-01755,OT-01769,PROFIBUS,YES,YES,YES
PLT-16,OT-01704,OT-01705,OPC_DA,YES,NO,YES
PLT-16,OT-01743,OT-01715,ModbusTCP,YES,YES,YES
PLT-16,OT-01719,OT-01714,VendorSerial,YES,YES,YES
PLT-16,OT-01710,OT-01730,OPC_DA,YES,YES,YES
PLT-16,OT-01670,OT-01750,DNP3,YES,YES,NO
PLT-16,OT-01703,OT-01731,PROFINET,YES,NO,YES
PLT-16,OT-01779,OT-01688,OPC_UA,YES,YES,NO
PLT-16,OT-01771,OT-01671,PROFINET,YES,YES,YES
PLT-16,OT-01762,OT-01710,PROFINET,YES,YES,YES
PLT-16,OT-01709,OT-01675,VendorSerial,YES,YES,YES
PLT-16,OT-01774,OT-01721,IEC104,YES,NO,YES
PLT-16,OT-01667,OT-01782,ModbusTCP,YES,YES,NO
PLT-16,OT-01754,OT-01749,VendorSerial,YES,YES,YES
PLT-16,OT-01732,OT-01721,PROFIBUS,YES,YES,YES
PLT-16,OT-01757,OT-01729,PROFINET,YES,YES,YES
PLT-16,OT-01719,OT-01694,OPC_DA,YES,YES,YES
PLT-16,OT-01735,OT-01757,DNP3,YES,YES,YES
PLT-16,OT-01682,OT-01691,IEC104,YES,YES,NO
PLT-16,OT-01736,OT-01733,IEC104,NO,YES,YES
PLT-16,OT-01719,OT-01703,IEC61850,YES,YES,NO
PLT-16,OT-01691,OT-01784,IEC61850,YES,YES,YES
PLT-16,OT-01733,OT-01735,IEC104,YES,YES,YES
PLT-16,OT-01738,OT-01724,ModbusTCP,YES,YES,YES
PLT-16,OT-01744,OT-01702,OPC_UA,YES,YES,YES
PLT-16,OT-01683,OT-01674,VendorSerial,YES,YES,YES
PLT-16,OT-01713,OT-01692,ModbusTCP,UNKNOWN,YES,NO
PLT-16,OT-01674,OT-01729,VendorSerial,YES,YES,YES
PLT-16,OT-01700,OT-01766,PROFINET,NO,YES,YES
PLT-16,OT-01693,OT-01760,OPC_DA,YES,NO,NO
PLT-16,OT-01709,OT-01749,PROFIBUS,YES,YES,YES
PLT-16,OT-01710,OT-01700,OPC_DA,YES,YES,YES
PLT-16,OT-01732,OT-01780,DNP3,YES,NO,YES
PLT-16,OT-01694,OT-01713,ModbusTCP,YES,YES,NO
PLT-16,OT-01774,OT-01705,EtherNetIP,YES,YES,YES
PLT-16,OT-01719,OT-01697,OPC_DA,YES,YES,NO
PLT-16,OT-01760,OT-01673,EtherNetIP,YES,NO,YES
PLT-16,OT-01683,OT-01707,PROFIBUS,YES,YES,YES
PLT-16,OT-01739,OT-01728,PROFINET,YES,NO,YES
PLT-16,OT-01712,OT-01767,OPC_DA,YES,YES,NO
PLT-16,OT-01720,OT-01702,DNP3,YES,YES,NO
PLT-16,OT-01702,OT-01741,DNP3,YES,YES,YES
PLT-16,OT-01717,OT-01750,IEC61850,YES,YES,YES
PLT-16,OT-01744,OT-01693,OPC_UA,YES,YES,NO
PLT-16,OT-01695,OT-01682,ModbusTCP,YES,YES,YES
PLT-16,OT-01746,OT-01709,IEC104,YES,YES,YES
PLT-16,OT-01706,OT-01715,OPC_DA,YES,YES,YES
PLT-16,OT-01687,OT-01716,EtherNetIP,YES,YES,YES
PLT-16,OT-01767,OT-01772,PROFINET,YES,YES,NO
PLT-16,OT-01712,OT-01757,OPC_UA,YES,YES,YES
PLT-16,OT-01680,OT-01725,ModbusTCP,YES,YES,YES
PLT-17,OT-01866,OT-01875,EtherNetIP,YES,YES,YES
PLT-17,OT-01884,OT-01815,OPC_UA,YES,NO,YES
PLT-17,OT-01796,OT-01861,DNP3,YES,YES,YES
PLT-17,OT-01870,OT-01852,OPC_UA,YES,YES,YES
PLT-17,OT-01837,OT-01860,OPC_DA,NO,YES,YES
PLT-17,OT-01841,OT-01891,IEC61850,NO,YES,YES
PLT-17,OT-01849,OT-01864,ModbusTCP,YES,YES,YES
PLT-17,OT-01788,OT-01827,DNP3,YES,NO,YES
PLT-17,OT-01879,OT-01824,IEC104,YES,YES,YES
PLT-17,OT-01807,OT-01872,PROFINET,YES,YES,NO
PLT-17,OT-01843,OT-01810,OPC_UA,YES,YES,NO
PLT-17,OT-01855,OT-01859,PROFINET,YES,NO,YES
PLT-17,OT-01812,OT-01859,OPC_DA,UNKNOWN,NO,YES
PLT-17,OT-01819,OT-01825,PROFINET,YES,YES,YES
PLT-17,OT-01802,OT-01833,PROFINET,UNKNOWN,NO,YES
PLT-17,OT-01888,OT-01804,IEC61850,YES,YES,YES
PLT-17,OT-01852,OT-01855,PROFIBUS,YES,YES,NO
PLT-17,OT-01833,OT-01832,EtherNetIP,YES,YES,NO
PLT-17,OT-01837,OT-01836,OPC_UA,YES,YES,YES
PLT-17,OT-01836,OT-01878,PROFINET,YES,YES,YES
PLT-17,OT-01827,OT-01887,PROFIBUS,YES,YES,NO
PLT-17,OT-01873,OT-01808,PROFIBUS,YES,YES,YES
PLT-17,OT-01834,OT-01796,OPC_DA,YES,YES,YES
PLT-17,OT-01836,OT-01829,VendorSerial,YES,YES,YES
PLT-17,OT-01817,OT-01822,ModbusTCP,YES,YES,YES
PLT-17,OT-01821,OT-01858,IEC104,YES,YES,NO
PLT-17,OT-01835,OT-01862,VendorSerial,NO,YES,NO
PLT-17,OT-01869,OT-01813,DNP3,YES,YES,NO
PLT-17,OT-01844,OT-01831,EtherNetIP,YES,YES,YES
PLT-17,OT-01795,OT-01854,IEC61850,YES,YES,YES
PLT-17,OT-01839,OT-01879,OPC_UA,NO,YES,YES
PLT-17,OT-01796,OT-01878,OPC_DA,YES,YES,YES
PLT-17,OT-01887,OT-01843,EtherNetIP,YES,YES,YES
PLT-17,OT-01868,OT-01889,OPC_DA,YES,YES,YES
PLT-17,OT-01883,OT-01865,OPC_DA,YES,YES,NO
PLT-17,OT-01827,OT-01825,VendorSerial,YES,YES,NO
PLT-17,OT-01864,OT-01858,ModbusTCP,YES,YES,NO
PLT-17,OT-01825,OT-01861,OPC_DA,YES,YES,YES
PLT-17,OT-01792,OT-01832,IEC104,YES,YES,YES
PLT-17,OT-01793,OT-01861,OPC_UA,YES,YES,YES
PLT-17,OT-01791,OT-01819,OPC_UA,YES,YES,NO
PLT-17,OT-01843,OT-01819,IEC61850,YES,YES,YES
PLT-17,OT-01856,OT-01872,EtherNetIP,YES,YES,YES
PLT-17,OT-01890,OT-01879,PROFINET,YES,NO,NO
PLT-17,OT-01890,OT-01884,EtherNetIP,YES,YES,YES
PLT-17,OT-01810,OT-01806,IEC61850,YES,NO,YES
PLT-17,OT-01809,OT-01798,OPC_UA,YES,YES,NO
PLT-17,OT-01881,OT-01832,IEC104,YES,YES,YES
PLT-17,OT-01821,OT-01870,DNP3,YES,YES,NO
PLT-17,OT-01798,OT-01884,EtherNetIP,YES,NO,YES
PLT-17,OT-01863,OT-01838,PROFIBUS,YES,YES,YES
PLT-17,OT-01832,OT-01838,PROFINET,YES,YES,YES
PLT-17,OT-01817,OT-01852,IEC104,NO,NO,NO
PLT-17,OT-01835,OT-01809,VendorSerial,YES,YES,YES
PLT-17,OT-01789,OT-01891,DNP3,YES,YES,NO
PLT-17,OT-01811,OT-01860,IEC104,YES,YES,NO
PLT-17,OT-01831,OT-01833,PROFIBUS,YES,NO,NO
PLT-17,OT-01879,OT-01832,ModbusTCP,YES,YES,YES
PLT-17,OT-01792,OT-01857,OPC_UA,YES,NO,YES
PLT-17,OT-01843,OT-01845,PROFIBUS,YES,YES,YES
PLT-17,OT-01786,OT-01806,PROFINET,YES,YES,NO
PLT-17,OT-01789,OT-01834,DNP3,UNKNOWN,YES,YES
PLT-17,OT-01863,OT-01884,ModbusTCP,YES,YES,YES
PLT-17,OT-01842,OT-01856,OPC_DA,YES,YES,NO
PLT-17,OT-01838,OT-01826,OPC_DA,YES,NO,YES
PLT-17,OT-01836,OT-01893,EtherNetIP,YES,YES,YES
PLT-17,OT-01870,OT-01863,VendorSerial,YES,YES,YES
PLT-17,OT-01817,OT-01849,VendorSerial,YES,YES,YES
PLT-17,OT-01867,OT-01853,PROFINET,YES,NO,YES
PLT-17,OT-01880,OT-01806,DNP3,YES,YES,NO
PLT-17,OT-01855,OT-01865,PROFIBUS,YES,YES,YES
PLT-17,OT-01836,OT-01853,IEC104,YES,YES,YES
PLT-17,OT-01880,OT-01796,DNP3,YES,YES,YES
PLT-17,OT-01867,OT-01868,VendorSerial,YES,YES,YES
PLT-17,OT-01830,OT-01851,PROFIBUS,YES,YES,YES
PLT-17,OT-01845,OT-01830,PROFIBUS,YES,YES,YES
PLT-17,OT-01891,OT-01804,IEC104,YES,YES,YES
PLT-17,OT-01876,OT-01884,VendorSerial,YES,YES,NO
PLT-17,OT-01837,OT-01881,VendorSerial,YES,YES,YES
PLT-17,OT-01811,OT-01864,IEC104,YES,YES,YES
PLT-17,OT-01836,OT-01796,OPC_UA,YES,YES,YES
PLT-17,OT-01813,OT-01840,PROFINET,NO,YES,YES
PLT-17,OT-01834,OT-01887,PROFIBUS,YES,YES,YES
PLT-17,OT-01822,OT-01792,IEC61850,UNKNOWN,YES,NO
PLT-17,OT-01869,OT-01867,PROFINET,YES,NO,YES
PLT-17,OT-01852,OT-01799,PROFIBUS,YES,YES,YES
PLT-17,OT-01823,OT-01839,EtherNetIP,YES,YES,YES
PLT-17,OT-01823,OT-01877,IEC104,UNKNOWN,YES,YES
PLT-17,OT-01883,OT-01891,IEC61850,YES,YES,YES
PLT-17,OT-01877,OT-01816,OPC_DA,YES,YES,YES
PLT-17,OT-01826,OT-01868,OPC_DA,YES,YES,NO
PLT-17,OT-01804,OT-01872,IEC104,YES,NO,YES
PLT-17,OT-01847,OT-01803,IEC61850,YES,YES,NO
PLT-17,OT-01825,OT-01861,PROFIBUS,YES,YES,YES
PLT-17,OT-01853,OT-01789,OPC_UA,YES,YES,NO
PLT-17,OT-01824,OT-01802,IEC104,YES,YES,NO
PLT-17,OT-01797,OT-01806,PROFIBUS,YES,YES,NO
PLT-17,OT-01886,OT-01841,IEC61850,YES,NO,YES
PLT-17,OT-01828,OT-01894,EtherNetIP,YES,YES,YES
PLT-17,OT-01833,OT-01798,VendorSerial,YES,YES,YES
PLT-17,OT-01884,OT-01844,VendorSerial,YES,NO,YES
PLT-17,OT-01893,OT-01842,IEC61850,YES,YES,YES
PLT-17,OT-01886,OT-01891,ModbusTCP,YES,NO,YES
PLT-17,OT-01859,OT-01876,VendorSerial,NO,YES,YES
PLT-17,OT-01844,OT-01878,IEC61850,YES,YES,YES
PLT-17,OT-01865,OT-01786,IEC104,YES,YES,YES
PLT-17,OT-01834,OT-01798,OPC_DA,YES,YES,NO
PLT-17,OT-01791,OT-01894,OPC_DA,YES,YES,NO
PLT-17,OT-01843,OT-01878,PROFIBUS,YES,YES,YES
PLT-17,OT-01877,OT-01795,EtherNetIP,NO,YES,YES
PLT-17,OT-01802,OT-01877,IEC61850,YES,YES,YES
PLT-17,OT-01868,OT-01857,ModbusTCP,YES,YES,YES
PLT-17,OT-01887,OT-01884,PROFINET,YES,YES,NO
PLT-17,OT-01809,OT-01795,VendorSerial,YES,YES,YES
PLT-17,OT-01872,OT-01890,OPC_DA,YES,YES,YES
PLT-17,OT-01834,OT-01886,PROFIBUS,YES,YES,YES
PLT-17,OT-01839,OT-01842,OPC_UA,UNKNOWN,YES,NO
PLT-17,OT-01856,OT-01892,OPC_DA,YES,YES,NO
PLT-17,OT-01835,OT-01875,IEC61850,YES,YES,YES
PLT-17,OT-01817,OT-01802,ModbusTCP,YES,YES,YES
PLT-17,OT-01825,OT-01884,ModbusTCP,YES,YES,YES
PLT-17,OT-01817,OT-01856,OPC_UA,YES,YES,YES
PLT-17,OT-01848,OT-01812,OPC_UA,YES,YES,YES
PLT-17,OT-01837,OT-01870,ModbusTCP,YES,YES,YES
PLT-17,OT-01788,OT-01796,DNP3,YES,YES,NO
PLT-17,OT-01851,OT-01844,IEC104,YES,YES,YES
PLT-17,OT-01854,OT-01793,PROFIBUS,YES,YES,YES
PLT-17,OT-01879,OT-01873,ModbusTCP,YES,YES,NO
PLT-17,OT-01828,OT-01842,PROFIBUS,YES,YES,YES
PLT-17,OT-01881,OT-01894,OPC_UA,YES,YES,YES
PLT-17,OT-01846,OT-01793,PROFINET,YES,YES,YES
PLT-17,OT-01798,OT-01855,PROFIBUS,UNKNOWN,YES,YES
PLT-17,OT-01790,OT-01807,DNP3,YES,YES,NO
PLT-17,OT-01794,OT-01825,IEC104,YES,YES,YES
PLT-17,OT-01829,OT-01833,DNP3,YES,YES,NO
PLT-17,OT-01807,OT-01790,DNP3,YES,YES,YES
PLT-17,OT-01818,OT-01861,EtherNetIP,YES,YES,YES
PLT-17,OT-01877,OT-01852,PROFINET,YES,YES,YES
PLT-17,OT-01854,OT-01884,DNP3,UNKNOWN,YES,NO
PLT-17,OT-01867,OT-01792,OPC_DA,YES,NO,YES
PLT-17,OT-01851,OT-01789,EtherNetIP,YES,NO,NO
PLT-17,OT-01876,OT-01877,PROFINET,YES,NO,YES
PLT-17,OT-01788,OT-01860,OPC_DA,YES,YES,YES
PLT-17,OT-01816,OT-01858,EtherNetIP,YES,NO,YES
PLT-17,OT-01797,OT-01836,ModbusTCP,YES,YES,YES
PLT-17,OT-01879,OT-01877,PROFINET,YES,YES,NO
PLT-17,OT-01841,OT-01808,PROFINET,YES,NO,YES
PLT-17,OT-01868,OT-01810,IEC61850,YES,YES,YES
PLT-17,OT-01863,OT-01888,VendorSerial,YES,YES,YES
PLT-17,OT-01849,OT-01794,EtherNetIP,YES,YES,YES
PLT-17,OT-01888,OT-01829,ModbusTCP,YES,YES,YES
PLT-17,OT-01806,OT-01795,IEC61850,YES,YES,YES
PLT-17,OT-01881,OT-01814,IEC61850,YES,YES,YES
PLT-17,OT-01799,OT-01866,ModbusTCP,YES,NO,YES
PLT-17,OT-01850,OT-01865,PROFIBUS,YES,YES,NO
PLT-17,OT-01846,OT-01813,DNP3,YES,YES,NO
PLT-17,OT-01797,OT-01786,ModbusTCP,YES,YES,NO
PLT-17,OT-01805,OT-01818,PROFINET,YES,NO,YES
PLT-17,OT-01812,OT-01833,OPC_UA,YES,YES,YES
PLT-17,OT-01806,OT-01818,PROFIBUS,YES,YES,NO
PLT-17,OT-01863,OT-01875,IEC104,YES,YES,YES
PLT-17,OT-01849,OT-01798,IEC104,YES,YES,NO
PLT-17,OT-01884,OT-01887,OPC_UA,YES,YES,YES
PLT-17,OT-01842,OT-01888,PROFINET,YES,YES,NO
PLT-17,OT-01871,OT-01872,PROFINET,NO,YES,YES
PLT-17,OT-01822,OT-01809,DNP3,YES,YES,YES
PLT-17,OT-01868,OT-01815,PROFIBUS,YES,YES,YES
PLT-17,OT-01866,OT-01876,PROFINET,YES,YES,YES
PLT-17,OT-01828,OT-01808,PROFINET,YES,YES,NO
PLT-17,OT-01817,OT-01853,VendorSerial,YES,YES,NO
PLT-17,OT-01836,OT-01863,EtherNetIP,YES,YES,YES
PLT-17,OT-01827,OT-01819,ModbusTCP,YES,YES,YES
PLT-17,OT-01869,OT-01827,PROFINET,YES,YES,YES
PLT-17,OT-01854,OT-01883,OPC_DA,YES,NO,NO
PLT-17,OT-01847,OT-01828,DNP3,YES,YES,YES
PLT-17,OT-01808,OT-01859,EtherNetIP,YES,YES,YES
PLT-17,OT-01843,OT-01833,VendorSerial,UNKNOWN,YES,NO
PLT-17,OT-01821,OT-01886,IEC104,YES,NO,NO
PLT-17,OT-01841,OT-01860,DNP3,YES,YES,NO
PLT-17,OT-01895,OT-01847,OPC_DA,YES,YES,NO
PLT-17,OT-01839,OT-01844,VendorSerial,YES,YES,YES
PLT-17,OT-01890,OT-01791,IEC104,YES,YES,NO
PLT-17,OT-01806,OT-01822,OPC_DA,YES,NO,YES
PLT-17,OT-01823,OT-01868,OPC_DA,YES,NO,YES
PLT-17,OT-01793,OT-01878,IEC61850,YES,YES,NO
PLT-17,OT-01797,OT-01877,IEC61850,YES,YES,YES
PLT-17,OT-01865,OT-01801,IEC61850,YES,YES,YES
PLT-17,OT-01884,OT-01832,IEC104,YES,YES,YES
PLT-17,OT-01882,OT-01841,IEC61850,YES,YES,YES
PLT-17,OT-01828,OT-01791,IEC104,YES,YES,NO
PLT-17,OT-01832,OT-01882,IEC61850,YES,NO,YES
PLT-17,OT-01813,OT-01807,IEC104,NO,YES,YES
PLT-17,OT-01809,OT-01894,DNP3,YES,YES,NO
PLT-17,OT-01812,OT-01811,DNP3,YES,YES,YES
PLT-17,OT-01849,OT-01787,ModbusTCP,YES,YES,YES
PLT-17,OT-01871,OT-01869,OPC_DA,YES,NO,YES
PLT-17,OT-01835,OT-01801,IEC104,YES,YES,YES
PLT-17,OT-01846,OT-01887,OPC_DA,YES,YES,NO
PLT-17,OT-01797,OT-01812,IEC61850,YES,YES,YES
PLT-17,OT-01850,OT-01802,IEC104,YES,YES,YES
PLT-17,OT-01817,OT-01820,IEC61850,YES,YES,YES
PLT-17,OT-01793,OT-01823,PROFIBUS,YES,YES,YES
PLT-17,OT-01878,OT-01832,DNP3,UNKNOWN,YES,NO
PLT-17,OT-01836,OT-01853,IEC104,YES,YES,NO
PLT-17,OT-01801,OT-01883,ModbusTCP,YES,NO,NO
PLT-17,OT-01895,OT-01866,PROFIBUS,YES,NO,YES
PLT-17,OT-01813,OT-01852,OPC_UA,YES,YES,NO
PLT-17,OT-01834,OT-01786,VendorSerial,NO,YES,YES
PLT-17,OT-01882,OT-01846,VendorSerial,YES,YES,YES
PLT-17,OT-01798,OT-01844,DNP3,YES,YES,YES
PLT-18,OT-01922,OT-01947,VendorSerial,YES,YES,YES
PLT-18,OT-01995,OT-01999,PROFIBUS,YES,YES,NO
PLT-18,OT-01907,OT-01920,OPC_UA,YES,YES,NO
PLT-18,OT-01944,OT-01898,OPC_UA,YES,YES,YES
PLT-18,OT-01916,OT-01971,PROFIBUS,NO,YES,YES
PLT-18,OT-01994,OT-01897,OPC_UA,YES,YES,YES
PLT-18,OT-01915,OT-01966,PROFINET,YES,YES,NO
PLT-18,OT-02006,OT-01957,DNP3,YES,NO,NO
PLT-18,OT-01943,OT-02014,PROFINET,YES,NO,YES
PLT-18,OT-01985,OT-01963,IEC61850,YES,YES,YES
PLT-18,OT-01923,OT-01915,PROFINET,YES,YES,YES
PLT-18,OT-01930,OT-01971,IEC61850,YES,YES,YES
PLT-18,OT-01989,OT-01953,OPC_DA,YES,YES,YES
PLT-18,OT-01958,OT-01898,EtherNetIP,YES,YES,YES
PLT-18,OT-01969,OT-01964,PROFIBUS,YES,YES,YES
PLT-18,OT-01935,OT-01968,ModbusTCP,YES,YES,NO
PLT-18,OT-01934,OT-01946,PROFIBUS,YES,YES,YES
PLT-18,OT-02012,OT-01939,OPC_DA,YES,YES,YES
PLT-18,OT-01954,OT-01913,OPC_UA,YES,YES,YES
PLT-18,OT-01940,OT-01913,VendorSerial,YES,YES,NO
PLT-18,OT-01985,OT-01952,IEC104,YES,YES,YES
PLT-18,OT-01959,OT-02014,VendorSerial,UNKNOWN,YES,NO
PLT-18,OT-01990,OT-01969,EtherNetIP,YES,YES,YES
PLT-18,OT-01982,OT-01935,IEC61850,YES,YES,NO
PLT-18,OT-01970,OT-01981,PROFIBUS,YES,YES,NO
PLT-18,OT-01971,OT-01983,OPC_DA,YES,NO,YES
PLT-18,OT-02015,OT-01945,IEC104,YES,YES,NO
PLT-18,OT-01953,OT-01933,PROFINET,YES,YES,YES
PLT-18,OT-01995,OT-01987,PROFINET,YES,NO,NO
PLT-18,OT-02014,OT-01960,DNP3,YES,YES,NO
PLT-18,OT-01952,OT-02016,IEC61850,YES,NO,YES
PLT-18,OT-01946,OT-01951,DNP3,YES,NO,YES
PLT-18,OT-01951,OT-01928,EtherNetIP,NO,NO,NO
PLT-18,OT-01973,OT-01914,OPC_DA,YES,YES,NO
PLT-18,OT-01915,OT-02001,IEC104,YES,YES,NO
PLT-18,OT-01930,OT-01996,VendorSerial,YES,YES,YES
PLT-18,OT-01975,OT-01953,IEC61850,YES,YES,YES
PLT-18,OT-02010,OT-02005,IEC104,YES,YES,YES
PLT-18,OT-01900,OT-01906,PROFIBUS,YES,YES,YES
PLT-18,OT-01993,OT-01922,IEC61850,YES,YES,NO
PLT-18,OT-01999,OT-01953,VendorSerial,YES,YES,YES
PLT-18,OT-01998,OT-01976,ModbusTCP,YES,YES,YES
PLT-18,OT-01896,OT-01903,OPC_UA,YES,YES,YES
PLT-18,OT-01981,OT-02005,OPC_UA,YES,YES,YES
PLT-18,OT-01942,OT-01917,PROFINET,YES,NO,YES
PLT-18,OT-01977,OT-01897,OPC_DA,YES,YES,YES
PLT-18,OT-01992,OT-02014,VendorSerial,UNKNOWN,YES,YES
PLT-18,OT-01997,OT-01952,IEC61850,YES,YES,YES
PLT-18,OT-01961,OT-01910,IEC61850,YES,YES,NO
PLT-18,OT-01935,OT-01959,OPC_UA,YES,YES,NO
PLT-18,OT-01965,OT-01899,PROFIBUS,NO,NO,YES
PLT-18,OT-01936,OT-01957,PROFINET,YES,YES,NO
PLT-18,OT-01937,OT-01987,OPC_DA,YES,YES,YES
PLT-18,OT-01985,OT-01990,IEC61850,YES,NO,NO
PLT-18,OT-01944,OT-02004,ModbusTCP,YES,YES,YES
PLT-18,OT-01898,OT-02004,EtherNetIP,YES,YES,YES
PLT-18,OT-01915,OT-01990,PROFIBUS,YES,YES,YES
PLT-18,OT-01944,OT-01911,IEC104,YES,YES,NO
PLT-18,OT-01934,OT-01938,DNP3,UNKNOWN,YES,NO
PLT-18,OT-01999,OT-01970,PROFINET,YES,YES,YES
PLT-18,OT-01996,OT-01944,IEC61850,YES,YES,YES
PLT-18,OT-02008,OT-01991,DNP3,YES,YES,YES
PLT-18,OT-01898,OT-01933,OPC_UA,YES,YES,YES
PLT-18,OT-01933,OT-01987,OPC_DA,YES,NO,YES
PLT-18,OT-02009,OT-01903,IEC61850,YES,YES,YES
PLT-18,OT-01957,OT-02005,PROFIBUS,NO,YES,YES
PLT-18,OT-01922,OT-02007,EtherNetIP,YES,NO,YES
PLT-18,OT-01916,OT-01901,OPC_UA,YES,YES,YES
PLT-18,OT-01929,OT-01960,OPC_UA,YES,YES,NO
PLT-18,OT-01989,OT-01899,PROFIBUS,YES,NO,YES
PLT-18,OT-01987,OT-01979,VendorSerial,YES,YES,NO
PLT-18,OT-01954,OT-01996,VendorSerial,YES,YES,NO
PLT-18,OT-01929,OT-01984,DNP3,YES,YES,NO
PLT-18,OT-01908,OT-02006,OPC_DA,YES,YES,NO
PLT-18,OT-01904,OT-01919,PROFINET,YES,YES,YES
PLT-18,OT-01964,OT-01927,EtherNetIP,NO,YES,NO
PLT-18,OT-02011,OT-01898,OPC_UA,YES,YES,YES
PLT-18,OT-01899,OT-02009,EtherNetIP,YES,YES,YES
PLT-18,OT-01967,OT-01909,OPC_UA,YES,YES,YES
PLT-18,OT-01956,OT-02003,OPC_UA,YES,YES,YES
PLT-18,OT-01935,OT-01905,PROFIBUS,YES,NO,YES
PLT-18,OT-01928,OT-01896,DNP3,YES,YES,YES
PLT-18,OT-01916,OT-01991,OPC_UA,YES,YES,YES
PLT-18,OT-01988,OT-01925,OPC_UA,YES,YES,YES
PLT-18,OT-01966,OT-01941,ModbusTCP,YES,YES,YES
PLT-18,OT-01919,OT-01930,DNP3,YES,YES,NO
PLT-18,OT-01957,OT-01927,ModbusTCP,YES,NO,YES
PLT-18,OT-01937,OT-02005,VendorSerial,YES,YES,YES
PLT-18,OT-01989,OT-01942,EtherNetIP,YES,YES,NO
PLT-18,OT-01938,OT-01922,PROFINET,YES,YES,NO
PLT-18,OT-02015,OT-01991,EtherNetIP,YES,YES,YES
PLT-18,OT-01971,OT-01975,EtherNetIP,UNKNOWN,YES,YES
PLT-18,OT-01945,OT-01970,PROFIBUS,YES,YES,YES
PLT-18,OT-01897,OT-01937,ModbusTCP,YES,YES,YES
PLT-18,OT-01928,OT-01907,PROFIBUS,YES,YES,YES
PLT-18,OT-01939,OT-01981,VendorSerial,YES,NO,YES
PLT-18,OT-01897,OT-01902,PROFIBUS,YES,NO,YES
PLT-18,OT-01940,OT-01984,DNP3,YES,YES,NO
PLT-18,OT-01927,OT-01979,IEC61850,YES,NO,YES
PLT-18,OT-01989,OT-01960,DNP3,YES,NO,NO
PLT-18,OT-01950,OT-01958,IEC104,YES,YES,YES
PLT-18,OT-01911,OT-01929,ModbusTCP,NO,YES,YES
PLT-18,OT-01930,OT-01960,IEC61850,YES,YES,YES
PLT-18,OT-01953,OT-01983,PROFIBUS,NO,YES,YES
PLT-18,OT-01907,OT-01923,DNP3,YES,YES,YES
PLT-18,OT-01897,OT-01938,PROFINET,YES,YES,YES
PLT-18,OT-01986,OT-01942,EtherNetIP,YES,YES,YES
PLT-18,OT-02007,OT-01966,PROFIBUS,YES,YES,NO
PLT-18,OT-01977,OT-01966,IEC104,UNKNOWN,YES,NO
PLT-18,OT-02009,OT-01962,VendorSerial,YES,YES,NO
PLT-18,OT-01947,OT-01981,ModbusTCP,YES,YES,YES
PLT-18,OT-01974,OT-02013,DNP3,YES,YES,YES
PLT-18,OT-01905,OT-01941,DNP3,YES,NO,YES
PLT-18,OT-01898,OT-02007,PROFIBUS,YES,YES,YES
PLT-18,OT-01918,OT-01936,EtherNetIP,YES,YES,YES
PLT-18,OT-01934,OT-01956,DNP3,YES,YES,NO
PLT-18,OT-01980,OT-01920,EtherNetIP,YES,YES,YES
PLT-18,OT-01981,OT-01970,OPC_DA,YES,YES,NO
PLT-18,OT-01972,OT-01998,EtherNetIP,YES,YES,YES
PLT-18,OT-01940,OT-02003,VendorSerial,YES,YES,NO
PLT-18,OT-02002,OT-01908,DNP3,YES,YES,YES
PLT-18,OT-01983,OT-01920,ModbusTCP,YES,YES,NO
PLT-18,OT-01955,OT-01927,ModbusTCP,YES,YES,YES
PLT-18,OT-02003,OT-01945,IEC104,YES,NO,YES
PLT-18,OT-01984,OT-01989,PROFINET,YES,NO,NO
PLT-18,OT-01933,OT-01970,IEC104,YES,YES,NO
PLT-18,OT-01964,OT-01938,OPC_DA,YES,YES,NO
PLT-18,OT-01974,OT-01919,OPC_UA,YES,YES,YES
PLT-18,OT-01948,OT-01955,VendorSerial,YES,NO,YES
PLT-18,OT-01926,OT-01925,PROFIBUS,YES,YES,YES
PLT-18,OT-01952,OT-01927,IEC104,YES,YES,YES
PLT-18,OT-01994,OT-01999,VendorSerial,YES,YES,YES
PLT-18,OT-01937,OT-01927,OPC_UA,YES,YES,NO
PLT-18,OT-02008,OT-01902,VendorSerial,YES,YES,YES
PLT-18,OT-01946,OT-01909,IEC104,YES,YES,YES
PLT-18,OT-02010,OT-01976,ModbusTCP,UNKNOWN,YES,YES
PLT-18,OT-01912,OT-01914,VendorSerial,YES,YES,YES
PLT-18,OT-01905,OT-01943,EtherNetIP,YES,YES,YES
PLT-18,OT-01907,OT-02002,IEC104,UNKNOWN,YES,YES
PLT-18,OT-01926,OT-01947,VendorSerial,YES,YES,YES
PLT-18,OT-01932,OT-01930,PROFINET,YES,NO,YES
PLT-18,OT-01985,OT-01977,ModbusTCP,YES,YES,YES
PLT-18,OT-01930,OT-02014,PROFINET,YES,YES,YES
PLT-18,OT-01930,OT-01920,OPC_UA,YES,YES,YES
PLT-18,OT-01903,OT-01985,OPC_UA,YES,YES,YES
PLT-18,OT-01938,OT-01948,PROFIBUS,YES,YES,YES
PLT-18,OT-01963,OT-01946,OPC_DA,YES,YES,NO
PLT-18,OT-01960,OT-01981,IEC61850,UNKNOWN,YES,NO
PLT-18,OT-01935,OT-01961,ModbusTCP,YES,YES,YES
PLT-18,OT-01908,OT-01935,DNP3,YES,YES,NO
PLT-18,OT-01903,OT-02006,PROFIBUS,YES,YES,YES
PLT-18,OT-01948,OT-01976,IEC61850,YES,YES,YES
PLT-18,OT-01938,OT-02010,IEC61850,UNKNOWN,YES,YES
PLT-18,OT-01933,OT-01964,ModbusTCP,YES,YES,YES
PLT-18,OT-01976,OT-02003,VendorSerial,YES,YES,YES
PLT-18,OT-01916,OT-01933,ModbusTCP,YES,NO,YES
PLT-18,OT-01915,OT-01899,PROFINET,YES,YES,YES
PLT-18,OT-01967,OT-01953,ModbusTCP,YES,NO,YES
PLT-18,OT-01983,OT-01907,DNP3,YES,YES,YES
PLT-18,OT-01962,OT-02013,OPC_UA,YES,YES,YES
PLT-18,OT-01965,OT-01907,OPC_DA,YES,NO,YES
PLT-18,OT-01975,OT-01988,EtherNetIP,YES,YES,YES
PLT-18,OT-01903,OT-01942,VendorSerial,YES,YES,YES
PLT-18,OT-01924,OT-01954,EtherNetIP,YES,YES,NO
PLT-18,OT-01998,OT-01897,DNP3,YES,YES,YES
PLT-18,OT-01938,OT-01978,OPC_DA,YES,YES,YES
PLT-18,OT-01966,OT-01952,IEC104,YES,NO,YES
PLT-18,OT-01919,OT-01934,IEC61850,YES,YES,NO
PLT-18,OT-01924,OT-01949,PROFINET,YES,YES,YES
PLT-18,OT-01932,OT-01910,IEC104,YES,YES,YES
PLT-18,OT-01902,OT-01966,OPC_DA,NO,YES,YES
PLT-18,OT-01999,OT-01928,DNP3,YES,NO,YES
PLT-18,OT-01929,OT-01946,PROFINET,NO,YES,YES
PLT-18,OT-02012,OT-01918,EtherNetIP,YES,NO,NO
PLT-18,OT-01946,OT-01965,ModbusTCP,YES,NO,NO
PLT-18,OT-02011,OT-02016,VendorSerial,YES,YES,YES
PLT-18,OT-02016,OT-01907,DNP3,YES,YES,YES
PLT-18,OT-01916,OT-02015,OPC_DA,UNKNOWN,YES,YES
PLT-18,OT-01993,OT-01968,DNP3,NO,YES,NO
PLT-18,OT-02012,OT-01982,PROFIBUS,YES,YES,YES
PLT-18,OT-01994,OT-01917,EtherNetIP,YES,YES,YES
PLT-18,OT-01947,OT-02002,OPC_UA,YES,YES,YES
PLT-18,OT-01958,OT-01918,DNP3,YES,YES,YES
PLT-18,OT-01918,OT-01947,OPC_DA,YES,YES,YES
PLT-18,OT-01949,OT-01903,ModbusTCP,YES,YES,YES
PLT-18,OT-01997,OT-01988,ModbusTCP,YES,YES,YES
PLT-18,OT-01982,OT-02010,PROFINET,YES,YES,YES
PLT-18,OT-01972,OT-01933,IEC104,YES,NO,NO
PLT-18,OT-01923,OT-01900,OPC_DA,YES,NO,NO
PLT-18,OT-02005,OT-01986,IEC104,YES,YES,YES
PLT-18,OT-01958,OT-01960,ModbusTCP,YES,YES,YES
PLT-18,OT-01935,OT-01939,PROFIBUS,YES,YES,YES
PLT-18,OT-01967,OT-01933,IEC61850,YES,YES,YES
PLT-18,OT-01903,OT-01949,ModbusTCP,YES,YES,YES
PLT-18,OT-01981,OT-01961,ModbusTCP,YES,YES,YES
PLT-18,OT-01998,OT-02001,PROFINET,YES,YES,YES
PLT-18,OT-01916,OT-01961,OPC_UA,UNKNOWN,YES,NO
PLT-18,OT-01913,OT-01906,PROFIBUS,YES,YES,YES
PLT-18,OT-01954,OT-01975,PROFIBUS,YES,YES,YES
PLT-18,OT-02005,OT-02010,OPC_DA,YES,YES,YES
PLT-18,OT-01929,OT-01912,IEC61850,UNKNOWN,YES,NO
PLT-18,OT-02014,OT-01960,IEC104,NO,YES,NO
PLT-18,OT-01966,OT-01977,VendorSerial,YES,YES,YES
PLT-18,OT-01947,OT-01918,DNP3,UNKNOWN,YES,YES
PLT-18,OT-01999,OT-01960,OPC_UA,YES,YES,YES
PLT-18,OT-01901,OT-01913,PROFINET,YES,NO,YES
PLT-18,OT-01914,OT-01947,PROFIBUS,YES,NO,YES
PLT-18,OT-02016,OT-01947,PROFIBUS,UNKNOWN,YES,NO
PLT-18,OT-01993,OT-01903,DNP3,YES,YES,YES
PLT-18,OT-01953,OT-01911,ModbusTCP,YES,YES,YES
