work_order_id,asset_id,plant_id,type,cmms_status,field_status,opened_at,closed_at,temporary_bypass,notes
WO-000001,OT-00875,PLT-08,PM,CLOSED,RETURNED_TO_SERVICE,2026-09-02T05:00:00,2026-09-02T16:00:00,NO,awaiting vendor
WO-000002,OT-01899,PLT-18,PM,IN_PROGRESS,RETURNED_TO_SERVICE,2026-09-24T04:00:00,,NO,standard work
WO-000003,OT-01708,PLT-16,INSPECTION,DEFERRED,ACTIVE,2026-09-23T01:00:00,,NO,parts substituted
WO-000004,OT-01717,PLT-16,CALIBRATION,DEFERRED,RETURNED_TO_SERVICE,2026-09-09T16:00:00,,NO,standard work
WO-000005,OT-00578,PLT-06,EMERGENCY,CLOSED,RETURNED_TO_SERVICE,2026-09-28T03:00:00,,NO,standard work
WO-000006,OT-01185,PLT-11,EMERGENCY,OPEN,RETURNED_TO_SERVICE,2026-10-03T23:00:00,2026-10-04T23:00:00,NO,parts substituted
WO-000007,OT-01750,PLT-16,CM,DEFERRED,OUT_OF_SERVICE,2026-09-19T16:00:00,,YES,documentation pending
WO-000008,OT-01017,PLT-10,CM,IN_PROGRESS,OUT_OF_SERVICE,2026-09-03T01:00:00,,NO,parts substituted
WO-000009,OT-00991,PLT-10,CM,CLOSED,OUT_OF_SERVICE,2026-09-12T05:00:00,2026-09-12T08:00:00,NO,standard work
WO-000010,OT-01488,PLT-14,INSPECTION,DEFERRED,RETURNED_TO_SERVICE,2026-09-11T15:00:00,2026-09-13T13:00:00,NO,operator workaround active
WO-000011,OT-01841,PLT-17,CALIBRATION,IN_PROGRESS,RETURNED_TO_SERVICE,2026-10-01T22:00:00,2026-10-02T09:00:00,NO,operator workaround active
WO-000012,OT-00085,PLT-01,EMERGENCY,OPEN,RETURNED_TO_SERVICE,2026-09-28T12:00:00,,NO,standard work
WO-000013,OT-01662,PLT-15,CM,IN_PROGRESS,OUT_OF_SERVICE,2026-10-09T23:00:00,,NO,parts substituted
WO-000014,OT-01181,PLT-11,CALIBRATION,IN_PROGRESS,RETURNED_TO_SERVICE,2026-10-08T22:00:00,,NO,parts substituted
WO-000015,OT-01954,PLT-18,CM,DEFERRED,DEGRADED,2026-10-03T14:00:00,2026-10-04T07:00:00,NO,parts substituted
WO-000016,OT-00069,PLT-01,INSPECTION,CLOSED,OUT_OF_SERVICE,2026-09-16T22:00:00,2026-09-17T11:00:00,NO,parts substituted
WO-000017,OT-01118,PLT-11,EMERGENCY,OPEN,DEGRADED,2026-09-04T13:00:00,2026-09-06T20:00:00,NO,standard work
WO-000018,OT-01098,PLT-10,CALIBRATION,CLOSED,ACTIVE,2026-09-18T21:00:00,2026-09-20T19:00:00,YES,awaiting vendor
WO-000019,OT-00320,PLT-03,EMERGENCY,OPEN,DEGRADED,2026-09-20T01:00:00,2026-09-20T15:00:00,NO,standard work
WO-000020,OT-01539,PLT-14,CM,OPEN,DEGRADED,2026-09-02T03:00:00,2026-09-03T05:00:00,NO,operator workaround active
WO-000021,OT-00610,PLT-06,CALIBRATION,IN_PROGRESS,ACTIVE,2026-09-02T22:00:00,2026-09-04T08:00:00,NO,awaiting vendor
WO-000022,OT-00847,PLT-08,CALIBRATION,CLOSED,ACTIVE,2026-10-05T16:00:00,2026-10-07T10:00:00,NO,awaiting vendor
WO-000023,OT-00064,PLT-01,EMERGENCY,IN_PROGRESS,RETURNED_TO_SERVICE,2026-09-07T15:00:00,2026-09-08T03:00:00,NO,parts substituted
WO-000024,OT-01036,PLT-10,CALIBRATION,OPEN,DEGRADED,2026-09-30T01:00:00,2026-10-02T12:00:00,NO,standard work
WO-000025,OT-00955,PLT-09,PM,IN_PROGRESS,ACTIVE,2026-09-18T21:00:00,2026-09-19T10:00:00,NO,parts substituted
WO-000026,OT-01432,PLT-14,CM,CLOSED,DEGRADED,2026-09-15T01:00:00,2026-09-17T16:00:00,NO,operator workaround active
WO-000027,OT-01008,PLT-10,EMERGENCY,IN_PROGRESS,RETURNED_TO_SERVICE,2026-09-09T00:00:00,2026-09-11T09:00:00,NO,parts substituted
WO-000028,OT-00800,PLT-08,EMERGENCY,OPEN,OUT_OF_SERVICE,2026-09-10T18:00:00,2026-09-11T06:00:00,NO,operator workaround active
WO-000029,OT-00554,PLT-06,INSPECTION,OPEN,RETURNED_TO_SERVICE,2026-10-10T21:00:00,2026-10-11T00:00:00,NO,awaiting vendor
WO-000030,OT-01008,PLT-10,INSPECTION,IN_PROGRESS,RETURNED_TO_SERVICE,2026-09-30T23:00:00,2026-10-03T07:00:00,NO,awaiting vendor
WO-000031,OT-01321,PLT-13,CALIBRATION,CLOSED,RETURNED_TO_SERVICE,2026-09-14T21:00:00,2026-09-16T14:00:00,NO,parts substituted
WO-000032,OT-00889,PLT-09,CM,OPEN,ACTIVE,2026-10-09T09:00:00,,NO,standard work
WO-000033,OT-02005,PLT-18,INSPECTION,OPEN,DEGRADED,2026-09-23T06:00:00,2026-09-25T12:00:00,NO,parts substituted
WO-000034,OT-00531,PLT-05,EMERGENCY,CLOSED,DEGRADED,2026-09-25T22:00:00,2026-09-27T21:00:00,NO,parts substituted
WO-000035,OT-00304,PLT-03,EMERGENCY,CLOSED,OUT_OF_SERVICE,2026-09-03T05:00:00,,NO,documentation pending
WO-000036,OT-00938,PLT-09,PM,IN_PROGRESS,ACTIVE,2026-09-11T18:00:00,2026-09-13T15:00:00,NO,documentation pending
WO-000037,OT-01627,PLT-15,INSPECTION,IN_PROGRESS,RETURNED_TO_SERVICE,2026-09-28T07:00:00,,YES,parts substituted
WO-000038,OT-00909,PLT-09,INSPECTION,CLOSED,DEGRADED,2026-10-09T04:00:00,2026-10-12T00:00:00,NO,awaiting vendor
WO-000039,OT-00350,PLT-04,INSPECTION,CLOSED,OUT_OF_SERVICE,2026-09-03T02:00:00,2026-09-05T01:00:00,NO,parts substituted
WO-000040,OT-00661,PLT-07,CALIBRATION,IN_PROGRESS,OUT_OF_SERVICE,2026-09-09T09:00:00,2026-09-09T13:00:00,NO,documentation pending
WO-000041,OT-01511,PLT-14,EMERGENCY,DEFERRED,RETURNED_TO_SERVICE,2026-09-26T02:00:00,2026-09-27T14:00:00,NO,operator workaround active
WO-000042,OT-00406,PLT-04,EMERGENCY,DEFERRED,RETURNED_TO_SERVICE,2026-10-07T01:00:00,2026-10-09T11:00:00,NO,parts substituted
WO-000043,OT-00341,PLT-04,PM,DEFERRED,OUT_OF_SERVICE,2026-09-17T17:00:00,2026-09-20T14:00:00,NO,parts substituted
WO-000044,OT-00889,PLT-09,CALIBRATION,IN_PROGRESS,DEGRADED,2026-09-23T00:00:00,,NO,operator workaround active
WO-000045,OT-01390,PLT-13,INSPECTION,IN_PROGRESS,ACTIVE,2026-10-09T22:00:00,,NO,standard work
WO-000046,OT-01294,PLT-12,CM,CLOSED,RETURNED_TO_SERVICE,2026-09-08T10:00:00,2026-09-10T03:00:00,YES,parts substituted
WO-000047,OT-00304,PLT-03,EMERGENCY,CLOSED,RETURNED_TO_SERVICE,2026-09-03T10:00:00,,NO,documentation pending
WO-000048,OT-01826,PLT-17,CM,OPEN,ACTIVE,2026-09-26T19:00:00,2026-09-27T09:00:00,NO,operator workaround active
WO-000049,OT-00870,PLT-08,INSPECTION,IN_PROGRESS,OUT_OF_SERVICE,2026-09-28T03:00:00,,NO,awaiting vendor
WO-000050,OT-01771,PLT-16,CM,CLOSED,ACTIVE,2026-10-08T07:00:00,2026-10-09T04:00:00,NO,awaiting vendor
WO-000051,OT-00979,PLT-09,EMERGENCY,DEFERRED,DEGRADED,2026-10-03T18:00:00,,NO,standard work
WO-000052,OT-01094,PLT-10,INSPECTION,CLOSED,RETURNED_TO_SERVICE,2026-09-04T05:00:00,,NO,standard work
WO-000053,OT-00553,PLT-06,EMERGENCY,IN_PROGRESS,DEGRADED,2026-10-09T08:00:00,2026-10-11T20:00:00,NO,standard work
WO-000054,OT-00322,PLT-04,INSPECTION,DEFERRED,OUT_OF_SERVICE,2026-09-15T06:00:00,,NO,operator workaround active
WO-000055,OT-01761,PLT-16,CM,IN_PROGRESS,RETURNED_TO_SERVICE,2026-09-19T00:00:00,,NO,documentation pending
WO-000056,OT-00572,PLT-06,CM,DEFERRED,DEGRADED,2026-09-14T03:00:00,2026-09-16T01:00:00,NO,standard work
WO-000057,OT-00982,PLT-09,PM,DEFERRED,DEGRADED,2026-09-25T10:00:00,,NO,parts substituted
WO-000058,OT-01945,PLT-18,PM,OPEN,ACTIVE,2026-09-08T12:00:00,2026-09-10T06:00:00,NO,documentation pending
WO-000059,OT-01078,PLT-10,EMERGENCY,DEFERRED,ACTIVE,2026-09-24T14:00:00,2026-09-27T12:00:00,NO,awaiting vendor
WO-000060,OT-01572,PLT-15,CM,OPEN,ACTIVE,2026-09-19T13:00:00,,NO,documentation pending
WO-000061,OT-00266,PLT-03,EMERGENCY,OPEN,DEGRADED,2026-09-10T13:00:00,,NO,documentation pending
WO-000062,OT-01829,PLT-17,INSPECTION,OPEN,OUT_OF_SERVICE,2026-10-02T20:00:00,,NO,standard work
WO-000063,OT-01545,PLT-14,CM,IN_PROGRESS,RETURNED_TO_SERVICE,2026-09-22T12:00:00,,NO,parts substituted
WO-000064,OT-01663,PLT-15,CALIBRATION,CLOSED,DEGRADED,2026-10-03T07:00:00,,YES,standard work
WO-000065,OT-00441,PLT-05,EMERGENCY,IN_PROGRESS,ACTIVE,2026-09-19T13:00:00,2026-09-20T19:00:00,YES,standard work
WO-000066,OT-01930,PLT-18,PM,DEFERRED,RETURNED_TO_SERVICE,2026-09-01T01:00:00,2026-09-03T15:00:00,NO,parts substituted
WO-000067,OT-00531,PLT-05,CALIBRATION,OPEN,RETURNED_TO_SERVICE,2026-09-15T01:00:00,2026-09-17T14:00:00,NO,parts substituted
WO-000068,OT-00218,PLT-03,CALIBRATION,OPEN,OUT_OF_SERVICE,2026-09-12T07:00:00,2026-09-13T00:00:00,YES,operator workaround active
WO-000069,OT-01729,PLT-16,PM,OPEN,ACTIVE,2026-09-07T17:00:00,,NO,standard work
WO-000070,OT-01090,PLT-10,CALIBRATION,DEFERRED,OUT_OF_SERVICE,2026-09-06T02:00:00,,YES,operator workaround active
WO-000071,OT-00695,PLT-07,INSPECTION,OPEN,RETURNED_TO_SERVICE,2026-10-08T16:00:00,,NO,awaiting vendor
WO-000072,OT-00867,PLT-08,CM,IN_PROGRESS,RETURNED_TO_SERVICE,2026-09-02T10:00:00,2026-09-04T11:00:00,NO,standard work
WO-000073,OT-01719,PLT-16,INSPECTION,IN_PROGRESS,ACTIVE,2026-09-30T15:00:00,,NO,documentation pending
WO-000074,OT-01345,PLT-13,INSPECTION,CLOSED,ACTIVE,2026-10-06T22:00:00,2026-10-07T01:00:00,NO,operator workaround active
WO-000075,OT-00599,PLT-06,INSPECTION,OPEN,RETURNED_TO_SERVICE,2026-09-27T00:00:00,2026-09-27T14:00:00,NO,standard work
WO-000076,OT-01204,PLT-11,EMERGENCY,IN_PROGRESS,DEGRADED,2026-09-24T18:00:00,2026-09-26T16:00:00,NO,awaiting vendor
WO-000077,OT-00934,PLT-09,EMERGENCY,DEFERRED,OUT_OF_SERVICE,2026-09-24T01:00:00,2026-09-24T07:00:00,NO,documentation pending
WO-000078,OT-00355,PLT-04,CALIBRATION,CLOSED,OUT_OF_SERVICE,2026-09-09T14:00:00,2026-09-10T03:00:00,YES,documentation pending
WO-000079,OT-00761,PLT-08,CM,CLOSED,DEGRADED,2026-09-17T04:00:00,,NO,documentation pending
WO-000080,OT-01325,PLT-13,CALIBRATION,CLOSED,OUT_OF_SERVICE,2026-09-13T15:00:00,,NO,standard work
WO-000081,OT-00383,PLT-04,CM,DEFERRED,OUT_OF_SERVICE,2026-10-03T02:00:00,2026-10-03T21:00:00,NO,awaiting vendor
WO-000082,OT-01105,PLT-11,PM,DEFERRED,OUT_OF_SERVICE,2026-09-26T06:00:00,,YES,operator workaround active
WO-000083,OT-01011,PLT-10,EMERGENCY,IN_PROGRESS,RETURNED_TO_SERVICE,2026-10-10T00:00:00,2026-10-11T11:00:00,NO,documentation pending
WO-000084,OT-00415,PLT-04,CM,OPEN,ACTIVE,2026-09-06T22:00:00,,NO,awaiting vendor
WO-000085,OT-01436,PLT-14,INSPECTION,OPEN,RETURNED_TO_SERVICE,2026-09-30T11:00:00,2026-10-03T07:00:00,NO,parts substituted
WO-000086,OT-01640,PLT-15,PM,CLOSED,DEGRADED,2026-10-05T10:00:00,,YES,standard work
WO-000087,OT-00879,PLT-08,CM,IN_PROGRESS,RETURNED_TO_SERVICE,2026-10-10T17:00:00,2026-10-11T18:00:00,NO,standard work
WO-000088,OT-00544,PLT-06,INSPECTION,IN_PROGRESS,OUT_OF_SERVICE,2026-10-05T03:00:00,,NO,standard work
WO-000089,OT-01980,PLT-18,INSPECTION,CLOSED,DEGRADED,2026-09-26T13:00:00,2026-09-29T05:00:00,NO,parts substituted
WO-000090,OT-01774,PLT-16,CALIBRATION,OPEN,RETURNED_TO_SERVICE,2026-10-10T12:00:00,,NO,awaiting vendor
WO-000091,OT-01202,PLT-11,INSPECTION,CLOSED,RETURNED_TO_SERVICE,2026-09-02T22:00:00,2026-09-03T12:00:00,NO,parts substituted
WO-000092,OT-00726,PLT-07,CALIBRATION,CLOSED,DEGRADED,2026-10-06T07:00:00,2026-10-06T13:00:00,NO,standard work
WO-000093,OT-01120,PLT-11,EMERGENCY,CLOSED,OUT_OF_SERVICE,2026-09-24T00:00:00,,YES,parts substituted
WO-000094,OT-00715,PLT-07,CALIBRATION,IN_PROGRESS,DEGRADED,2026-09-27T18:00:00,,NO,operator workaround active
WO-000095,OT-00720,PLT-07,INSPECTION,IN_PROGRESS,OUT_OF_SERVICE,2026-10-06T20:00:00,,NO,awaiting vendor
WO-000096,OT-01817,PLT-17,CM,IN_PROGRESS,RETURNED_TO_SERVICE,2026-09-22T00:00:00,2026-09-22T10:00:00,NO,standard work
WO-000097,OT-00014,PLT-01,CM,DEFERRED,RETURNED_TO_SERVICE,2026-09-24T07:00:00,,YES,standard work
WO-000098,OT-01773,PLT-16,INSPECTION,CLOSED,OUT_OF_SERVICE,2026-09-20T01:00:00,,NO,awaiting vendor
WO-000099,OT-00028,PLT-01,INSPECTION,IN_PROGRESS,RETURNED_TO_SERVICE,2026-09-19T08:00:00,,NO,standard work
WO-000100,OT-00936,PLT-09,PM,CLOSED,OUT_OF_SERVICE,2026-10-09T13:00:00,,NO,operator workaround active
WO-000101,OT-00494,PLT-05,CM,IN_PROGRESS,DEGRADED,2026-09-02T04:00:00,2026-09-03T19:00:00,NO,awaiting vendor
WO-000102,OT-01057,PLT-10,INSPECTION,CLOSED,OUT_OF_SERVICE,2026-10-06T03:00:00,2026-10-08T22:00:00,NO,parts substituted
WO-000103,OT-00379,PLT-04,INSPECTION,IN_PROGRESS,DEGRADED,2026-10-06T07:00:00,,NO,documentation pending
WO-000104,OT-01930,PLT-18,EMERGENCY,DEFERRED,OUT_OF_SERVICE,2026-09-13T03:00:00,,NO,standard work
WO-000105,OT-00280,PLT-03,INSPECTION,OPEN,ACTIVE,2026-09-22T07:00:00,2026-09-24T16:00:00,NO,awaiting vendor
WO-000106,OT-00992,PLT-10,CALIBRATION,CLOSED,ACTIVE,2026-09-15T01:00:00,2026-09-15T22:00:00,NO,operator workaround active
WO-000107,OT-00826,PLT-08,PM,OPEN,RETURNED_TO_SERVICE,2026-09-08T03:00:00,,NO,awaiting vendor
WO-000108,OT-01137,PLT-11,INSPECTION,CLOSED,OUT_OF_SERVICE,2026-09-04T02:00:00,,NO,operator workaround active
WO-000109,OT-00385,PLT-04,PM,OPEN,DEGRADED,2026-10-07T22:00:00,2026-10-09T23:00:00,NO,awaiting vendor
WO-000110,OT-01215,PLT-12,INSPECTION,DEFERRED,RETURNED_TO_SERVICE,2026-10-09T12:00:00,,NO,awaiting vendor
WO-000111,OT-00012,PLT-01,INSPECTION,OPEN,OUT_OF_SERVICE,2026-10-07T10:00:00,,NO,operator workaround active
WO-000112,OT-01569,PLT-15,CM,OPEN,ACTIVE,2026-09-07T18:00:00,,NO,standard work
WO-000113,OT-00653,PLT-07,CALIBRATION,OPEN,ACTIVE,2026-09-04T15:00:00,,NO,documentation pending
WO-000114,OT-01153,PLT-11,PM,CLOSED,OUT_OF_SERVICE,2026-09-30T03:00:00,,NO,documentation pending
WO-000115,OT-00300,PLT-03,CALIBRATION,OPEN,OUT_OF_SERVICE,2026-10-09T03:00:00,2026-10-10T03:00:00,NO,awaiting vendor
WO-000116,OT-01761,PLT-16,PM,DEFERRED,DEGRADED,2026-10-07T19:00:00,2026-10-09T03:00:00,NO,awaiting vendor
WO-000117,OT-01729,PLT-16,EMERGENCY,OPEN,RETURNED_TO_SERVICE,2026-10-01T15:00:00,2026-10-01T22:00:00,NO,documentation pending
WO-000118,OT-00202,PLT-02,INSPECTION,CLOSED,DEGRADED,2026-10-08T14:00:00,2026-10-09T02:00:00,NO,standard work
WO-000119,OT-00673,PLT-07,EMERGENCY,CLOSED,OUT_OF_SERVICE,2026-09-04T12:00:00,2026-09-04T18:00:00,YES,parts substituted
WO-000120,OT-00189,PLT-02,INSPECTION,DEFERRED,RETURNED_TO_SERVICE,2026-09-18T15:00:00,2026-09-19T01:00:00,NO,documentation pending
WO-000121,OT-01843,PLT-17,CM,DEFERRED,OUT_OF_SERVICE,2026-09-15T09:00:00,,NO,standard work
WO-000122,OT-00127,PLT-02,INSPECTION,IN_PROGRESS,ACTIVE,2026-09-14T14:00:00,2026-09-16T07:00:00,NO,standard work
WO-000123,OT-01041,PLT-10,CALIBRATION,OPEN,DEGRADED,2026-09-05T05:00:00,2026-09-05T16:00:00,NO,standard work
WO-000124,OT-01777,PLT-16,CALIBRATION,IN_PROGRESS,ACTIVE,2026-09-02T20:00:00,2026-09-04T20:00:00,NO,awaiting vendor
WO-000125,OT-00502,PLT-05,EMERGENCY,OPEN,ACTIVE,2026-10-05T12:00:00,2026-10-08T10:00:00,NO,documentation pending
WO-000126,OT-01411,PLT-13,CALIBRATION,IN_PROGRESS,ACTIVE,2026-09-19T13:00:00,2026-09-22T08:00:00,NO,awaiting vendor
WO-000127,OT-00990,PLT-10,PM,CLOSED,ACTIVE,2026-09-20T05:00:00,,NO,documentation pending
WO-000128,OT-00916,PLT-09,CM,DEFERRED,OUT_OF_SERVICE,2026-09-18T02:00:00,,NO,awaiting vendor
WO-000129,OT-01071,PLT-10,CM,CLOSED,DEGRADED,2026-09-20T22:00:00,2026-09-22T02:00:00,NO,standard work
WO-000130,OT-00585,PLT-06,INSPECTION,OPEN,RETURNED_TO_SERVICE,2026-09-18T14:00:00,,NO,awaiting vendor
WO-000131,OT-00542,PLT-06,CM,IN_PROGRESS,RETURNED_TO_SERVICE,2026-10-04T04:00:00,,NO,parts substituted
WO-000132,OT-01288,PLT-12,INSPECTION,CLOSED,ACTIVE,2026-09-02T03:00:00,2026-09-03T21:00:00,NO,awaiting vendor
WO-000133,OT-00139,PLT-02,CM,IN_PROGRESS,ACTIVE,2026-10-03T06:00:00,,NO,parts substituted
WO-000134,OT-00915,PLT-09,CM,DEFERRED,ACTIVE,2026-09-28T11:00:00,2026-09-30T17:00:00,YES,operator workaround active
WO-000135,OT-00571,PLT-06,INSPECTION,IN_PROGRESS,OUT_OF_SERVICE,2026-09-08T02:00:00,2026-09-09T13:00:00,NO,standard work
WO-000136,OT-00338,PLT-04,INSPECTION,IN_PROGRESS,OUT_OF_SERVICE,2026-09-04T01:00:00,2026-09-05T04:00:00,NO,documentation pending
WO-000137,OT-00688,PLT-07,INSPECTION,DEFERRED,DEGRADED,2026-10-07T16:00:00,2026-10-08T08:00:00,NO,parts substituted
WO-000138,OT-02014,PLT-18,CM,CLOSED,OUT_OF_SERVICE,2026-09-09T03:00:00,2026-09-10T00:00:00,NO,standard work
WO-000139,OT-00414,PLT-04,EMERGENCY,OPEN,DEGRADED,2026-09-12T16:00:00,,NO,awaiting vendor
WO-000140,OT-00297,PLT-03,EMERGENCY,CLOSED,DEGRADED,2026-10-07T05:00:00,2026-10-08T18:00:00,NO,standard work
WO-000141,OT-00940,PLT-09,CALIBRATION,OPEN,DEGRADED,2026-09-01T11:00:00,,NO,standard work
WO-000142,OT-00069,PLT-01,INSPECTION,IN_PROGRESS,RETURNED_TO_SERVICE,2026-09-24T03:00:00,2026-09-26T13:00:00,NO,standard work
WO-000143,OT-00093,PLT-01,INSPECTION,DEFERRED,RETURNED_TO_SERVICE,2026-09-18T23:00:00,,NO,awaiting vendor
WO-000144,OT-01701,PLT-16,EMERGENCY,DEFERRED,OUT_OF_SERVICE,2026-10-05T23:00:00,2026-10-06T01:00:00,NO,standard work
WO-000145,OT-01684,PLT-16,EMERGENCY,CLOSED,OUT_OF_SERVICE,2026-09-10T01:00:00,2026-09-11T04:00:00,NO,awaiting vendor
WO-000146,OT-02010,PLT-18,CALIBRATION,CLOSED,DEGRADED,2026-09-23T21:00:00,,NO,documentation pending
WO-000147,OT-00228,PLT-03,EMERGENCY,DEFERRED,DEGRADED,2026-10-02T21:00:00,,NO,parts substituted
WO-000148,OT-01442,PLT-14,INSPECTION,OPEN,OUT_OF_SERVICE,2026-10-02T04:00:00,2026-10-05T02:00:00,NO,parts substituted
WO-000149,OT-01897,PLT-18,CALIBRATION,OPEN,OUT_OF_SERVICE,2026-09-04T14:00:00,2026-09-04T17:00:00,NO,awaiting vendor
WO-000150,OT-01062,PLT-10,INSPECTION,CLOSED,OUT_OF_SERVICE,2026-09-27T11:00:00,2026-09-29T00:00:00,NO,parts substituted
WO-000151,OT-01885,PLT-17,PM,CLOSED,ACTIVE,2026-09-26T03:00:00,,NO,parts substituted
WO-000152,OT-01281,PLT-12,INSPECTION,OPEN,OUT_OF_SERVICE,2026-09-16T18:00:00,,NO,parts substituted
WO-000153,OT-00697,PLT-07,INSPECTION,DEFERRED,ACTIVE,2026-09-25T03:00:00,2026-09-28T01:00:00,NO,parts substituted
WO-000154,OT-00453,PLT-05,INSPECTION,IN_PROGRESS,OUT_OF_SERVICE,2026-10-10T12:00:00,2026-10-11T00:00:00,NO,standard work
WO-000155,OT-01304,PLT-12,PM,CLOSED,ACTIVE,2026-09-17T20:00:00,2026-09-18T18:00:00,NO,standard work
WO-000156,OT-00652,PLT-07,INSPECTION,CLOSED,RETURNED_TO_SERVICE,2026-09-15T16:00:00,,NO,awaiting vendor
WO-000157,OT-00442,PLT-05,PM,DEFERRED,OUT_OF_SERVICE,2026-09-27T02:00:00,2026-09-28T08:00:00,NO,operator workaround active
WO-000158,OT-00850,PLT-08,EMERGENCY,CLOSED,OUT_OF_SERVICE,2026-09-05T01:00:00,2026-09-05T07:00:00,NO,documentation pending
WO-000159,OT-01237,PLT-12,CALIBRATION,DEFERRED,DEGRADED,2026-09-07T21:00:00,,NO,awaiting vendor
WO-000160,OT-01938,PLT-18,CALIBRATION,CLOSED,DEGRADED,2026-09-08T10:00:00,2026-09-11T08:00:00,NO,parts substituted
WO-000161,OT-00081,PLT-01,CM,OPEN,DEGRADED,2026-09-25T23:00:00,,NO,documentation pending
WO-000162,OT-00895,PLT-09,EMERGENCY,CLOSED,RETURNED_TO_SERVICE,2026-10-08T16:00:00,2026-10-10T20:00:00,NO,documentation pending
WO-000163,OT-00725,PLT-07,CALIBRATION,OPEN,DEGRADED,2026-10-06T12:00:00,,NO,standard work
WO-000164,OT-00690,PLT-07,CM,IN_PROGRESS,ACTIVE,2026-09-27T11:00:00,,NO,operator workaround active
WO-000165,OT-00910,PLT-09,INSPECTION,IN_PROGRESS,DEGRADED,2026-09-11T00:00:00,2026-09-12T13:00:00,NO,operator workaround active
WO-000166,OT-01398,PLT-13,PM,CLOSED,ACTIVE,2026-09-07T16:00:00,,NO,documentation pending
WO-000167,OT-00661,PLT-07,INSPECTION,CLOSED,ACTIVE,2026-09-26T21:00:00,2026-09-26T22:00:00,NO,operator workaround active
WO-000168,OT-00118,PLT-02,PM,DEFERRED,ACTIVE,2026-10-06T07:00:00,,NO,awaiting vendor
WO-000169,OT-01101,PLT-10,EMERGENCY,DEFERRED,DEGRADED,2026-09-29T12:00:00,,NO,parts substituted
WO-000170,OT-01459,PLT-14,PM,OPEN,OUT_OF_SERVICE,2026-10-05T21:00:00,2026-10-07T13:00:00,NO,documentation pending
WO-000171,OT-01304,PLT-12,PM,IN_PROGRESS,OUT_OF_SERVICE,2026-09-26T12:00:00,,NO,standard work
WO-000172,OT-01924,PLT-18,CM,CLOSED,OUT_OF_SERVICE,2026-09-15T16:00:00,2026-09-16T23:00:00,NO,operator workaround active
WO-000173,OT-01038,PLT-10,EMERGENCY,CLOSED,DEGRADED,2026-09-17T11:00:00,,NO,parts substituted
WO-000174,OT-01152,PLT-11,PM,CLOSED,OUT_OF_SERVICE,2026-09-22T01:00:00,2026-09-24T13:00:00,YES,operator workaround active
WO-000175,OT-01296,PLT-12,CALIBRATION,OPEN,DEGRADED,2026-10-09T04:00:00,2026-10-12T01:00:00,NO,parts substituted
WO-000176,OT-01555,PLT-15,CM,CLOSED,DEGRADED,2026-10-10T03:00:00,,NO,standard work
WO-000177,OT-00476,PLT-05,EMERGENCY,CLOSED,OUT_OF_SERVICE,2026-09-26T08:00:00,,NO,standard work
WO-000178,OT-00691,PLT-07,EMERGENCY,IN_PROGRESS,RETURNED_TO_SERVICE,2026-10-08T17:00:00,2026-10-09T01:00:00,NO,standard work
WO-000179,OT-01002,PLT-10,PM,IN_PROGRESS,DEGRADED,2026-09-04T08:00:00,,NO,parts substituted
WO-000180,OT-01735,PLT-16,INSPECTION,IN_PROGRESS,OUT_OF_SERVICE,2026-09-22T20:00:00,,NO,standard work
WO-000181,OT-00890,PLT-09,PM,CLOSED,RETURNED_TO_SERVICE,2026-09-13T18:00:00,,NO,documentation pending
WO-000182,OT-00358,PLT-04,EMERGENCY,DEFERRED,DEGRADED,2026-09-16T07:00:00,,NO,awaiting vendor
WO-000183,OT-00958,PLT-09,EMERGENCY,IN_PROGRESS,DEGRADED,2026-09-06T03:00:00,2026-09-06T04:00:00,NO,documentation pending
WO-000184,OT-00667,PLT-07,CALIBRATION,IN_PROGRESS,RETURNED_TO_SERVICE,2026-10-08T23:00:00,2026-10-10T03:00:00,NO,documentation pending
WO-000185,OT-01388,PLT-13,CM,OPEN,OUT_OF_SERVICE,2026-10-07T01:00:00,,NO,awaiting vendor
WO-000186,OT-00203,PLT-02,PM,IN_PROGRESS,RETURNED_TO_SERVICE,2026-09-24T11:00:00,2026-09-27T01:00:00,NO,parts substituted
WO-000187,OT-01183,PLT-11,CALIBRATION,CLOSED,ACTIVE,2026-10-05T05:00:00,,NO,documentation pending
WO-000188,OT-00535,PLT-06,INSPECTION,OPEN,OUT_OF_SERVICE,2026-09-17T00:00:00,,NO,documentation pending
WO-000189,OT-00529,PLT-05,EMERGENCY,DEFERRED,RETURNED_TO_SERVICE,2026-10-06T02:00:00,2026-10-07T18:00:00,NO,parts substituted
WO-000190,OT-01747,PLT-16,EMERGENCY,DEFERRED,ACTIVE,2026-09-13T14:00:00,2026-09-14T17:00:00,NO,parts substituted
WO-000191,OT-01347,PLT-13,CALIBRATION,IN_PROGRESS,ACTIVE,2026-09-04T09:00:00,2026-09-06T06:00:00,NO,parts substituted
WO-000192,OT-01135,PLT-11,CM,CLOSED,RETURNED_TO_SERVICE,2026-09-11T01:00:00,2026-09-12T19:00:00,NO,parts substituted
WO-000193,OT-01432,PLT-14,CM,DEFERRED,DEGRADED,2026-09-29T20:00:00,2026-10-01T22:00:00,NO,documentation pending
WO-000194,OT-00346,PLT-04,EMERGENCY,CLOSED,RETURNED_TO_SERVICE,2026-10-02T04:00:00,2026-10-04T13:00:00,NO,standard work
WO-000195,OT-00396,PLT-04,CM,IN_PROGRESS,RETURNED_TO_SERVICE,2026-09-05T22:00:00,2026-09-08T22:00:00,NO,awaiting vendor
WO-000196,OT-01853,PLT-17,EMERGENCY,OPEN,RETURNED_TO_SERVICE,2026-09-23T00:00:00,2026-09-24T15:00:00,NO,operator workaround active
WO-000197,OT-00847,PLT-08,INSPECTION,CLOSED,ACTIVE,2026-10-04T14:00:00,2026-10-07T13:00:00,NO,documentation pending
WO-000198,OT-00297,PLT-03,CALIBRATION,IN_PROGRESS,OUT_OF_SERVICE,2026-09-13T04:00:00,,NO,operator workaround active
WO-000199,OT-01470,PLT-14,EMERGENCY,OPEN,OUT_OF_SERVICE,2026-10-07T09:00:00,2026-10-08T20:00:00,NO,standard work
WO-000200,OT-01931,PLT-18,PM,CLOSED,RETURNED_TO_SERVICE,2026-09-18T00:00:00,2026-09-20T15:00:00,YES,standard work
WO-000201,OT-00098,PLT-01,CALIBRATION,IN_PROGRESS,ACTIVE,2026-09-19T00:00:00,2026-09-21T15:00:00,NO,standard work
WO-000202,OT-00446,PLT-05,EMERGENCY,IN_PROGRESS,ACTIVE,2026-10-09T00:00:00,,NO,operator workaround active
WO-000203,OT-00574,PLT-06,CM,CLOSED,ACTIVE,2026-09-19T02:00:00,2026-09-19T21:00:00,NO,awaiting vendor
WO-000204,OT-00207,PLT-02,PM,CLOSED,OUT_OF_SERVICE,2026-09-14T10:00:00,2026-09-15T22:00:00,NO,awaiting vendor
WO-000205,OT-00193,PLT-02,CM,OPEN,RETURNED_TO_SERVICE,2026-09-30T19:00:00,,NO,parts substituted
WO-000206,OT-00358,PLT-04,CALIBRATION,IN_PROGRESS,RETURNED_TO_SERVICE,2026-09-12T11:00:00,2026-09-14T10:00:00,NO,operator workaround active
WO-000207,OT-01925,PLT-18,CM,DEFERRED,RETURNED_TO_SERVICE,2026-10-05T01:00:00,,NO,awaiting vendor
WO-000208,OT-00407,PLT-04,INSPECTION,IN_PROGRESS,OUT_OF_SERVICE,2026-09-30T23:00:00,,NO,parts substituted
WO-000209,OT-00124,PLT-02,PM,IN_PROGRESS,OUT_OF_SERVICE,2026-10-05T21:00:00,2026-10-07T07:00:00,NO,awaiting vendor
WO-000210,OT-00064,PLT-01,EMERGENCY,DEFERRED,ACTIVE,2026-09-20T22:00:00,2026-09-22T07:00:00,NO,parts substituted
WO-000211,OT-01643,PLT-15,INSPECTION,IN_PROGRESS,ACTIVE,2026-09-14T18:00:00,,NO,documentation pending
WO-000212,OT-00095,PLT-01,EMERGENCY,CLOSED,OUT_OF_SERVICE,2026-09-24T01:00:00,2026-09-25T20:00:00,NO,parts substituted
WO-000213,OT-00285,PLT-03,CM,CLOSED,ACTIVE,2026-09-17T20:00:00,,NO,standard work
WO-000214,OT-01437,PLT-14,INSPECTION,OPEN,DEGRADED,2026-09-29T23:00:00,2026-09-30T22:00:00,NO,operator workaround active
WO-000215,OT-01734,PLT-16,INSPECTION,DEFERRED,ACTIVE,2026-09-10T14:00:00,2026-09-12T18:00:00,NO,documentation pending
WO-000216,OT-00814,PLT-08,INSPECTION,OPEN,DEGRADED,2026-09-11T06:00:00,2026-09-12T20:00:00,NO,standard work
WO-000217,OT-00291,PLT-03,CALIBRATION,OPEN,RETURNED_TO_SERVICE,2026-10-11T00:00:00,,NO,documentation pending
WO-000218,OT-00222,PLT-03,CALIBRATION,CLOSED,OUT_OF_SERVICE,2026-10-05T13:00:00,,NO,operator workaround active
WO-000219,OT-00114,PLT-02,CM,DEFERRED,OUT_OF_SERVICE,2026-09-21T14:00:00,2026-09-24T07:00:00,NO,operator workaround active
WO-000220,OT-00406,PLT-04,EMERGENCY,OPEN,DEGRADED,2026-10-09T17:00:00,,NO,standard work
WO-000221,OT-01518,PLT-14,INSPECTION,DEFERRED,ACTIVE,2026-10-03T21:00:00,,NO,awaiting vendor
WO-000222,OT-00095,PLT-01,INSPECTION,OPEN,ACTIVE,2026-09-23T03:00:00,,NO,awaiting vendor
WO-000223,OT-00711,PLT-07,PM,OPEN,ACTIVE,2026-09-08T19:00:00,,NO,awaiting vendor
WO-000224,OT-01244,PLT-12,CALIBRATION,IN_PROGRESS,ACTIVE,2026-09-15T11:00:00,2026-09-15T15:00:00,NO,parts substituted
WO-000225,OT-00602,PLT-06,INSPECTION,CLOSED,ACTIVE,2026-10-06T18:00:00,2026-10-07T19:00:00,NO,operator workaround active
WO-000226,OT-01040,PLT-10,INSPECTION,IN_PROGRESS,ACTIVE,2026-09-12T08:00:00,2026-09-13T11:00:00,NO,parts substituted
WO-000227,OT-00551,PLT-06,CALIBRATION,OPEN,ACTIVE,2026-09-26T08:00:00,2026-09-28T18:00:00,NO,awaiting vendor
WO-000228,OT-01866,PLT-17,INSPECTION,IN_PROGRESS,OUT_OF_SERVICE,2026-10-03T01:00:00,2026-10-03T06:00:00,NO,standard work
WO-000229,OT-00434,PLT-05,EMERGENCY,DEFERRED,ACTIVE,2026-09-16T04:00:00,,NO,operator workaround active
WO-000230,OT-00683,PLT-07,EMERGENCY,DEFERRED,OUT_OF_SERVICE,2026-09-30T06:00:00,,NO,parts substituted
WO-000231,OT-01278,PLT-12,INSPECTION,DEFERRED,DEGRADED,2026-09-05T14:00:00,2026-09-05T17:00:00,NO,documentation pending
WO-000232,OT-01176,PLT-11,PM,IN_PROGRESS,DEGRADED,2026-09-26T13:00:00,2026-09-29T07:00:00,NO,parts substituted
WO-000233,OT-00685,PLT-07,INSPECTION,OPEN,DEGRADED,2026-10-01T02:00:00,2026-10-03T03:00:00,NO,standard work
WO-000234,OT-00837,PLT-08,EMERGENCY,OPEN,ACTIVE,2026-09-03T21:00:00,2026-09-05T18:00:00,NO,parts substituted
WO-000235,OT-01670,PLT-16,EMERGENCY,OPEN,RETURNED_TO_SERVICE,2026-09-27T18:00:00,2026-09-29T04:00:00,NO,documentation pending
WO-000236,OT-01313,PLT-13,CALIBRATION,OPEN,OUT_OF_SERVICE,2026-09-30T21:00:00,,NO,parts substituted
WO-000237,OT-00902,PLT-09,CALIBRATION,IN_PROGRESS,RETURNED_TO_SERVICE,2026-09-12T12:00:00,2026-09-12T19:00:00,NO,documentation pending
WO-000238,OT-00100,PLT-01,CM,IN_PROGRESS,OUT_OF_SERVICE,2026-09-14T07:00:00,,NO,operator workaround active
WO-000239,OT-01159,PLT-11,EMERGENCY,OPEN,ACTIVE,2026-09-30T04:00:00,2026-10-02T08:00:00,NO,standard work
WO-000240,OT-01647,PLT-15,INSPECTION,OPEN,OUT_OF_SERVICE,2026-10-06T13:00:00,,NO,parts substituted
WO-000241,OT-01279,PLT-12,INSPECTION,DEFERRED,ACTIVE,2026-10-10T12:00:00,,NO,awaiting vendor
WO-000242,OT-01464,PLT-14,PM,DEFERRED,ACTIVE,2026-09-06T14:00:00,,NO,standard work
WO-000243,OT-00579,PLT-06,CM,OPEN,OUT_OF_SERVICE,2026-09-11T15:00:00,2026-09-12T18:00:00,NO,operator workaround active
WO-000244,OT-00296,PLT-03,INSPECTION,CLOSED,ACTIVE,2026-10-06T00:00:00,2026-10-06T18:00:00,NO,documentation pending
WO-000245,OT-00654,PLT-07,INSPECTION,IN_PROGRESS,RETURNED_TO_SERVICE,2026-09-10T01:00:00,,NO,documentation pending
WO-000246,OT-00307,PLT-03,PM,DEFERRED,OUT_OF_SERVICE,2026-09-10T04:00:00,2026-09-11T20:00:00,NO,parts substituted
WO-000247,OT-00390,PLT-04,INSPECTION,CLOSED,DEGRADED,2026-09-24T14:00:00,2026-09-25T10:00:00,NO,parts substituted
WO-000248,OT-00219,PLT-03,CM,DEFERRED,ACTIVE,2026-10-01T08:00:00,2026-10-04T07:00:00,NO,documentation pending
WO-000249,OT-01803,PLT-17,EMERGENCY,DEFERRED,DEGRADED,2026-10-03T01:00:00,,NO,awaiting vendor
WO-000250,OT-00532,PLT-05,EMERGENCY,CLOSED,ACTIVE,2026-09-04T09:00:00,2026-09-06T12:00:00,NO,documentation pending
WO-000251,OT-00256,PLT-03,CALIBRATION,CLOSED,OUT_OF_SERVICE,2026-09-14T02:00:00,,NO,operator workaround active
WO-000252,OT-01213,PLT-12,CM,OPEN,ACTIVE,2026-09-24T14:00:00,,NO,documentation pending
WO-000253,OT-00010,PLT-01,PM,CLOSED,OUT_OF_SERVICE,2026-09-02T21:00:00,2026-09-03T08:00:00,NO,operator workaround active
WO-000254,OT-00159,PLT-02,EMERGENCY,DEFERRED,DEGRADED,2026-09-28T14:00:00,2026-09-29T15:00:00,NO,operator workaround active
WO-000255,OT-00151,PLT-02,EMERGENCY,DEFERRED,DEGRADED,2026-09-18T05:00:00,2026-09-19T20:00:00,NO,parts substituted
WO-000256,OT-01362,PLT-13,CM,OPEN,DEGRADED,2026-10-08T06:00:00,,NO,parts substituted
WO-000257,OT-01697,PLT-16,CM,IN_PROGRESS,DEGRADED,2026-09-01T17:00:00,,NO,standard work
WO-000258,OT-00597,PLT-06,PM,OPEN,ACTIVE,2026-09-12T23:00:00,,NO,standard work
WO-000259,OT-00782,PLT-08,CALIBRATION,DEFERRED,OUT_OF_SERVICE,2026-10-06T17:00:00,,YES,documentation pending
WO-000260,OT-01756,PLT-16,EMERGENCY,OPEN,OUT_OF_SERVICE,2026-10-06T01:00:00,,NO,parts substituted
WO-000261,OT-00223,PLT-03,PM,DEFERRED,OUT_OF_SERVICE,2026-09-11T08:00:00,2026-09-12T21:00:00,NO,documentation pending
WO-000262,OT-00321,PLT-03,CM,CLOSED,ACTIVE,2026-09-17T02:00:00,2026-09-18T07:00:00,NO,parts substituted
WO-000263,OT-00704,PLT-07,INSPECTION,DEFERRED,RETURNED_TO_SERVICE,2026-09-04T07:00:00,2026-09-07T01:00:00,NO,documentation pending
WO-000264,OT-01959,PLT-18,CALIBRATION,OPEN,DEGRADED,2026-09-27T01:00:00,2026-09-29T06:00:00,NO,parts substituted
WO-000265,OT-00894,PLT-09,PM,DEFERRED,ACTIVE,2026-09-07T06:00:00,,NO,awaiting vendor
WO-000266,OT-00635,PLT-06,INSPECTION,CLOSED,RETURNED_TO_SERVICE,2026-09-14T06:00:00,2026-09-14T19:00:00,NO,awaiting vendor
WO-000267,OT-00648,PLT-07,CALIBRATION,DEFERRED,ACTIVE,2026-10-05T01:00:00,2026-10-05T02:00:00,NO,parts substituted
WO-000268,OT-00740,PLT-07,CM,CLOSED,ACTIVE,2026-09-28T21:00:00,,YES,parts substituted
WO-000269,OT-01203,PLT-11,INSPECTION,IN_PROGRESS,DEGRADED,2026-09-11T20:00:00,,NO,parts substituted
WO-000270,OT-01481,PLT-14,CALIBRATION,OPEN,RETURNED_TO_SERVICE,2026-10-10T03:00:00,,NO,parts substituted
WO-000271,OT-01104,PLT-11,EMERGENCY,CLOSED,OUT_OF_SERVICE,2026-09-26T11:00:00,,NO,parts substituted
WO-000272,OT-00666,PLT-07,CALIBRATION,IN_PROGRESS,RETURNED_TO_SERVICE,2026-09-16T04:00:00,,NO,operator workaround active
WO-000273,OT-00844,PLT-08,EMERGENCY,OPEN,OUT_OF_SERVICE,2026-09-17T04:00:00,,YES,awaiting vendor
WO-000274,OT-01802,PLT-17,CALIBRATION,IN_PROGRESS,DEGRADED,2026-09-29T11:00:00,,NO,documentation pending
WO-000275,OT-00905,PLT-09,PM,CLOSED,ACTIVE,2026-10-10T08:00:00,,NO,operator workaround active
WO-000276,OT-00452,PLT-05,INSPECTION,IN_PROGRESS,ACTIVE,2026-09-07T12:00:00,,NO,documentation pending
WO-000277,OT-01705,PLT-16,EMERGENCY,CLOSED,ACTIVE,2026-09-10T01:00:00,2026-09-10T20:00:00,NO,standard work
WO-000278,OT-01685,PLT-16,INSPECTION,OPEN,DEGRADED,2026-09-10T11:00:00,,NO,awaiting vendor
WO-000279,OT-01964,PLT-18,PM,CLOSED,RETURNED_TO_SERVICE,2026-09-23T11:00:00,,NO,documentation pending
WO-000280,OT-00914,PLT-09,PM,OPEN,ACTIVE,2026-09-01T03:00:00,,NO,standard work
WO-000281,OT-01518,PLT-14,INSPECTION,DEFERRED,DEGRADED,2026-09-19T12:00:00,2026-09-19T19:00:00,YES,documentation pending
WO-000282,OT-00354,PLT-04,PM,CLOSED,RETURNED_TO_SERVICE,2026-09-18T05:00:00,,YES,documentation pending
WO-000283,OT-00707,PLT-07,EMERGENCY,IN_PROGRESS,ACTIVE,2026-09-12T10:00:00,2026-09-14T06:00:00,NO,parts substituted
WO-000284,OT-00759,PLT-08,INSPECTION,OPEN,DEGRADED,2026-09-30T05:00:00,,NO,standard work
WO-000285,OT-00323,PLT-04,CALIBRATION,IN_PROGRESS,ACTIVE,2026-10-05T21:00:00,,NO,parts substituted
WO-000286,OT-00543,PLT-06,INSPECTION,OPEN,OUT_OF_SERVICE,2026-09-08T18:00:00,,NO,documentation pending
WO-000287,OT-01317,PLT-13,INSPECTION,DEFERRED,ACTIVE,2026-10-07T07:00:00,2026-10-08T02:00:00,YES,standard work
WO-000288,OT-00677,PLT-07,CALIBRATION,IN_PROGRESS,RETURNED_TO_SERVICE,2026-09-09T10:00:00,2026-09-09T12:00:00,NO,parts substituted
WO-000289,OT-01262,PLT-12,PM,CLOSED,RETURNED_TO_SERVICE,2026-09-18T05:00:00,,NO,documentation pending
WO-000290,OT-01021,PLT-10,CM,DEFERRED,DEGRADED,2026-10-02T16:00:00,2026-10-04T21:00:00,YES,operator workaround active
WO-000291,OT-00348,PLT-04,PM,IN_PROGRESS,OUT_OF_SERVICE,2026-09-29T12:00:00,2026-10-01T22:00:00,NO,standard work
WO-000292,OT-01212,PLT-12,CM,CLOSED,DEGRADED,2026-09-22T22:00:00,2026-09-25T09:00:00,NO,documentation pending
WO-000293,OT-00307,PLT-03,EMERGENCY,DEFERRED,DEGRADED,2026-09-16T15:00:00,,NO,operator workaround active
WO-000294,OT-00879,PLT-08,PM,DEFERRED,ACTIVE,2026-10-07T18:00:00,2026-10-08T02:00:00,NO,standard work
WO-000295,OT-00418,PLT-04,EMERGENCY,DEFERRED,OUT_OF_SERVICE,2026-10-06T05:00:00,2026-10-08T17:00:00,NO,documentation pending
WO-000296,OT-00363,PLT-04,CALIBRATION,OPEN,RETURNED_TO_SERVICE,2026-09-24T14:00:00,2026-09-27T02:00:00,NO,awaiting vendor
WO-000297,OT-01527,PLT-14,PM,CLOSED,RETURNED_TO_SERVICE,2026-09-15T04:00:00,2026-09-16T17:00:00,NO,operator workaround active
WO-000298,OT-00972,PLT-09,CM,IN_PROGRESS,OUT_OF_SERVICE,2026-10-06T10:00:00,,NO,parts substituted
WO-000299,OT-00294,PLT-03,CALIBRATION,OPEN,OUT_OF_SERVICE,2026-10-01T20:00:00,2026-10-03T09:00:00,NO,parts substituted
WO-000300,OT-00280,PLT-03,CM,OPEN,ACTIVE,2026-10-01T05:00:00,2026-10-04T02:00:00,NO,operator workaround active
WO-000301,OT-01243,PLT-12,INSPECTION,OPEN,RETURNED_TO_SERVICE,2026-09-26T17:00:00,2026-09-26T20:00:00,NO,standard work
WO-000302,OT-00840,PLT-08,CALIBRATION,OPEN,DEGRADED,2026-10-05T20:00:00,,NO,standard work
WO-000303,OT-00466,PLT-05,PM,DEFERRED,OUT_OF_SERVICE,2026-09-08T18:00:00,,NO,standard work
WO-000304,OT-00422,PLT-04,PM,IN_PROGRESS,OUT_OF_SERVICE,2026-10-01T01:00:00,2026-10-02T16:00:00,NO,standard work
WO-000305,OT-01479,PLT-14,CALIBRATION,OPEN,OUT_OF_SERVICE,2026-09-01T05:00:00,2026-09-03T20:00:00,NO,operator workaround active
WO-000306,OT-00883,PLT-09,CM,IN_PROGRESS,OUT_OF_SERVICE,2026-09-15T18:00:00,,NO,operator workaround active
WO-000307,OT-01948,PLT-18,CM,DEFERRED,RETURNED_TO_SERVICE,2026-09-08T12:00:00,2026-09-09T04:00:00,YES,standard work
WO-000308,OT-01970,PLT-18,CM,CLOSED,OUT_OF_SERVICE,2026-09-27T21:00:00,2026-09-30T00:00:00,NO,standard work
WO-000309,OT-00577,PLT-06,CM,OPEN,ACTIVE,2026-09-10T15:00:00,2026-09-10T21:00:00,NO,standard work
WO-000310,OT-00144,PLT-02,CALIBRATION,IN_PROGRESS,RETURNED_TO_SERVICE,2026-09-26T19:00:00,2026-09-29T00:00:00,NO,awaiting vendor
WO-000311,OT-00228,PLT-03,PM,CLOSED,RETURNED_TO_SERVICE,2026-09-11T00:00:00,,NO,standard work
WO-000312,OT-00399,PLT-04,INSPECTION,DEFERRED,DEGRADED,2026-09-17T16:00:00,2026-09-19T15:00:00,NO,standard work
WO-000313,OT-00760,PLT-08,EMERGENCY,IN_PROGRESS,OUT_OF_SERVICE,2026-10-04T11:00:00,2026-10-04T16:00:00,NO,parts substituted
WO-000314,OT-00720,PLT-07,CM,CLOSED,ACTIVE,2026-10-05T11:00:00,2026-10-07T03:00:00,NO,operator workaround active
WO-000315,OT-00505,PLT-05,CALIBRATION,CLOSED,RETURNED_TO_SERVICE,2026-09-20T12:00:00,2026-09-21T01:00:00,YES,documentation pending
WO-000316,OT-01235,PLT-12,CM,OPEN,OUT_OF_SERVICE,2026-09-30T09:00:00,,YES,parts substituted
WO-000317,OT-00771,PLT-08,PM,IN_PROGRESS,DEGRADED,2026-09-06T03:00:00,2026-09-08T05:00:00,NO,awaiting vendor
WO-000318,OT-00882,PLT-09,EMERGENCY,IN_PROGRESS,RETURNED_TO_SERVICE,2026-09-15T10:00:00,,NO,standard work
WO-000319,OT-00044,PLT-01,INSPECTION,CLOSED,ACTIVE,2026-09-23T17:00:00,2026-09-26T07:00:00,NO,awaiting vendor
WO-000320,OT-01385,PLT-13,EMERGENCY,OPEN,RETURNED_TO_SERVICE,2026-09-27T21:00:00,2026-09-28T19:00:00,NO,documentation pending
WO-000321,OT-00189,PLT-02,PM,OPEN,DEGRADED,2026-09-27T19:00:00,,NO,standard work
WO-000322,OT-00339,PLT-04,INSPECTION,CLOSED,ACTIVE,2026-09-03T21:00:00,,NO,operator workaround active
WO-000323,OT-01280,PLT-12,CALIBRATION,OPEN,DEGRADED,2026-09-26T18:00:00,2026-09-28T22:00:00,NO,parts substituted
WO-000324,OT-01908,PLT-18,CALIBRATION,CLOSED,OUT_OF_SERVICE,2026-09-21T19:00:00,,NO,documentation pending
WO-000325,OT-00473,PLT-05,PM,IN_PROGRESS,OUT_OF_SERVICE,2026-10-06T02:00:00,2026-10-08T19:00:00,NO,operator workaround active
WO-000326,OT-00790,PLT-08,PM,CLOSED,DEGRADED,2026-09-01T10:00:00,2026-09-02T21:00:00,NO,awaiting vendor
WO-000327,OT-00546,PLT-06,CALIBRATION,DEFERRED,DEGRADED,2026-09-26T06:00:00,,NO,parts substituted
WO-000328,OT-00481,PLT-05,INSPECTION,DEFERRED,ACTIVE,2026-09-17T05:00:00,2026-09-18T03:00:00,NO,standard work
WO-000329,OT-01005,PLT-10,CM,CLOSED,ACTIVE,2026-09-06T11:00:00,,NO,documentation pending
WO-000330,OT-01473,PLT-14,CM,CLOSED,DEGRADED,2026-09-01T21:00:00,2026-09-04T08:00:00,NO,operator workaround active
WO-000331,OT-00495,PLT-05,INSPECTION,IN_PROGRESS,OUT_OF_SERVICE,2026-09-08T18:00:00,,YES,standard work
WO-000332,OT-01552,PLT-14,CALIBRATION,CLOSED,RETURNED_TO_SERVICE,2026-09-13T17:00:00,2026-09-13T19:00:00,NO,awaiting vendor
WO-000333,OT-00478,PLT-05,CALIBRATION,IN_PROGRESS,RETURNED_TO_SERVICE,2026-09-07T11:00:00,2026-09-10T06:00:00,NO,documentation pending
WO-000334,OT-01740,PLT-16,CALIBRATION,DEFERRED,OUT_OF_SERVICE,2026-10-01T14:00:00,2026-10-02T12:00:00,NO,documentation pending
WO-000335,OT-00655,PLT-07,PM,CLOSED,ACTIVE,2026-10-10T03:00:00,2026-10-12T04:00:00,NO,standard work
WO-000336,OT-00706,PLT-07,CALIBRATION,IN_PROGRESS,ACTIVE,2026-10-03T18:00:00,,NO,awaiting vendor
WO-000337,OT-00726,PLT-07,INSPECTION,DEFERRED,DEGRADED,2026-09-08T07:00:00,,NO,operator workaround active
WO-000338,OT-00771,PLT-08,EMERGENCY,IN_PROGRESS,ACTIVE,2026-09-25T10:00:00,,NO,parts substituted
WO-000339,OT-01635,PLT-15,CM,DEFERRED,RETURNED_TO_SERVICE,2026-09-06T00:00:00,2026-09-06T16:00:00,NO,parts substituted
WO-000340,OT-01940,PLT-18,CALIBRATION,OPEN,DEGRADED,2026-10-04T04:00:00,,YES,standard work
WO-000341,OT-01114,PLT-11,INSPECTION,OPEN,DEGRADED,2026-09-25T05:00:00,2026-09-26T01:00:00,NO,standard work
WO-000342,OT-01601,PLT-15,PM,CLOSED,RETURNED_TO_SERVICE,2026-10-06T15:00:00,2026-10-08T04:00:00,YES,standard work
WO-000343,OT-00607,PLT-06,INSPECTION,DEFERRED,OUT_OF_SERVICE,2026-09-14T05:00:00,,NO,operator workaround active
WO-000344,OT-00237,PLT-03,CM,IN_PROGRESS,DEGRADED,2026-10-03T14:00:00,2026-10-04T16:00:00,NO,awaiting vendor
WO-000345,OT-01016,PLT-10,CALIBRATION,IN_PROGRESS,ACTIVE,2026-10-09T06:00:00,,NO,operator workaround active
WO-000346,OT-00803,PLT-08,CALIBRATION,DEFERRED,RETURNED_TO_SERVICE,2026-09-01T15:00:00,,NO,operator workaround active
WO-000347,OT-00467,PLT-05,EMERGENCY,OPEN,ACTIVE,2026-09-26T02:00:00,,NO,parts substituted
WO-000348,OT-00238,PLT-03,PM,IN_PROGRESS,DEGRADED,2026-09-08T18:00:00,,NO,documentation pending
WO-000349,OT-00671,PLT-07,INSPECTION,OPEN,OUT_OF_SERVICE,2026-09-11T06:00:00,2026-09-13T16:00:00,NO,standard work
WO-000350,OT-00397,PLT-04,CM,IN_PROGRESS,RETURNED_TO_SERVICE,2026-09-06T15:00:00,2026-09-06T22:00:00,NO,standard work
WO-000351,OT-00282,PLT-03,PM,CLOSED,ACTIVE,2026-10-02T17:00:00,2026-10-05T09:00:00,NO,operator workaround active
WO-000352,OT-01750,PLT-16,INSPECTION,DEFERRED,RETURNED_TO_SERVICE,2026-09-30T08:00:00,,NO,parts substituted
WO-000353,OT-00225,PLT-03,PM,OPEN,RETURNED_TO_SERVICE,2026-10-10T14:00:00,,YES,operator workaround active
WO-000354,OT-01751,PLT-16,PM,IN_PROGRESS,ACTIVE,2026-10-02T18:00:00,,NO,awaiting vendor
WO-000355,OT-01573,PLT-15,INSPECTION,DEFERRED,OUT_OF_SERVICE,2026-09-20T09:00:00,,YES,parts substituted
WO-000356,OT-00573,PLT-06,INSPECTION,CLOSED,DEGRADED,2026-09-16T17:00:00,,NO,documentation pending
WO-000357,OT-01454,PLT-14,INSPECTION,IN_PROGRESS,RETURNED_TO_SERVICE,2026-09-09T03:00:00,,NO,parts substituted
WO-000358,OT-00949,PLT-09,EMERGENCY,DEFERRED,RETURNED_TO_SERVICE,2026-09-16T03:00:00,,NO,documentation pending
WO-000359,OT-00019,PLT-01,EMERGENCY,OPEN,OUT_OF_SERVICE,2026-10-07T12:00:00,,NO,operator workaround active
WO-000360,OT-01925,PLT-18,CM,CLOSED,RETURNED_TO_SERVICE,2026-09-05T09:00:00,2026-09-07T03:00:00,NO,standard work
WO-000361,OT-00969,PLT-09,EMERGENCY,OPEN,OUT_OF_SERVICE,2026-09-02T09:00:00,2026-09-03T04:00:00,NO,awaiting vendor
WO-000362,OT-01427,PLT-14,EMERGENCY,CLOSED,RETURNED_TO_SERVICE,2026-10-03T14:00:00,,NO,awaiting vendor
WO-000363,OT-01508,PLT-14,PM,OPEN,RETURNED_TO_SERVICE,2026-10-10T04:00:00,2026-10-13T04:00:00,YES,documentation pending
WO-000364,OT-01642,PLT-15,INSPECTION,IN_PROGRESS,DEGRADED,2026-10-03T01:00:00,,NO,awaiting vendor
WO-000365,OT-00928,PLT-09,EMERGENCY,CLOSED,OUT_OF_SERVICE,2026-09-17T01:00:00,2026-09-18T22:00:00,NO,awaiting vendor
WO-000366,OT-01318,PLT-13,CM,CLOSED,RETURNED_TO_SERVICE,2026-09-13T17:00:00,2026-09-14T01:00:00,NO,operator workaround active
WO-000367,OT-00269,PLT-03,PM,DEFERRED,ACTIVE,2026-09-30T22:00:00,2026-10-01T19:00:00,YES,operator workaround active
WO-000368,OT-00026,PLT-01,PM,IN_PROGRESS,OUT_OF_SERVICE,2026-09-03T12:00:00,2026-09-06T06:00:00,NO,awaiting vendor
WO-000369,OT-01221,PLT-12,PM,IN_PROGRESS,RETURNED_TO_SERVICE,2026-09-14T18:00:00,,NO,documentation pending
WO-000370,OT-01396,PLT-13,INSPECTION,IN_PROGRESS,ACTIVE,2026-09-12T20:00:00,2026-09-13T15:00:00,NO,operator workaround active
WO-000371,OT-01095,PLT-10,INSPECTION,IN_PROGRESS,RETURNED_TO_SERVICE,2026-09-27T17:00:00,2026-09-30T10:00:00,YES,parts substituted
WO-000372,OT-01791,PLT-17,PM,OPEN,RETURNED_TO_SERVICE,2026-09-11T22:00:00,,NO,operator workaround active
WO-000373,OT-00635,PLT-06,PM,IN_PROGRESS,DEGRADED,2026-09-24T07:00:00,,NO,operator workaround active
WO-000374,OT-01591,PLT-15,INSPECTION,CLOSED,RETURNED_TO_SERVICE,2026-10-05T14:00:00,,NO,awaiting vendor
WO-000375,OT-01216,PLT-12,CALIBRATION,CLOSED,OUT_OF_SERVICE,2026-09-06T23:00:00,2026-09-07T11:00:00,YES,awaiting vendor
WO-000376,OT-00244,PLT-03,EMERGENCY,DEFERRED,ACTIVE,2026-09-28T02:00:00,,NO,parts substituted
WO-000377,OT-01918,PLT-18,CALIBRATION,OPEN,ACTIVE,2026-09-19T13:00:00,,NO,operator workaround active
WO-000378,OT-00307,PLT-03,CM,OPEN,ACTIVE,2026-09-20T07:00:00,2026-09-20T14:00:00,NO,standard work
WO-000379,OT-00007,PLT-01,CM,OPEN,ACTIVE,2026-09-01T02:00:00,2026-09-03T07:00:00,NO,operator workaround active
WO-000380,OT-00710,PLT-07,EMERGENCY,DEFERRED,RETURNED_TO_SERVICE,2026-09-25T03:00:00,2026-09-27T07:00:00,NO,awaiting vendor
WO-000381,OT-00048,PLT-01,EMERGENCY,CLOSED,DEGRADED,2026-10-10T06:00:00,,NO,awaiting vendor
WO-000382,OT-00109,PLT-02,CM,CLOSED,DEGRADED,2026-09-17T15:00:00,2026-09-20T09:00:00,NO,parts substituted
WO-000383,OT-01868,PLT-17,PM,IN_PROGRESS,DEGRADED,2026-10-05T20:00:00,2026-10-07T12:00:00,NO,parts substituted
WO-000384,OT-01885,PLT-17,CALIBRATION,IN_PROGRESS,DEGRADED,2026-09-23T16:00:00,,NO,parts substituted
WO-000385,OT-01246,PLT-12,CALIBRATION,CLOSED,RETURNED_TO_SERVICE,2026-10-04T19:00:00,,NO,awaiting vendor
WO-000386,OT-01046,PLT-10,CALIBRATION,IN_PROGRESS,RETURNED_TO_SERVICE,2026-10-05T22:00:00,2026-10-07T02:00:00,NO,documentation pending
WO-000387,OT-01079,PLT-10,EMERGENCY,IN_PROGRESS,DEGRADED,2026-09-17T20:00:00,2026-09-20T18:00:00,NO,parts substituted
WO-000388,OT-01493,PLT-14,EMERGENCY,CLOSED,RETURNED_TO_SERVICE,2026-09-21T18:00:00,,NO,documentation pending
WO-000389,OT-00115,PLT-02,INSPECTION,CLOSED,ACTIVE,2026-10-02T00:00:00,2026-10-02T08:00:00,NO,documentation pending
WO-000390,OT-00802,PLT-08,PM,DEFERRED,DEGRADED,2026-10-04T02:00:00,2026-10-06T18:00:00,NO,documentation pending
WO-000391,OT-01810,PLT-17,EMERGENCY,DEFERRED,OUT_OF_SERVICE,2026-10-01T14:00:00,2026-10-03T21:00:00,NO,standard work
WO-000392,OT-01740,PLT-16,EMERGENCY,OPEN,RETURNED_TO_SERVICE,2026-09-14T07:00:00,2026-09-15T09:00:00,NO,standard work
WO-000393,OT-01370,PLT-13,INSPECTION,DEFERRED,ACTIVE,2026-09-27T23:00:00,,NO,operator workaround active
WO-000394,OT-01287,PLT-12,CM,DEFERRED,ACTIVE,2026-09-17T19:00:00,,NO,documentation pending
WO-000395,OT-01972,PLT-18,PM,DEFERRED,RETURNED_TO_SERVICE,2026-10-07T10:00:00,2026-10-08T04:00:00,NO,operator workaround active
WO-000396,OT-00205,PLT-02,PM,OPEN,OUT_OF_SERVICE,2026-09-24T12:00:00,,NO,documentation pending
WO-000397,OT-01406,PLT-13,EMERGENCY,CLOSED,RETURNED_TO_SERVICE,2026-09-20T00:00:00,2026-09-22T06:00:00,NO,parts substituted
WO-000398,OT-01903,PLT-18,INSPECTION,IN_PROGRESS,OUT_OF_SERVICE,2026-09-19T14:00:00,,NO,operator workaround active
WO-000399,OT-01394,PLT-13,EMERGENCY,IN_PROGRESS,ACTIVE,2026-09-02T22:00:00,2026-09-03T03:00:00,NO,awaiting vendor
WO-000400,OT-00893,PLT-09,EMERGENCY,CLOSED,DEGRADED,2026-09-16T01:00:00,2026-09-16T05:00:00,NO,standard work
WO-000401,OT-01901,PLT-18,EMERGENCY,CLOSED,OUT_OF_SERVICE,2026-09-09T17:00:00,2026-09-09T20:00:00,NO,operator workaround active
WO-000402,OT-00139,PLT-02,CM,CLOSED,DEGRADED,2026-09-20T22:00:00,,NO,documentation pending
WO-000403,OT-00043,PLT-01,PM,OPEN,DEGRADED,2026-09-05T23:00:00,,YES,operator workaround active
WO-000404,OT-01670,PLT-16,PM,DEFERRED,DEGRADED,2026-09-06T21:00:00,2026-09-09T13:00:00,NO,documentation pending
WO-000405,OT-00817,PLT-08,INSPECTION,DEFERRED,ACTIVE,2026-10-02T20:00:00,2026-10-03T02:00:00,NO,operator workaround active
WO-000406,OT-01847,PLT-17,INSPECTION,CLOSED,RETURNED_TO_SERVICE,2026-09-19T11:00:00,2026-09-21T08:00:00,NO,documentation pending
WO-000407,OT-00445,PLT-05,INSPECTION,IN_PROGRESS,OUT_OF_SERVICE,2026-10-07T07:00:00,,NO,parts substituted
WO-000408,OT-00359,PLT-04,INSPECTION,DEFERRED,ACTIVE,2026-09-18T00:00:00,2026-09-19T03:00:00,NO,parts substituted
WO-000409,OT-01585,PLT-15,CALIBRATION,DEFERRED,OUT_OF_SERVICE,2026-10-02T06:00:00,2026-10-02T09:00:00,NO,parts substituted
WO-000410,OT-00313,PLT-03,CM,DEFERRED,RETURNED_TO_SERVICE,2026-10-08T22:00:00,,NO,parts substituted
WO-000411,OT-01314,PLT-13,PM,OPEN,ACTIVE,2026-09-02T18:00:00,2026-09-03T00:00:00,NO,awaiting vendor
WO-000412,OT-00606,PLT-06,INSPECTION,DEFERRED,OUT_OF_SERVICE,2026-09-01T13:00:00,,NO,operator workaround active
WO-000413,OT-00026,PLT-01,CALIBRATION,DEFERRED,DEGRADED,2026-09-30T05:00:00,2026-10-02T05:00:00,NO,standard work
WO-000414,OT-00329,PLT-04,EMERGENCY,IN_PROGRESS,ACTIVE,2026-09-01T23:00:00,2026-09-02T21:00:00,NO,awaiting vendor
WO-000415,OT-01787,PLT-17,INSPECTION,CLOSED,RETURNED_TO_SERVICE,2026-09-08T08:00:00,,NO,operator workaround active
WO-000416,OT-01752,PLT-16,CM,CLOSED,ACTIVE,2026-09-08T08:00:00,2026-09-09T17:00:00,YES,standard work
WO-000417,OT-01288,PLT-12,INSPECTION,OPEN,ACTIVE,2026-09-12T07:00:00,,NO,documentation pending
WO-000418,OT-00233,PLT-03,INSPECTION,CLOSED,ACTIVE,2026-09-20T21:00:00,2026-09-22T03:00:00,NO,parts substituted
WO-000419,OT-00236,PLT-03,PM,IN_PROGRESS,DEGRADED,2026-09-10T12:00:00,,NO,documentation pending
WO-000420,OT-01829,PLT-17,CALIBRATION,DEFERRED,DEGRADED,2026-09-21T12:00:00,,NO,parts substituted
WO-000421,OT-00650,PLT-07,INSPECTION,IN_PROGRESS,DEGRADED,2026-09-21T05:00:00,,NO,standard work
WO-000422,OT-00334,PLT-04,CM,CLOSED,OUT_OF_SERVICE,2026-09-10T16:00:00,2026-09-11T05:00:00,NO,parts substituted
WO-000423,OT-00217,PLT-03,CM,IN_PROGRESS,OUT_OF_SERVICE,2026-09-18T04:00:00,2026-09-18T14:00:00,NO,awaiting vendor
WO-000424,OT-00020,PLT-01,EMERGENCY,IN_PROGRESS,RETURNED_TO_SERVICE,2026-09-05T03:00:00,2026-09-06T15:00:00,NO,operator workaround active
WO-000425,OT-00972,PLT-09,CM,CLOSED,DEGRADED,2026-09-23T15:00:00,2026-09-24T21:00:00,NO,operator workaround active
WO-000426,OT-00935,PLT-09,CALIBRATION,IN_PROGRESS,DEGRADED,2026-09-11T08:00:00,,NO,awaiting vendor
WO-000427,OT-00891,PLT-09,PM,IN_PROGRESS,DEGRADED,2026-09-18T22:00:00,,NO,operator workaround active
WO-000428,OT-02000,PLT-18,PM,IN_PROGRESS,ACTIVE,2026-09-23T16:00:00,,NO,standard work
WO-000429,OT-00828,PLT-08,EMERGENCY,CLOSED,ACTIVE,2026-09-21T14:00:00,2026-09-22T10:00:00,NO,awaiting vendor
WO-000430,OT-01481,PLT-14,INSPECTION,OPEN,DEGRADED,2026-10-07T16:00:00,2026-10-10T08:00:00,NO,parts substituted
WO-000431,OT-00698,PLT-07,CALIBRATION,CLOSED,RETURNED_TO_SERVICE,2026-09-11T01:00:00,2026-09-11T07:00:00,NO,documentation pending
WO-000432,OT-01197,PLT-11,PM,OPEN,ACTIVE,2026-09-18T07:00:00,,NO,operator workaround active
WO-000433,OT-00565,PLT-06,PM,IN_PROGRESS,DEGRADED,2026-09-08T02:00:00,,NO,standard work
WO-000434,OT-01005,PLT-10,CALIBRATION,OPEN,OUT_OF_SERVICE,2026-09-01T03:00:00,,NO,parts substituted
WO-000435,OT-00767,PLT-08,EMERGENCY,DEFERRED,RETURNED_TO_SERVICE,2026-09-20T07:00:00,2026-09-20T22:00:00,NO,operator workaround active
WO-000436,OT-01390,PLT-13,CALIBRATION,IN_PROGRESS,OUT_OF_SERVICE,2026-09-11T00:00:00,2026-09-12T14:00:00,NO,awaiting vendor
WO-000437,OT-01337,PLT-13,CM,DEFERRED,ACTIVE,2026-09-29T23:00:00,2026-09-30T17:00:00,NO,parts substituted
WO-000438,OT-01663,PLT-15,PM,OPEN,DEGRADED,2026-09-14T12:00:00,,NO,standard work
WO-000439,OT-01996,PLT-18,PM,OPEN,DEGRADED,2026-09-30T13:00:00,2026-10-03T00:00:00,NO,parts substituted
WO-000440,OT-00575,PLT-06,CM,OPEN,DEGRADED,2026-10-02T23:00:00,,NO,standard work
WO-000441,OT-01745,PLT-16,CALIBRATION,IN_PROGRESS,ACTIVE,2026-10-05T11:00:00,2026-10-07T12:00:00,NO,awaiting vendor
WO-000442,OT-00917,PLT-09,PM,OPEN,OUT_OF_SERVICE,2026-10-10T04:00:00,2026-10-11T13:00:00,NO,awaiting vendor
WO-000443,OT-01791,PLT-17,INSPECTION,OPEN,DEGRADED,2026-09-15T00:00:00,,NO,standard work
WO-000444,OT-01004,PLT-10,CM,DEFERRED,DEGRADED,2026-09-24T13:00:00,2026-09-24T22:00:00,NO,awaiting vendor
WO-000445,OT-01798,PLT-17,EMERGENCY,IN_PROGRESS,OUT_OF_SERVICE,2026-09-30T02:00:00,2026-10-02T09:00:00,NO,parts substituted
WO-000446,OT-01610,PLT-15,CM,OPEN,ACTIVE,2026-09-22T03:00:00,,YES,operator workaround active
WO-000447,OT-00759,PLT-08,CALIBRATION,DEFERRED,ACTIVE,2026-09-13T00:00:00,2026-09-13T20:00:00,NO,operator workaround active
WO-000448,OT-00081,PLT-01,CM,DEFERRED,ACTIVE,2026-09-19T11:00:00,2026-09-20T06:00:00,NO,operator workaround active
WO-000449,OT-00211,PLT-03,PM,OPEN,OUT_OF_SERVICE,2026-10-03T06:00:00,,NO,documentation pending
WO-000450,OT-00199,PLT-02,EMERGENCY,OPEN,RETURNED_TO_SERVICE,2026-09-24T16:00:00,2026-09-26T14:00:00,NO,operator workaround active
WO-000451,OT-00487,PLT-05,CM,OPEN,ACTIVE,2026-09-06T17:00:00,2026-09-06T19:00:00,NO,documentation pending
WO-000452,OT-01749,PLT-16,CM,OPEN,ACTIVE,2026-09-23T18:00:00,2026-09-24T16:00:00,NO,operator workaround active
WO-000453,OT-01561,PLT-15,PM,DEFERRED,OUT_OF_SERVICE,2026-09-06T08:00:00,2026-09-09T02:00:00,NO,awaiting vendor
WO-000454,OT-01572,PLT-15,PM,DEFERRED,ACTIVE,2026-10-01T15:00:00,2026-10-04T11:00:00,NO,parts substituted
WO-000455,OT-01502,PLT-14,INSPECTION,CLOSED,ACTIVE,2026-09-06T09:00:00,2026-09-06T22:00:00,NO,parts substituted
WO-000456,OT-00201,PLT-02,INSPECTION,IN_PROGRESS,DEGRADED,2026-09-04T03:00:00,,NO,standard work
WO-000457,OT-00898,PLT-09,CM,IN_PROGRESS,OUT_OF_SERVICE,2026-10-06T07:00:00,,NO,parts substituted
WO-000458,OT-01960,PLT-18,PM,OPEN,RETURNED_TO_SERVICE,2026-09-02T19:00:00,,NO,operator workaround active
WO-000459,OT-01036,PLT-10,EMERGENCY,CLOSED,DEGRADED,2026-09-24T01:00:00,2026-09-26T16:00:00,NO,awaiting vendor
WO-000460,OT-00597,PLT-06,CM,DEFERRED,RETURNED_TO_SERVICE,2026-09-08T11:00:00,2026-09-09T08:00:00,NO,standard work
WO-000461,OT-01613,PLT-15,INSPECTION,CLOSED,RETURNED_TO_SERVICE,2026-09-03T13:00:00,,NO,awaiting vendor
WO-000462,OT-01727,PLT-16,CALIBRATION,IN_PROGRESS,DEGRADED,2026-09-03T19:00:00,,NO,awaiting vendor
WO-000463,OT-01049,PLT-10,CALIBRATION,OPEN,ACTIVE,2026-10-08T04:00:00,2026-10-09T08:00:00,NO,operator workaround active
WO-000464,OT-01938,PLT-18,PM,IN_PROGRESS,ACTIVE,2026-09-29T15:00:00,,NO,parts substituted
WO-000465,OT-01666,PLT-15,CALIBRATION,DEFERRED,DEGRADED,2026-10-03T17:00:00,,NO,standard work
WO-000466,OT-00799,PLT-08,INSPECTION,OPEN,OUT_OF_SERVICE,2026-09-22T12:00:00,,NO,awaiting vendor
WO-000467,OT-01073,PLT-10,EMERGENCY,DEFERRED,ACTIVE,2026-09-17T12:00:00,,NO,documentation pending
WO-000468,OT-00669,PLT-07,CALIBRATION,DEFERRED,DEGRADED,2026-09-28T16:00:00,2026-09-30T15:00:00,NO,operator workaround active
WO-000469,OT-00186,PLT-02,CALIBRATION,IN_PROGRESS,ACTIVE,2026-09-01T19:00:00,,NO,awaiting vendor
WO-000470,OT-01157,PLT-11,CM,CLOSED,ACTIVE,2026-09-10T02:00:00,,YES,operator workaround active
WO-000471,OT-01559,PLT-15,EMERGENCY,IN_PROGRESS,DEGRADED,2026-10-01T23:00:00,2026-10-02T15:00:00,NO,parts substituted
WO-000472,OT-00898,PLT-09,CALIBRATION,DEFERRED,RETURNED_TO_SERVICE,2026-09-09T14:00:00,,NO,operator workaround active
WO-000473,OT-00242,PLT-03,CALIBRATION,IN_PROGRESS,OUT_OF_SERVICE,2026-09-28T02:00:00,2026-09-29T13:00:00,NO,awaiting vendor
WO-000474,OT-00778,PLT-08,EMERGENCY,IN_PROGRESS,RETURNED_TO_SERVICE,2026-09-18T08:00:00,,NO,operator workaround active
WO-000475,OT-00172,PLT-02,INSPECTION,OPEN,ACTIVE,2026-09-18T15:00:00,,NO,standard work
WO-000476,OT-00513,PLT-05,EMERGENCY,CLOSED,OUT_OF_SERVICE,2026-09-02T15:00:00,2026-09-04T17:00:00,NO,parts substituted
WO-000477,OT-01304,PLT-12,PM,CLOSED,ACTIVE,2026-09-29T13:00:00,2026-09-30T20:00:00,NO,documentation pending
WO-000478,OT-00052,PLT-01,EMERGENCY,DEFERRED,DEGRADED,2026-09-09T01:00:00,,NO,awaiting vendor
WO-000479,OT-00979,PLT-09,CM,DEFERRED,RETURNED_TO_SERVICE,2026-09-03T07:00:00,,NO,documentation pending
WO-000480,OT-00986,PLT-09,INSPECTION,OPEN,OUT_OF_SERVICE,2026-10-06T00:00:00,,NO,awaiting vendor
WO-000481,OT-01495,PLT-14,CALIBRATION,IN_PROGRESS,RETURNED_TO_SERVICE,2026-09-11T11:00:00,,NO,parts substituted
WO-000482,OT-01304,PLT-12,PM,DEFERRED,ACTIVE,2026-09-19T18:00:00,,NO,awaiting vendor
WO-000483,OT-00027,PLT-01,INSPECTION,CLOSED,DEGRADED,2026-10-10T03:00:00,,NO,awaiting vendor
WO-000484,OT-01722,PLT-16,EMERGENCY,IN_PROGRESS,DEGRADED,2026-09-01T02:00:00,2026-09-01T12:00:00,NO,awaiting vendor
WO-000485,OT-01784,PLT-16,EMERGENCY,DEFERRED,DEGRADED,2026-09-01T01:00:00,,NO,documentation pending
WO-000486,OT-01931,PLT-18,EMERGENCY,IN_PROGRESS,OUT_OF_SERVICE,2026-09-14T18:00:00,2026-09-15T22:00:00,NO,awaiting vendor
WO-000487,OT-00296,PLT-03,CALIBRATION,CLOSED,OUT_OF_SERVICE,2026-09-11T23:00:00,2026-09-13T21:00:00,NO,operator workaround active
WO-000488,OT-00808,PLT-08,PM,IN_PROGRESS,DEGRADED,2026-09-12T17:00:00,,YES,operator workaround active
WO-000489,OT-01070,PLT-10,EMERGENCY,IN_PROGRESS,RETURNED_TO_SERVICE,2026-10-07T20:00:00,2026-10-09T15:00:00,NO,awaiting vendor
WO-000490,OT-01263,PLT-12,EMERGENCY,IN_PROGRESS,DEGRADED,2026-09-02T23:00:00,2026-09-05T02:00:00,NO,operator workaround active
WO-000491,OT-01771,PLT-16,CM,DEFERRED,ACTIVE,2026-09-14T06:00:00,,NO,documentation pending
WO-000492,OT-00788,PLT-08,CM,IN_PROGRESS,RETURNED_TO_SERVICE,2026-09-08T15:00:00,2026-09-10T10:00:00,NO,parts substituted
WO-000493,OT-00336,PLT-04,INSPECTION,CLOSED,RETURNED_TO_SERVICE,2026-09-21T17:00:00,2026-09-23T19:00:00,NO,standard work
WO-000494,OT-01852,PLT-17,INSPECTION,OPEN,ACTIVE,2026-09-13T08:00:00,,NO,operator workaround active
WO-000495,OT-01134,PLT-11,PM,IN_PROGRESS,ACTIVE,2026-10-10T01:00:00,2026-10-10T18:00:00,NO,standard work
WO-000496,OT-01715,PLT-16,PM,CLOSED,DEGRADED,2026-09-01T22:00:00,,NO,standard work
WO-000497,OT-00904,PLT-09,CM,CLOSED,DEGRADED,2026-09-09T20:00:00,2026-09-10T11:00:00,NO,operator workaround active
WO-000498,OT-00987,PLT-10,EMERGENCY,IN_PROGRESS,ACTIVE,2026-10-04T00:00:00,,NO,standard work
WO-000499,OT-00348,PLT-04,PM,CLOSED,OUT_OF_SERVICE,2026-09-20T22:00:00,2026-09-22T22:00:00,NO,parts substituted
WO-000500,OT-01020,PLT-10,INSPECTION,OPEN,ACTIVE,2026-09-10T07:00:00,2026-09-10T21:00:00,NO,parts substituted
WO-000501,OT-00566,PLT-06,EMERGENCY,DEFERRED,DEGRADED,2026-09-12T17:00:00,,NO,standard work
WO-000502,OT-01999,PLT-18,PM,IN_PROGRESS,ACTIVE,2026-10-08T11:00:00,2026-10-10T01:00:00,NO,standard work
WO-000503,OT-00246,PLT-03,PM,OPEN,DEGRADED,2026-09-28T23:00:00,,NO,parts substituted
WO-000504,OT-00466,PLT-05,EMERGENCY,IN_PROGRESS,DEGRADED,2026-10-07T15:00:00,2026-10-08T14:00:00,NO,parts substituted
WO-000505,OT-00267,PLT-03,INSPECTION,CLOSED,OUT_OF_SERVICE,2026-09-12T07:00:00,,NO,documentation pending
WO-000506,OT-00198,PLT-02,CALIBRATION,OPEN,RETURNED_TO_SERVICE,2026-10-09T18:00:00,2026-10-10T05:00:00,NO,documentation pending
WO-000507,OT-00252,PLT-03,CALIBRATION,OPEN,RETURNED_TO_SERVICE,2026-09-19T15:00:00,2026-09-20T03:00:00,NO,operator workaround active
WO-000508,OT-01537,PLT-14,INSPECTION,OPEN,DEGRADED,2026-09-02T16:00:00,2026-09-04T14:00:00,NO,parts substituted
WO-000509,OT-01263,PLT-12,INSPECTION,DEFERRED,RETURNED_TO_SERVICE,2026-09-25T12:00:00,2026-09-27T11:00:00,YES,standard work
WO-000510,OT-01219,PLT-12,INSPECTION,CLOSED,ACTIVE,2026-09-02T23:00:00,,NO,documentation pending
WO-000511,OT-00499,PLT-05,CALIBRATION,IN_PROGRESS,DEGRADED,2026-10-03T22:00:00,,NO,awaiting vendor
WO-000512,OT-00993,PLT-10,EMERGENCY,IN_PROGRESS,RETURNED_TO_SERVICE,2026-09-26T08:00:00,,NO,operator workaround active
WO-000513,OT-01397,PLT-13,INSPECTION,CLOSED,DEGRADED,2026-09-29T16:00:00,2026-10-01T23:00:00,NO,operator workaround active
WO-000514,OT-00032,PLT-01,INSPECTION,CLOSED,OUT_OF_SERVICE,2026-10-01T01:00:00,2026-10-01T22:00:00,NO,awaiting vendor
WO-000515,OT-00085,PLT-01,EMERGENCY,OPEN,ACTIVE,2026-10-07T00:00:00,2026-10-08T22:00:00,NO,documentation pending
WO-000516,OT-00924,PLT-09,CALIBRATION,DEFERRED,DEGRADED,2026-10-03T01:00:00,,YES,parts substituted
WO-000517,OT-00531,PLT-05,EMERGENCY,DEFERRED,DEGRADED,2026-09-11T22:00:00,2026-09-13T07:00:00,NO,standard work
WO-000518,OT-01220,PLT-12,CM,DEFERRED,RETURNED_TO_SERVICE,2026-09-17T17:00:00,,NO,documentation pending
WO-000519,OT-00440,PLT-05,CM,OPEN,DEGRADED,2026-10-02T08:00:00,,NO,standard work
WO-000520,OT-00069,PLT-01,PM,IN_PROGRESS,ACTIVE,2026-10-05T12:00:00,2026-10-07T02:00:00,NO,operator workaround active
WO-000521,OT-00082,PLT-01,CM,DEFERRED,RETURNED_TO_SERVICE,2026-10-08T04:00:00,,NO,operator workaround active
WO-000522,OT-01985,PLT-18,EMERGENCY,OPEN,ACTIVE,2026-10-04T09:00:00,,NO,operator workaround active
WO-000523,OT-00096,PLT-01,CALIBRATION,DEFERRED,RETURNED_TO_SERVICE,2026-09-14T10:00:00,,NO,operator workaround active
WO-000524,OT-01211,PLT-12,PM,CLOSED,RETURNED_TO_SERVICE,2026-09-20T22:00:00,2026-09-22T11:00:00,NO,parts substituted
WO-000525,OT-01472,PLT-14,EMERGENCY,CLOSED,ACTIVE,2026-09-03T06:00:00,2026-09-03T08:00:00,YES,documentation pending
WO-000526,OT-01415,PLT-13,INSPECTION,DEFERRED,RETURNED_TO_SERVICE,2026-10-10T22:00:00,2026-10-12T08:00:00,NO,documentation pending
WO-000527,OT-00065,PLT-01,INSPECTION,CLOSED,OUT_OF_SERVICE,2026-09-21T01:00:00,2026-09-22T03:00:00,NO,operator workaround active
WO-000528,OT-01213,PLT-12,PM,OPEN,ACTIVE,2026-09-02T21:00:00,2026-09-03T12:00:00,NO,parts substituted
WO-000529,OT-00259,PLT-03,CALIBRATION,DEFERRED,OUT_OF_SERVICE,2026-09-21T23:00:00,,NO,standard work
WO-000530,OT-00440,PLT-05,EMERGENCY,DEFERRED,DEGRADED,2026-09-15T16:00:00,,NO,parts substituted
WO-000531,OT-01870,PLT-17,CALIBRATION,IN_PROGRESS,OUT_OF_SERVICE,2026-10-01T19:00:00,,NO,documentation pending
WO-000532,OT-00228,PLT-03,EMERGENCY,CLOSED,RETURNED_TO_SERVICE,2026-09-10T14:00:00,,NO,parts substituted
WO-000533,OT-01620,PLT-15,INSPECTION,IN_PROGRESS,DEGRADED,2026-09-21T11:00:00,,NO,standard work
WO-000534,OT-00630,PLT-06,CALIBRATION,OPEN,OUT_OF_SERVICE,2026-09-10T11:00:00,,NO,parts substituted
WO-000535,OT-01843,PLT-17,CALIBRATION,DEFERRED,OUT_OF_SERVICE,2026-09-30T03:00:00,2026-09-30T12:00:00,NO,awaiting vendor
WO-000536,OT-01267,PLT-12,CM,IN_PROGRESS,DEGRADED,2026-09-28T05:00:00,2026-09-28T16:00:00,NO,awaiting vendor
WO-000537,OT-01662,PLT-15,EMERGENCY,CLOSED,ACTIVE,2026-09-08T05:00:00,,NO,operator workaround active
WO-000538,OT-01767,PLT-16,CM,IN_PROGRESS,RETURNED_TO_SERVICE,2026-09-26T09:00:00,,NO,operator workaround active
WO-000539,OT-01309,PLT-13,EMERGENCY,DEFERRED,ACTIVE,2026-09-17T11:00:00,,NO,standard work
WO-000540,OT-00427,PLT-04,CALIBRATION,CLOSED,OUT_OF_SERVICE,2026-09-04T13:00:00,2026-09-04T17:00:00,NO,standard work
WO-000541,OT-00166,PLT-02,CM,OPEN,DEGRADED,2026-09-22T15:00:00,,NO,documentation pending
WO-000542,OT-00514,PLT-05,INSPECTION,OPEN,OUT_OF_SERVICE,2026-09-24T05:00:00,2026-09-26T05:00:00,NO,documentation pending
WO-000543,OT-00672,PLT-07,PM,IN_PROGRESS,DEGRADED,2026-10-06T17:00:00,,NO,standard work
WO-000544,OT-01162,PLT-11,PM,IN_PROGRESS,OUT_OF_SERVICE,2026-09-10T19:00:00,2026-09-12T07:00:00,NO,documentation pending
WO-000545,OT-00046,PLT-01,CALIBRATION,OPEN,RETURNED_TO_SERVICE,2026-09-16T03:00:00,,NO,standard work
WO-000546,OT-01872,PLT-17,CALIBRATION,DEFERRED,RETURNED_TO_SERVICE,2026-10-07T12:00:00,,NO,operator workaround active
WO-000547,OT-01079,PLT-10,PM,IN_PROGRESS,RETURNED_TO_SERVICE,2026-09-19T01:00:00,2026-09-21T20:00:00,NO,operator workaround active
WO-000548,OT-00102,PLT-01,PM,IN_PROGRESS,DEGRADED,2026-10-10T00:00:00,2026-10-12T19:00:00,NO,awaiting vendor
WO-000549,OT-00002,PLT-01,EMERGENCY,IN_PROGRESS,RETURNED_TO_SERVICE,2026-09-15T08:00:00,2026-09-16T21:00:00,NO,operator workaround active
WO-000550,OT-00660,PLT-07,CM,IN_PROGRESS,DEGRADED,2026-10-10T16:00:00,,NO,awaiting vendor
WO-000551,OT-01774,PLT-16,PM,IN_PROGRESS,RETURNED_TO_SERVICE,2026-09-02T14:00:00,2026-09-04T05:00:00,NO,parts substituted
WO-000552,OT-01680,PLT-16,PM,DEFERRED,RETURNED_TO_SERVICE,2026-09-09T17:00:00,,NO,parts substituted
WO-000553,OT-01534,PLT-14,CALIBRATION,IN_PROGRESS,OUT_OF_SERVICE,2026-09-18T11:00:00,,NO,operator workaround active
WO-000554,OT-00664,PLT-07,CM,IN_PROGRESS,RETURNED_TO_SERVICE,2026-09-02T16:00:00,2026-09-05T11:00:00,NO,parts substituted
WO-000555,OT-01602,PLT-15,EMERGENCY,IN_PROGRESS,DEGRADED,2026-09-20T16:00:00,,NO,operator workaround active
WO-000556,OT-01686,PLT-16,INSPECTION,IN_PROGRESS,ACTIVE,2026-09-12T03:00:00,,NO,documentation pending
WO-000557,OT-01700,PLT-16,INSPECTION,OPEN,OUT_OF_SERVICE,2026-10-07T01:00:00,,NO,parts substituted
WO-000558,OT-00091,PLT-01,CALIBRATION,DEFERRED,RETURNED_TO_SERVICE,2026-09-16T00:00:00,2026-09-16T05:00:00,NO,standard work
WO-000559,OT-01299,PLT-12,EMERGENCY,OPEN,DEGRADED,2026-09-10T00:00:00,,NO,documentation pending
WO-000560,OT-01179,PLT-11,CM,OPEN,DEGRADED,2026-09-30T09:00:00,2026-10-02T03:00:00,YES,standard work
WO-000561,OT-00619,PLT-06,INSPECTION,DEFERRED,RETURNED_TO_SERVICE,2026-09-17T11:00:00,,NO,parts substituted
WO-000562,OT-00332,PLT-04,PM,CLOSED,ACTIVE,2026-10-03T00:00:00,2026-10-05T19:00:00,NO,standard work
WO-000563,OT-01197,PLT-11,EMERGENCY,CLOSED,DEGRADED,2026-09-09T23:00:00,,NO,standard work
WO-000564,OT-01094,PLT-10,EMERGENCY,IN_PROGRESS,ACTIVE,2026-09-20T11:00:00,2026-09-20T16:00:00,NO,standard work
WO-000565,OT-01100,PLT-10,CALIBRATION,CLOSED,OUT_OF_SERVICE,2026-10-06T21:00:00,2026-10-07T06:00:00,NO,awaiting vendor
WO-000566,OT-00048,PLT-01,EMERGENCY,DEFERRED,RETURNED_TO_SERVICE,2026-09-12T07:00:00,2026-09-13T08:00:00,NO,awaiting vendor
WO-000567,OT-01861,PLT-17,INSPECTION,OPEN,DEGRADED,2026-10-03T09:00:00,2026-10-05T01:00:00,NO,parts substituted
WO-000568,OT-01641,PLT-15,INSPECTION,IN_PROGRESS,OUT_OF_SERVICE,2026-10-01T02:00:00,,NO,standard work
WO-000569,OT-01662,PLT-15,CM,IN_PROGRESS,OUT_OF_SERVICE,2026-09-17T04:00:00,2026-09-18T07:00:00,NO,operator workaround active
WO-000570,OT-01096,PLT-10,PM,DEFERRED,ACTIVE,2026-09-02T12:00:00,2026-09-04T07:00:00,NO,parts substituted
WO-000571,OT-00551,PLT-06,INSPECTION,CLOSED,DEGRADED,2026-09-28T19:00:00,,NO,parts substituted
WO-000572,OT-01379,PLT-13,CM,OPEN,OUT_OF_SERVICE,2026-10-09T17:00:00,,NO,awaiting vendor
WO-000573,OT-01552,PLT-14,CM,DEFERRED,RETURNED_TO_SERVICE,2026-09-20T08:00:00,2026-09-23T07:00:00,NO,operator workaround active
WO-000574,OT-01951,PLT-18,PM,CLOSED,DEGRADED,2026-09-02T15:00:00,,NO,parts substituted
WO-000575,OT-01215,PLT-12,CALIBRATION,DEFERRED,OUT_OF_SERVICE,2026-10-06T06:00:00,2026-10-08T09:00:00,NO,operator workaround active
WO-000576,OT-01446,PLT-14,INSPECTION,CLOSED,DEGRADED,2026-09-11T20:00:00,2026-09-13T18:00:00,NO,operator workaround active
WO-000577,OT-01206,PLT-11,EMERGENCY,DEFERRED,RETURNED_TO_SERVICE,2026-09-20T02:00:00,,NO,standard work
WO-000578,OT-01666,PLT-15,CM,CLOSED,OUT_OF_SERVICE,2026-09-15T17:00:00,2026-09-18T11:00:00,NO,operator workaround active
WO-000579,OT-01833,PLT-17,CALIBRATION,CLOSED,OUT_OF_SERVICE,2026-09-02T07:00:00,2026-09-03T11:00:00,NO,parts substituted
WO-000580,OT-01246,PLT-12,EMERGENCY,IN_PROGRESS,ACTIVE,2026-10-02T14:00:00,2026-10-05T03:00:00,NO,documentation pending
WO-000581,OT-00497,PLT-05,EMERGENCY,OPEN,RETURNED_TO_SERVICE,2026-09-30T05:00:00,2026-10-02T04:00:00,NO,documentation pending
WO-000582,OT-00773,PLT-08,PM,DEFERRED,RETURNED_TO_SERVICE,2026-09-18T20:00:00,,NO,awaiting vendor
WO-000583,OT-00773,PLT-08,EMERGENCY,OPEN,RETURNED_TO_SERVICE,2026-09-08T05:00:00,2026-09-08T08:00:00,NO,standard work
WO-000584,OT-00348,PLT-04,CALIBRATION,DEFERRED,RETURNED_TO_SERVICE,2026-09-29T10:00:00,2026-10-01T16:00:00,NO,documentation pending
WO-000585,OT-01328,PLT-13,PM,CLOSED,OUT_OF_SERVICE,2026-09-30T05:00:00,2026-10-02T20:00:00,NO,documentation pending
WO-000586,OT-00054,PLT-01,CM,OPEN,RETURNED_TO_SERVICE,2026-09-21T10:00:00,,NO,standard work
WO-000587,OT-01443,PLT-14,EMERGENCY,OPEN,OUT_OF_SERVICE,2026-09-24T14:00:00,2026-09-25T11:00:00,NO,parts substituted
WO-000588,OT-01599,PLT-15,CALIBRATION,OPEN,OUT_OF_SERVICE,2026-09-08T06:00:00,,NO,operator workaround active
WO-000589,OT-01954,PLT-18,PM,CLOSED,OUT_OF_SERVICE,2026-09-30T03:00:00,2026-10-01T20:00:00,NO,standard work
WO-000590,OT-01213,PLT-12,PM,IN_PROGRESS,DEGRADED,2026-09-27T12:00:00,2026-09-30T06:00:00,NO,parts substituted
WO-000591,OT-00156,PLT-02,INSPECTION,DEFERRED,DEGRADED,2026-09-19T01:00:00,,NO,operator workaround active
WO-000592,OT-00636,PLT-07,PM,OPEN,DEGRADED,2026-09-21T11:00:00,2026-09-24T10:00:00,NO,operator workaround active
WO-000593,OT-01618,PLT-15,PM,IN_PROGRESS,ACTIVE,2026-09-08T01:00:00,,NO,standard work
WO-000594,OT-00451,PLT-05,PM,CLOSED,DEGRADED,2026-10-08T20:00:00,,NO,parts substituted
WO-000595,OT-01341,PLT-13,EMERGENCY,IN_PROGRESS,OUT_OF_SERVICE,2026-09-15T23:00:00,2026-09-18T06:00:00,NO,documentation pending
WO-000596,OT-01466,PLT-14,PM,CLOSED,ACTIVE,2026-10-07T09:00:00,2026-10-07T17:00:00,NO,parts substituted
WO-000597,OT-00182,PLT-02,CALIBRATION,OPEN,RETURNED_TO_SERVICE,2026-09-05T05:00:00,,NO,operator workaround active
WO-000598,OT-00782,PLT-08,INSPECTION,IN_PROGRESS,ACTIVE,2026-10-07T23:00:00,,NO,standard work
WO-000599,OT-01098,PLT-10,EMERGENCY,OPEN,DEGRADED,2026-09-28T20:00:00,2026-09-28T21:00:00,NO,standard work
WO-000600,OT-01059,PLT-10,PM,DEFERRED,ACTIVE,2026-09-02T07:00:00,,NO,awaiting vendor
WO-000601,OT-01800,PLT-17,CM,IN_PROGRESS,ACTIVE,2026-09-16T11:00:00,,NO,parts substituted
WO-000602,OT-00604,PLT-06,EMERGENCY,OPEN,RETURNED_TO_SERVICE,2026-10-01T16:00:00,2026-10-04T07:00:00,NO,documentation pending
WO-000603,OT-01777,PLT-16,PM,DEFERRED,OUT_OF_SERVICE,2026-10-10T00:00:00,2026-10-10T20:00:00,NO,parts substituted
WO-000604,OT-01504,PLT-14,EMERGENCY,DEFERRED,RETURNED_TO_SERVICE,2026-09-26T09:00:00,2026-09-26T16:00:00,NO,standard work
WO-000605,OT-01944,PLT-18,PM,DEFERRED,RETURNED_TO_SERVICE,2026-09-04T01:00:00,2026-09-04T21:00:00,NO,awaiting vendor
WO-000606,OT-01605,PLT-15,CM,CLOSED,ACTIVE,2026-09-22T04:00:00,,NO,awaiting vendor
WO-000607,OT-00264,PLT-03,INSPECTION,DEFERRED,ACTIVE,2026-10-10T14:00:00,,NO,documentation pending
WO-000608,OT-01567,PLT-15,CALIBRATION,CLOSED,ACTIVE,2026-09-05T13:00:00,2026-09-07T10:00:00,NO,parts substituted
WO-000609,OT-00965,PLT-09,PM,IN_PROGRESS,ACTIVE,2026-10-06T12:00:00,2026-10-06T15:00:00,NO,operator workaround active
WO-000610,OT-01235,PLT-12,INSPECTION,DEFERRED,OUT_OF_SERVICE,2026-09-29T21:00:00,2026-09-30T18:00:00,NO,operator workaround active
WO-000611,OT-01803,PLT-17,CALIBRATION,DEFERRED,ACTIVE,2026-10-05T17:00:00,,NO,standard work
WO-000612,OT-00363,PLT-04,CM,IN_PROGRESS,OUT_OF_SERVICE,2026-09-02T06:00:00,2026-09-04T14:00:00,NO,standard work
WO-000613,OT-01999,PLT-18,PM,OPEN,ACTIVE,2026-10-07T16:00:00,2026-10-10T13:00:00,NO,documentation pending
WO-000614,OT-00637,PLT-07,INSPECTION,DEFERRED,ACTIVE,2026-09-19T11:00:00,,NO,operator workaround active
WO-000615,OT-01783,PLT-16,INSPECTION,CLOSED,OUT_OF_SERVICE,2026-09-29T22:00:00,2026-09-29T23:00:00,NO,awaiting vendor
WO-000616,OT-00305,PLT-03,CM,CLOSED,ACTIVE,2026-09-27T20:00:00,,NO,parts substituted
WO-000617,OT-00594,PLT-06,CALIBRATION,DEFERRED,ACTIVE,2026-10-05T22:00:00,,NO,documentation pending
WO-000618,OT-01063,PLT-10,CM,CLOSED,DEGRADED,2026-09-05T12:00:00,2026-09-05T19:00:00,NO,standard work
WO-000619,OT-00673,PLT-07,PM,OPEN,ACTIVE,2026-09-26T17:00:00,2026-09-28T18:00:00,NO,awaiting vendor
WO-000620,OT-00140,PLT-02,CALIBRATION,DEFERRED,DEGRADED,2026-10-06T14:00:00,,NO,documentation pending
WO-000621,OT-00188,PLT-02,EMERGENCY,DEFERRED,ACTIVE,2026-09-30T01:00:00,,NO,operator workaround active
WO-000622,OT-01022,PLT-10,CALIBRATION,CLOSED,ACTIVE,2026-09-11T15:00:00,2026-09-12T00:00:00,NO,operator workaround active
WO-000623,OT-00102,PLT-01,EMERGENCY,CLOSED,DEGRADED,2026-09-29T16:00:00,2026-09-30T20:00:00,NO,standard work
WO-000624,OT-00687,PLT-07,CALIBRATION,OPEN,ACTIVE,2026-09-28T13:00:00,,NO,operator workaround active
WO-000625,OT-01349,PLT-13,CM,OPEN,OUT_OF_SERVICE,2026-09-16T08:00:00,2026-09-16T19:00:00,NO,documentation pending
WO-000626,OT-00413,PLT-04,PM,CLOSED,RETURNED_TO_SERVICE,2026-09-20T23:00:00,2026-09-22T02:00:00,NO,parts substituted
WO-000627,OT-01291,PLT-12,CALIBRATION,OPEN,RETURNED_TO_SERVICE,2026-09-20T22:00:00,2026-09-21T12:00:00,NO,standard work
WO-000628,OT-00648,PLT-07,CALIBRATION,OPEN,RETURNED_TO_SERVICE,2026-09-10T09:00:00,,NO,operator workaround active
WO-000629,OT-00910,PLT-09,CALIBRATION,IN_PROGRESS,ACTIVE,2026-09-30T03:00:00,2026-09-30T16:00:00,NO,awaiting vendor
WO-000630,OT-01966,PLT-18,PM,CLOSED,DEGRADED,2026-10-04T21:00:00,2026-10-05T13:00:00,NO,parts substituted
WO-000631,OT-01374,PLT-13,EMERGENCY,DEFERRED,RETURNED_TO_SERVICE,2026-10-07T02:00:00,,NO,awaiting vendor
WO-000632,OT-00803,PLT-08,PM,OPEN,OUT_OF_SERVICE,2026-09-08T01:00:00,2026-09-09T08:00:00,NO,documentation pending
WO-000633,OT-01024,PLT-10,INSPECTION,CLOSED,ACTIVE,2026-09-08T19:00:00,2026-09-11T04:00:00,NO,awaiting vendor
WO-000634,OT-00036,PLT-01,CM,IN_PROGRESS,RETURNED_TO_SERVICE,2026-09-10T11:00:00,,NO,operator workaround active
WO-000635,OT-00885,PLT-09,PM,OPEN,OUT_OF_SERVICE,2026-09-23T02:00:00,,NO,standard work
WO-000636,OT-00473,PLT-05,CM,IN_PROGRESS,OUT_OF_SERVICE,2026-09-27T11:00:00,,NO,documentation pending
WO-000637,OT-01138,PLT-11,CM,DEFERRED,ACTIVE,2026-10-05T09:00:00,,NO,parts substituted
WO-000638,OT-00595,PLT-06,INSPECTION,IN_PROGRESS,DEGRADED,2026-09-25T07:00:00,,NO,standard work
WO-000639,OT-01007,PLT-10,CM,CLOSED,ACTIVE,2026-09-28T02:00:00,,NO,operator workaround active
WO-000640,OT-01181,PLT-11,EMERGENCY,CLOSED,ACTIVE,2026-09-14T03:00:00,,NO,operator workaround active
WO-000641,OT-00215,PLT-03,PM,CLOSED,OUT_OF_SERVICE,2026-09-04T15:00:00,2026-09-07T14:00:00,NO,operator workaround active
WO-000642,OT-01502,PLT-14,EMERGENCY,OPEN,OUT_OF_SERVICE,2026-10-06T13:00:00,,YES,awaiting vendor
WO-000643,OT-00350,PLT-04,PM,IN_PROGRESS,DEGRADED,2026-09-28T19:00:00,,NO,parts substituted
WO-000644,OT-01913,PLT-18,INSPECTION,OPEN,RETURNED_TO_SERVICE,2026-09-20T10:00:00,,NO,parts substituted
WO-000645,OT-01856,PLT-17,CM,CLOSED,ACTIVE,2026-09-01T09:00:00,2026-09-04T03:00:00,NO,awaiting vendor
WO-000646,OT-01677,PLT-16,CALIBRATION,CLOSED,RETURNED_TO_SERVICE,2026-09-02T16:00:00,,NO,awaiting vendor
WO-000647,OT-00965,PLT-09,CM,OPEN,OUT_OF_SERVICE,2026-10-10T07:00:00,2026-10-11T12:00:00,NO,operator workaround active
WO-000648,OT-01289,PLT-12,INSPECTION,CLOSED,RETURNED_TO_SERVICE,2026-09-17T21:00:00,,NO,awaiting vendor
WO-000649,OT-01556,PLT-15,PM,OPEN,ACTIVE,2026-09-15T09:00:00,2026-09-17T17:00:00,NO,standard work
WO-000650,OT-01692,PLT-16,EMERGENCY,OPEN,RETURNED_TO_SERVICE,2026-09-27T05:00:00,2026-09-28T06:00:00,NO,operator workaround active
WO-000651,OT-00378,PLT-04,PM,IN_PROGRESS,OUT_OF_SERVICE,2026-09-06T16:00:00,2026-09-07T20:00:00,NO,awaiting vendor
WO-000652,OT-00636,PLT-07,INSPECTION,CLOSED,DEGRADED,2026-10-08T20:00:00,2026-10-09T22:00:00,NO,operator workaround active
WO-000653,OT-00193,PLT-02,PM,CLOSED,RETURNED_TO_SERVICE,2026-09-04T22:00:00,2026-09-05T06:00:00,NO,operator workaround active
WO-000654,OT-00708,PLT-07,EMERGENCY,DEFERRED,OUT_OF_SERVICE,2026-10-03T01:00:00,,NO,standard work
WO-000655,OT-01926,PLT-18,CALIBRATION,DEFERRED,ACTIVE,2026-10-08T13:00:00,,NO,parts substituted
WO-000656,OT-00738,PLT-07,CALIBRATION,IN_PROGRESS,DEGRADED,2026-10-06T08:00:00,2026-10-06T14:00:00,NO,documentation pending
WO-000657,OT-01040,PLT-10,PM,DEFERRED,RETURNED_TO_SERVICE,2026-09-04T02:00:00,,NO,operator workaround active
WO-000658,OT-01370,PLT-13,CM,DEFERRED,ACTIVE,2026-09-20T23:00:00,2026-09-23T19:00:00,NO,standard work
WO-000659,OT-00234,PLT-03,INSPECTION,CLOSED,ACTIVE,2026-10-08T19:00:00,2026-10-09T07:00:00,NO,documentation pending
WO-000660,OT-00025,PLT-01,CALIBRATION,IN_PROGRESS,ACTIVE,2026-09-05T21:00:00,,NO,awaiting vendor
WO-000661,OT-00275,PLT-03,PM,IN_PROGRESS,OUT_OF_SERVICE,2026-10-04T18:00:00,2026-10-04T23:00:00,NO,documentation pending
WO-000662,OT-00310,PLT-03,CALIBRATION,OPEN,ACTIVE,2026-09-18T01:00:00,2026-09-20T11:00:00,NO,documentation pending
WO-000663,OT-00150,PLT-02,CM,DEFERRED,ACTIVE,2026-10-05T18:00:00,2026-10-07T20:00:00,NO,standard work
WO-000664,OT-01798,PLT-17,EMERGENCY,CLOSED,ACTIVE,2026-09-03T14:00:00,,NO,standard work
WO-000665,OT-00392,PLT-04,CALIBRATION,DEFERRED,OUT_OF_SERVICE,2026-09-23T17:00:00,,NO,standard work
WO-000666,OT-01266,PLT-12,CALIBRATION,CLOSED,OUT_OF_SERVICE,2026-09-16T18:00:00,2026-09-18T12:00:00,NO,operator workaround active
WO-000667,OT-00440,PLT-05,PM,DEFERRED,ACTIVE,2026-09-09T19:00:00,2026-09-12T12:00:00,NO,operator workaround active
WO-000668,OT-00862,PLT-08,CM,OPEN,OUT_OF_SERVICE,2026-09-01T17:00:00,,NO,standard work
WO-000669,OT-00211,PLT-03,CM,DEFERRED,RETURNED_TO_SERVICE,2026-10-01T17:00:00,2026-10-02T23:00:00,NO,awaiting vendor
WO-000670,OT-01109,PLT-11,CM,CLOSED,DEGRADED,2026-09-19T08:00:00,2026-09-19T22:00:00,NO,parts substituted
WO-000671,OT-01021,PLT-10,CM,DEFERRED,ACTIVE,2026-09-23T09:00:00,,NO,awaiting vendor
WO-000672,OT-01380,PLT-13,EMERGENCY,IN_PROGRESS,ACTIVE,2026-09-24T19:00:00,2026-09-26T09:00:00,NO,documentation pending
WO-000673,OT-01209,PLT-12,CALIBRATION,DEFERRED,RETURNED_TO_SERVICE,2026-09-18T11:00:00,,NO,documentation pending
WO-000674,OT-01624,PLT-15,INSPECTION,IN_PROGRESS,OUT_OF_SERVICE,2026-10-08T02:00:00,2026-10-11T00:00:00,NO,operator workaround active
WO-000675,OT-01094,PLT-10,CM,IN_PROGRESS,ACTIVE,2026-09-22T08:00:00,2026-09-23T08:00:00,NO,parts substituted
WO-000676,OT-01720,PLT-16,CALIBRATION,IN_PROGRESS,RETURNED_TO_SERVICE,2026-09-29T15:00:00,2026-09-30T05:00:00,NO,awaiting vendor
WO-000677,OT-01587,PLT-15,CALIBRATION,IN_PROGRESS,OUT_OF_SERVICE,2026-09-24T02:00:00,,NO,awaiting vendor
WO-000678,OT-01995,PLT-18,PM,IN_PROGRESS,OUT_OF_SERVICE,2026-10-10T17:00:00,,NO,standard work
WO-000679,OT-00130,PLT-02,CM,OPEN,DEGRADED,2026-10-03T03:00:00,,NO,awaiting vendor
WO-000680,OT-01307,PLT-12,CALIBRATION,IN_PROGRESS,DEGRADED,2026-10-08T20:00:00,2026-10-11T02:00:00,NO,standard work
WO-000681,OT-00878,PLT-08,EMERGENCY,CLOSED,DEGRADED,2026-10-06T03:00:00,,NO,parts substituted
WO-000682,OT-00316,PLT-03,INSPECTION,IN_PROGRESS,OUT_OF_SERVICE,2026-09-14T06:00:00,2026-09-14T08:00:00,NO,standard work
WO-000683,OT-00427,PLT-04,PM,OPEN,DEGRADED,2026-09-08T05:00:00,2026-09-08T17:00:00,NO,operator workaround active
WO-000684,OT-01540,PLT-14,INSPECTION,IN_PROGRESS,RETURNED_TO_SERVICE,2026-09-12T05:00:00,,NO,parts substituted
WO-000685,OT-01853,PLT-17,CM,DEFERRED,RETURNED_TO_SERVICE,2026-10-09T14:00:00,,YES,awaiting vendor
WO-000686,OT-00857,PLT-08,CM,CLOSED,ACTIVE,2026-09-12T01:00:00,2026-09-12T22:00:00,NO,standard work
WO-000687,OT-01807,PLT-17,CM,IN_PROGRESS,OUT_OF_SERVICE,2026-09-24T08:00:00,,NO,documentation pending
WO-000688,OT-01826,PLT-17,INSPECTION,IN_PROGRESS,RETURNED_TO_SERVICE,2026-09-27T06:00:00,,NO,parts substituted
WO-000689,OT-00523,PLT-05,EMERGENCY,IN_PROGRESS,DEGRADED,2026-09-28T14:00:00,2026-09-30T03:00:00,NO,documentation pending
WO-000690,OT-01988,PLT-18,PM,OPEN,ACTIVE,2026-09-10T00:00:00,2026-09-11T14:00:00,NO,parts substituted
WO-000691,OT-01754,PLT-16,CM,OPEN,DEGRADED,2026-10-06T11:00:00,2026-10-06T19:00:00,NO,standard work
WO-000692,OT-01578,PLT-15,INSPECTION,OPEN,OUT_OF_SERVICE,2026-09-18T22:00:00,,NO,parts substituted
WO-000693,OT-00796,PLT-08,EMERGENCY,DEFERRED,DEGRADED,2026-10-07T15:00:00,,NO,awaiting vendor
WO-000694,OT-01155,PLT-11,CM,DEFERRED,DEGRADED,2026-09-16T03:00:00,2026-09-18T06:00:00,NO,operator workaround active
WO-000695,OT-01985,PLT-18,EMERGENCY,IN_PROGRESS,RETURNED_TO_SERVICE,2026-10-08T11:00:00,2026-10-08T22:00:00,NO,operator workaround active
WO-000696,OT-00587,PLT-06,EMERGENCY,DEFERRED,OUT_OF_SERVICE,2026-09-27T11:00:00,2026-09-29T20:00:00,NO,operator workaround active
WO-000697,OT-00145,PLT-02,PM,CLOSED,RETURNED_TO_SERVICE,2026-09-24T03:00:00,,NO,awaiting vendor
WO-000698,OT-00784,PLT-08,PM,IN_PROGRESS,DEGRADED,2026-09-01T19:00:00,,NO,parts substituted
WO-000699,OT-01619,PLT-15,CM,DEFERRED,RETURNED_TO_SERVICE,2026-10-01T11:00:00,2026-10-01T19:00:00,NO,standard work
WO-000700,OT-02003,PLT-18,CM,OPEN,OUT_OF_SERVICE,2026-10-08T21:00:00,,NO,documentation pending
WO-000701,OT-01697,PLT-16,EMERGENCY,CLOSED,RETURNED_TO_SERVICE,2026-09-26T22:00:00,2026-09-29T09:00:00,NO,standard work
WO-000702,OT-01404,PLT-13,INSPECTION,IN_PROGRESS,RETURNED_TO_SERVICE,2026-09-07T11:00:00,2026-09-10T11:00:00,NO,awaiting vendor
WO-000703,OT-01444,PLT-14,CM,OPEN,DEGRADED,2026-09-25T22:00:00,2026-09-26T16:00:00,NO,documentation pending
WO-000704,OT-01862,PLT-17,EMERGENCY,OPEN,ACTIVE,2026-09-11T06:00:00,,NO,parts substituted
WO-000705,OT-00604,PLT-06,EMERGENCY,DEFERRED,OUT_OF_SERVICE,2026-10-06T21:00:00,2026-10-09T06:00:00,YES,standard work
WO-000706,OT-00679,PLT-07,PM,CLOSED,RETURNED_TO_SERVICE,2026-09-19T15:00:00,2026-09-20T05:00:00,NO,awaiting vendor
WO-000707,OT-00407,PLT-04,EMERGENCY,CLOSED,RETURNED_TO_SERVICE,2026-10-04T16:00:00,,NO,standard work
WO-000708,OT-01066,PLT-10,PM,OPEN,OUT_OF_SERVICE,2026-09-05T23:00:00,,NO,parts substituted
WO-000709,OT-00337,PLT-04,INSPECTION,IN_PROGRESS,DEGRADED,2026-09-24T08:00:00,2026-09-26T14:00:00,NO,standard work
WO-000710,OT-00181,PLT-02,CM,DEFERRED,ACTIVE,2026-09-13T08:00:00,2026-09-16T01:00:00,NO,parts substituted
WO-000711,OT-00336,PLT-04,PM,IN_PROGRESS,ACTIVE,2026-10-04T19:00:00,2026-10-06T22:00:00,NO,operator workaround active
WO-000712,OT-01058,PLT-10,CM,DEFERRED,OUT_OF_SERVICE,2026-09-21T04:00:00,2026-09-23T17:00:00,NO,awaiting vendor
WO-000713,OT-01693,PLT-16,CALIBRATION,OPEN,DEGRADED,2026-09-27T23:00:00,2026-09-28T08:00:00,NO,standard work
WO-000714,OT-01553,PLT-15,PM,DEFERRED,RETURNED_TO_SERVICE,2026-09-04T21:00:00,,NO,awaiting vendor
WO-000715,OT-00123,PLT-02,CALIBRATION,IN_PROGRESS,OUT_OF_SERVICE,2026-10-03T15:00:00,2026-10-04T16:00:00,YES,documentation pending
WO-000716,OT-00534,PLT-06,CALIBRATION,OPEN,RETURNED_TO_SERVICE,2026-09-02T19:00:00,2026-09-03T23:00:00,NO,documentation pending
WO-000717,OT-01663,PLT-15,INSPECTION,CLOSED,DEGRADED,2026-09-17T16:00:00,2026-09-17T17:00:00,YES,awaiting vendor
WO-000718,OT-01523,PLT-14,PM,CLOSED,RETURNED_TO_SERVICE,2026-09-08T08:00:00,2026-09-11T01:00:00,NO,operator workaround active
WO-000719,OT-01879,PLT-17,INSPECTION,IN_PROGRESS,RETURNED_TO_SERVICE,2026-09-18T09:00:00,,NO,documentation pending
WO-000720,OT-00580,PLT-06,CM,CLOSED,DEGRADED,2026-09-09T01:00:00,2026-09-09T02:00:00,NO,documentation pending
WO-000721,OT-00790,PLT-08,PM,IN_PROGRESS,ACTIVE,2026-09-03T05:00:00,2026-09-05T21:00:00,YES,standard work
WO-000722,OT-01563,PLT-15,PM,CLOSED,DEGRADED,2026-09-15T02:00:00,,NO,parts substituted
WO-000723,OT-01285,PLT-12,CALIBRATION,DEFERRED,OUT_OF_SERVICE,2026-09-28T12:00:00,2026-09-30T02:00:00,NO,parts substituted
WO-000724,OT-00975,PLT-09,EMERGENCY,DEFERRED,RETURNED_TO_SERVICE,2026-09-06T22:00:00,,NO,awaiting vendor
WO-000725,OT-00959,PLT-09,CALIBRATION,CLOSED,RETURNED_TO_SERVICE,2026-09-18T22:00:00,,NO,standard work
WO-000726,OT-00812,PLT-08,CM,IN_PROGRESS,OUT_OF_SERVICE,2026-09-23T15:00:00,,NO,documentation pending
WO-000727,OT-00243,PLT-03,CALIBRATION,CLOSED,DEGRADED,2026-09-28T16:00:00,,NO,operator workaround active
WO-000728,OT-00758,PLT-08,PM,OPEN,DEGRADED,2026-09-04T13:00:00,,YES,awaiting vendor
WO-000729,OT-00939,PLT-09,CM,OPEN,ACTIVE,2026-10-10T21:00:00,2026-10-12T13:00:00,NO,operator workaround active
WO-000730,OT-00614,PLT-06,CM,DEFERRED,RETURNED_TO_SERVICE,2026-09-05T09:00:00,,NO,awaiting vendor
WO-000731,OT-01487,PLT-14,EMERGENCY,DEFERRED,DEGRADED,2026-10-08T11:00:00,2026-10-10T14:00:00,NO,standard work
WO-000732,OT-01594,PLT-15,CM,IN_PROGRESS,OUT_OF_SERVICE,2026-09-09T00:00:00,2026-09-11T08:00:00,NO,operator workaround active
WO-000733,OT-00405,PLT-04,CALIBRATION,OPEN,DEGRADED,2026-09-24T07:00:00,2026-09-25T16:00:00,NO,parts substituted
WO-000734,OT-01327,PLT-13,PM,OPEN,DEGRADED,2026-09-09T04:00:00,,NO,documentation pending
WO-000735,OT-00851,PLT-08,CALIBRATION,OPEN,ACTIVE,2026-09-28T16:00:00,,NO,awaiting vendor
WO-000736,OT-00634,PLT-06,CALIBRATION,DEFERRED,DEGRADED,2026-10-08T20:00:00,,YES,standard work
WO-000737,OT-01125,PLT-11,PM,IN_PROGRESS,OUT_OF_SERVICE,2026-09-13T11:00:00,,NO,standard work
WO-000738,OT-01630,PLT-15,EMERGENCY,DEFERRED,RETURNED_TO_SERVICE,2026-09-28T09:00:00,2026-09-29T09:00:00,NO,standard work
WO-000739,OT-01525,PLT-14,CALIBRATION,IN_PROGRESS,RETURNED_TO_SERVICE,2026-09-27T15:00:00,,NO,documentation pending
WO-000740,OT-00232,PLT-03,CM,DEFERRED,RETURNED_TO_SERVICE,2026-10-05T08:00:00,,NO,documentation pending
WO-000741,OT-01180,PLT-11,PM,CLOSED,ACTIVE,2026-09-10T21:00:00,2026-09-11T16:00:00,YES,standard work
WO-000742,OT-01370,PLT-13,PM,OPEN,ACTIVE,2026-09-25T19:00:00,2026-09-26T14:00:00,NO,documentation pending
WO-000743,OT-01862,PLT-17,CM,CLOSED,RETURNED_TO_SERVICE,2026-09-21T07:00:00,,NO,operator workaround active
WO-000744,OT-01606,PLT-15,INSPECTION,CLOSED,OUT_OF_SERVICE,2026-09-08T06:00:00,,NO,parts substituted
WO-000745,OT-01499,PLT-14,EMERGENCY,IN_PROGRESS,RETURNED_TO_SERVICE,2026-09-13T03:00:00,,NO,awaiting vendor
WO-000746,OT-00234,PLT-03,EMERGENCY,DEFERRED,ACTIVE,2026-09-16T17:00:00,,NO,parts substituted
WO-000747,OT-01084,PLT-10,CALIBRATION,CLOSED,RETURNED_TO_SERVICE,2026-09-23T15:00:00,2026-09-26T09:00:00,NO,documentation pending
WO-000748,OT-01206,PLT-11,CALIBRATION,IN_PROGRESS,RETURNED_TO_SERVICE,2026-09-28T05:00:00,2026-09-29T06:00:00,NO,operator workaround active
WO-000749,OT-00416,PLT-04,PM,CLOSED,RETURNED_TO_SERVICE,2026-09-24T11:00:00,,NO,operator workaround active
WO-000750,OT-00559,PLT-06,PM,CLOSED,RETURNED_TO_SERVICE,2026-10-01T21:00:00,2026-10-03T19:00:00,NO,operator workaround active
WO-000751,OT-01293,PLT-12,CALIBRATION,DEFERRED,DEGRADED,2026-10-10T16:00:00,2026-10-13T11:00:00,NO,awaiting vendor
WO-000752,OT-01303,PLT-12,EMERGENCY,DEFERRED,DEGRADED,2026-09-27T19:00:00,,NO,parts substituted
WO-000753,OT-00672,PLT-07,PM,OPEN,ACTIVE,2026-09-14T22:00:00,,NO,standard work
WO-000754,OT-01452,PLT-14,CM,OPEN,RETURNED_TO_SERVICE,2026-10-04T01:00:00,2026-10-07T00:00:00,NO,parts substituted
WO-000755,OT-01737,PLT-16,CALIBRATION,OPEN,DEGRADED,2026-10-01T08:00:00,,NO,documentation pending
WO-000756,OT-01645,PLT-15,EMERGENCY,DEFERRED,OUT_OF_SERVICE,2026-09-16T03:00:00,,NO,standard work
WO-000757,OT-00943,PLT-09,EMERGENCY,IN_PROGRESS,RETURNED_TO_SERVICE,2026-09-07T00:00:00,2026-09-10T00:00:00,NO,parts substituted
WO-000758,OT-00582,PLT-06,PM,DEFERRED,ACTIVE,2026-10-03T06:00:00,2026-10-04T06:00:00,NO,standard work
WO-000759,OT-01997,PLT-18,INSPECTION,CLOSED,DEGRADED,2026-09-19T22:00:00,2026-09-22T08:00:00,NO,parts substituted
WO-000760,OT-00471,PLT-05,CM,IN_PROGRESS,RETURNED_TO_SERVICE,2026-09-06T18:00:00,,NO,parts substituted
WO-000761,OT-00999,PLT-10,INSPECTION,IN_PROGRESS,ACTIVE,2026-09-18T07:00:00,2026-09-18T22:00:00,NO,standard work
WO-000762,OT-00357,PLT-04,CALIBRATION,IN_PROGRESS,OUT_OF_SERVICE,2026-10-03T21:00:00,2026-10-06T08:00:00,NO,operator workaround active
WO-000763,OT-00694,PLT-07,CALIBRATION,OPEN,ACTIVE,2026-09-18T19:00:00,2026-09-19T18:00:00,NO,awaiting vendor
WO-000764,OT-00799,PLT-08,PM,OPEN,DEGRADED,2026-09-03T20:00:00,2026-09-04T15:00:00,YES,operator workaround active
WO-000765,OT-01176,PLT-11,INSPECTION,IN_PROGRESS,OUT_OF_SERVICE,2026-10-02T19:00:00,,YES,documentation pending
WO-000766,OT-00561,PLT-06,EMERGENCY,DEFERRED,RETURNED_TO_SERVICE,2026-09-14T19:00:00,,YES,documentation pending
WO-000767,OT-00474,PLT-05,INSPECTION,CLOSED,ACTIVE,2026-09-06T11:00:00,2026-09-08T11:00:00,NO,standard work
WO-000768,OT-00956,PLT-09,INSPECTION,OPEN,RETURNED_TO_SERVICE,2026-10-05T07:00:00,,NO,parts substituted
WO-000769,OT-00902,PLT-09,CALIBRATION,CLOSED,DEGRADED,2026-09-28T06:00:00,,NO,documentation pending
WO-000770,OT-00295,PLT-03,INSPECTION,CLOSED,ACTIVE,2026-09-17T03:00:00,,NO,documentation pending
WO-000771,OT-00124,PLT-02,CM,IN_PROGRESS,ACTIVE,2026-09-07T03:00:00,,NO,parts substituted
WO-000772,OT-01445,PLT-14,CALIBRATION,OPEN,RETURNED_TO_SERVICE,2026-09-01T14:00:00,,YES,operator workaround active
WO-000773,OT-00105,PLT-02,EMERGENCY,IN_PROGRESS,RETURNED_TO_SERVICE,2026-09-30T07:00:00,2026-09-30T20:00:00,NO,standard work
WO-000774,OT-00167,PLT-02,CM,DEFERRED,RETURNED_TO_SERVICE,2026-09-04T07:00:00,2026-09-06T12:00:00,NO,documentation pending
WO-000775,OT-01578,PLT-15,EMERGENCY,DEFERRED,DEGRADED,2026-09-06T09:00:00,,NO,standard work
WO-000776,OT-00040,PLT-01,EMERGENCY,OPEN,DEGRADED,2026-09-04T00:00:00,2026-09-06T06:00:00,NO,operator workaround active
WO-000777,OT-00802,PLT-08,PM,IN_PROGRESS,RETURNED_TO_SERVICE,2026-09-27T07:00:00,2026-09-28T07:00:00,NO,standard work
WO-000778,OT-00174,PLT-02,CALIBRATION,CLOSED,ACTIVE,2026-09-11T14:00:00,,NO,awaiting vendor
WO-000779,OT-01070,PLT-10,CM,DEFERRED,DEGRADED,2026-09-27T17:00:00,2026-09-30T14:00:00,NO,operator workaround active
WO-000780,OT-00178,PLT-02,CALIBRATION,IN_PROGRESS,ACTIVE,2026-10-04T20:00:00,2026-10-06T23:00:00,NO,parts substituted
WO-000781,OT-00221,PLT-03,CM,IN_PROGRESS,DEGRADED,2026-09-19T21:00:00,2026-09-21T15:00:00,NO,parts substituted
WO-000782,OT-00937,PLT-09,PM,IN_PROGRESS,ACTIVE,2026-09-26T09:00:00,2026-09-26T10:00:00,NO,standard work
WO-000783,OT-00294,PLT-03,CM,IN_PROGRESS,RETURNED_TO_SERVICE,2026-09-20T12:00:00,2026-09-21T18:00:00,NO,awaiting vendor
WO-000784,OT-01943,PLT-18,CM,CLOSED,RETURNED_TO_SERVICE,2026-09-30T06:00:00,,NO,parts substituted
WO-000785,OT-01642,PLT-15,INSPECTION,CLOSED,OUT_OF_SERVICE,2026-09-03T17:00:00,2026-09-04T03:00:00,NO,operator workaround active
WO-000786,OT-01562,PLT-15,PM,CLOSED,DEGRADED,2026-09-02T18:00:00,2026-09-04T18:00:00,NO,awaiting vendor
WO-000787,OT-01588,PLT-15,EMERGENCY,OPEN,RETURNED_TO_SERVICE,2026-09-15T17:00:00,2026-09-16T03:00:00,NO,parts substituted
WO-000788,OT-01072,PLT-10,CM,DEFERRED,RETURNED_TO_SERVICE,2026-09-23T21:00:00,,NO,documentation pending
WO-000789,OT-00792,PLT-08,CALIBRATION,DEFERRED,RETURNED_TO_SERVICE,2026-09-23T11:00:00,2026-09-23T14:00:00,NO,standard work
WO-000790,OT-01657,PLT-15,CM,DEFERRED,DEGRADED,2026-09-20T20:00:00,,NO,awaiting vendor
WO-000791,OT-00433,PLT-04,PM,CLOSED,OUT_OF_SERVICE,2026-10-06T00:00:00,,NO,documentation pending
WO-000792,OT-00765,PLT-08,INSPECTION,OPEN,OUT_OF_SERVICE,2026-09-24T14:00:00,2026-09-26T03:00:00,NO,parts substituted
WO-000793,OT-00245,PLT-03,CM,OPEN,ACTIVE,2026-09-28T05:00:00,,NO,standard work
WO-000794,OT-01179,PLT-11,EMERGENCY,CLOSED,ACTIVE,2026-09-12T05:00:00,,NO,awaiting vendor
WO-000795,OT-00924,PLT-09,CALIBRATION,DEFERRED,OUT_OF_SERVICE,2026-09-26T10:00:00,,NO,parts substituted
WO-000796,OT-01607,PLT-15,EMERGENCY,DEFERRED,ACTIVE,2026-10-01T23:00:00,2026-10-03T16:00:00,NO,parts substituted
WO-000797,OT-01588,PLT-15,CM,DEFERRED,OUT_OF_SERVICE,2026-09-30T06:00:00,,NO,operator workaround active
WO-000798,OT-01786,PLT-17,CM,OPEN,OUT_OF_SERVICE,2026-10-04T06:00:00,2026-10-05T23:00:00,NO,standard work
WO-000799,OT-00082,PLT-01,INSPECTION,IN_PROGRESS,OUT_OF_SERVICE,2026-09-29T02:00:00,2026-10-01T22:00:00,NO,operator workaround active
WO-000800,OT-01450,PLT-14,EMERGENCY,CLOSED,ACTIVE,2026-09-08T22:00:00,,NO,parts substituted
WO-000801,OT-01438,PLT-14,CM,DEFERRED,ACTIVE,2026-09-30T18:00:00,2026-10-01T17:00:00,NO,standard work
WO-000802,OT-01410,PLT-13,INSPECTION,CLOSED,RETURNED_TO_SERVICE,2026-09-28T17:00:00,,NO,documentation pending
WO-000803,OT-01437,PLT-14,EMERGENCY,IN_PROGRESS,RETURNED_TO_SERVICE,2026-10-03T08:00:00,,NO,operator workaround active
WO-000804,OT-00358,PLT-04,PM,OPEN,OUT_OF_SERVICE,2026-10-07T13:00:00,2026-10-08T06:00:00,NO,standard work
WO-000805,OT-00900,PLT-09,PM,OPEN,RETURNED_TO_SERVICE,2026-09-08T15:00:00,2026-09-11T05:00:00,NO,operator workaround active
WO-000806,OT-00526,PLT-05,EMERGENCY,DEFERRED,RETURNED_TO_SERVICE,2026-09-14T18:00:00,,NO,operator workaround active
WO-000807,OT-00970,PLT-09,PM,CLOSED,DEGRADED,2026-09-30T17:00:00,2026-10-02T05:00:00,NO,documentation pending
WO-000808,OT-00218,PLT-03,PM,DEFERRED,OUT_OF_SERVICE,2026-10-04T03:00:00,,YES,standard work
WO-000809,OT-01911,PLT-18,PM,CLOSED,OUT_OF_SERVICE,2026-09-23T22:00:00,2026-09-25T08:00:00,NO,documentation pending
WO-000810,OT-01813,PLT-17,CM,CLOSED,DEGRADED,2026-10-09T15:00:00,,YES,standard work
WO-000811,OT-01163,PLT-11,INSPECTION,CLOSED,DEGRADED,2026-09-17T15:00:00,,NO,documentation pending
WO-000812,OT-00984,PLT-09,INSPECTION,OPEN,RETURNED_TO_SERVICE,2026-09-06T19:00:00,2026-09-08T04:00:00,NO,operator workaround active
WO-000813,OT-01893,PLT-17,EMERGENCY,OPEN,ACTIVE,2026-10-05T13:00:00,2026-10-05T20:00:00,NO,parts substituted
WO-000814,OT-00594,PLT-06,EMERGENCY,CLOSED,RETURNED_TO_SERVICE,2026-10-08T12:00:00,2026-10-09T08:00:00,NO,awaiting vendor
WO-000815,OT-00663,PLT-07,PM,IN_PROGRESS,RETURNED_TO_SERVICE,2026-09-05T07:00:00,,NO,parts substituted
WO-000816,OT-01557,PLT-15,CM,IN_PROGRESS,ACTIVE,2026-10-04T16:00:00,2026-10-05T11:00:00,NO,documentation pending
WO-000817,OT-00854,PLT-08,CALIBRATION,OPEN,RETURNED_TO_SERVICE,2026-10-09T13:00:00,2026-10-10T21:00:00,NO,awaiting vendor
WO-000818,OT-00307,PLT-03,INSPECTION,CLOSED,ACTIVE,2026-10-10T23:00:00,,NO,documentation pending
WO-000819,OT-01089,PLT-10,INSPECTION,OPEN,DEGRADED,2026-09-10T22:00:00,,NO,documentation pending
WO-000820,OT-01222,PLT-12,EMERGENCY,CLOSED,DEGRADED,2026-10-02T21:00:00,2026-10-03T22:00:00,YES,parts substituted
WO-000821,OT-00050,PLT-01,INSPECTION,CLOSED,DEGRADED,2026-09-19T07:00:00,,YES,documentation pending
WO-000822,OT-00769,PLT-08,EMERGENCY,DEFERRED,OUT_OF_SERVICE,2026-10-01T11:00:00,2026-10-04T06:00:00,NO,documentation pending
WO-000823,OT-01607,PLT-15,INSPECTION,OPEN,RETURNED_TO_SERVICE,2026-09-02T08:00:00,2026-09-04T05:00:00,NO,standard work
WO-000824,OT-01397,PLT-13,PM,IN_PROGRESS,OUT_OF_SERVICE,2026-09-08T09:00:00,2026-09-08T15:00:00,NO,parts substituted
WO-000825,OT-00817,PLT-08,CM,OPEN,DEGRADED,2026-09-27T04:00:00,2026-09-27T16:00:00,NO,parts substituted
WO-000826,OT-00107,PLT-02,INSPECTION,DEFERRED,ACTIVE,2026-10-09T23:00:00,2026-10-12T13:00:00,NO,operator workaround active
WO-000827,OT-01528,PLT-14,INSPECTION,IN_PROGRESS,DEGRADED,2026-09-24T15:00:00,2026-09-27T09:00:00,YES,awaiting vendor
WO-000828,OT-01518,PLT-14,CALIBRATION,DEFERRED,OUT_OF_SERVICE,2026-09-19T19:00:00,,NO,awaiting vendor
WO-000829,OT-01788,PLT-17,PM,IN_PROGRESS,RETURNED_TO_SERVICE,2026-09-09T14:00:00,2026-09-09T19:00:00,NO,parts substituted
WO-000830,OT-00626,PLT-06,EMERGENCY,CLOSED,RETURNED_TO_SERVICE,2026-10-08T13:00:00,,NO,standard work
WO-000831,OT-00002,PLT-01,INSPECTION,IN_PROGRESS,RETURNED_TO_SERVICE,2026-09-14T08:00:00,2026-09-16T04:00:00,NO,standard work
WO-000832,OT-00859,PLT-08,CALIBRATION,DEFERRED,OUT_OF_SERVICE,2026-09-13T13:00:00,,NO,operator workaround active
WO-000833,OT-01946,PLT-18,CALIBRATION,IN_PROGRESS,ACTIVE,2026-09-19T00:00:00,2026-09-21T01:00:00,NO,operator workaround active
WO-000834,OT-01340,PLT-13,EMERGENCY,CLOSED,DEGRADED,2026-09-05T16:00:00,2026-09-06T14:00:00,NO,awaiting vendor
WO-000835,OT-00409,PLT-04,CM,IN_PROGRESS,ACTIVE,2026-09-16T16:00:00,,NO,awaiting vendor
WO-000836,OT-00211,PLT-03,PM,IN_PROGRESS,DEGRADED,2026-09-03T17:00:00,2026-09-06T01:00:00,NO,standard work
WO-000837,OT-01467,PLT-14,PM,DEFERRED,DEGRADED,2026-09-15T18:00:00,2026-09-16T08:00:00,NO,standard work
WO-000838,OT-00298,PLT-03,PM,IN_PROGRESS,ACTIVE,2026-09-18T17:00:00,,NO,awaiting vendor
WO-000839,OT-01415,PLT-13,EMERGENCY,CLOSED,DEGRADED,2026-09-14T03:00:00,2026-09-16T03:00:00,NO,operator workaround active
WO-000840,OT-00415,PLT-04,CALIBRATION,OPEN,OUT_OF_SERVICE,2026-10-01T13:00:00,,NO,awaiting vendor
WO-000841,OT-00317,PLT-03,INSPECTION,CLOSED,RETURNED_TO_SERVICE,2026-09-06T06:00:00,2026-09-09T04:00:00,NO,operator workaround active
WO-000842,OT-00269,PLT-03,CALIBRATION,DEFERRED,DEGRADED,2026-09-06T18:00:00,,NO,standard work
WO-000843,OT-01606,PLT-15,INSPECTION,IN_PROGRESS,OUT_OF_SERVICE,2026-10-07T01:00:00,2026-10-09T17:00:00,NO,awaiting vendor
WO-000844,OT-00070,PLT-01,CM,CLOSED,ACTIVE,2026-10-03T15:00:00,2026-10-05T23:00:00,NO,standard work
WO-000845,OT-01272,PLT-12,PM,DEFERRED,DEGRADED,2026-09-26T19:00:00,2026-09-29T00:00:00,NO,documentation pending
WO-000846,OT-00973,PLT-09,INSPECTION,CLOSED,RETURNED_TO_SERVICE,2026-09-13T02:00:00,,NO,operator workaround active
WO-000847,OT-01896,PLT-18,EMERGENCY,OPEN,OUT_OF_SERVICE,2026-09-05T11:00:00,2026-09-07T17:00:00,YES,standard work
WO-000848,OT-01922,PLT-18,INSPECTION,DEFERRED,DEGRADED,2026-09-07T12:00:00,,NO,awaiting vendor
WO-000849,OT-01821,PLT-17,INSPECTION,CLOSED,ACTIVE,2026-10-10T10:00:00,2026-10-11T17:00:00,NO,standard work
WO-000850,OT-01814,PLT-17,CM,CLOSED,ACTIVE,2026-09-08T20:00:00,2026-09-10T02:00:00,NO,parts substituted
WO-000851,OT-00108,PLT-02,EMERGENCY,CLOSED,RETURNED_TO_SERVICE,2026-09-28T04:00:00,,YES,standard work
WO-000852,OT-01511,PLT-14,PM,CLOSED,RETURNED_TO_SERVICE,2026-09-13T19:00:00,,NO,awaiting vendor
WO-000853,OT-01337,PLT-13,EMERGENCY,CLOSED,ACTIVE,2026-09-16T12:00:00,2026-09-19T03:00:00,YES,parts substituted
WO-000854,OT-00413,PLT-04,EMERGENCY,IN_PROGRESS,RETURNED_TO_SERVICE,2026-09-26T05:00:00,2026-09-27T08:00:00,NO,standard work
WO-000855,OT-00965,PLT-09,EMERGENCY,CLOSED,RETURNED_TO_SERVICE,2026-09-24T07:00:00,,NO,awaiting vendor
WO-000856,OT-00152,PLT-02,CM,OPEN,ACTIVE,2026-09-17T06:00:00,,NO,awaiting vendor
WO-000857,OT-01344,PLT-13,PM,IN_PROGRESS,OUT_OF_SERVICE,2026-09-06T21:00:00,2026-09-09T15:00:00,NO,operator workaround active
WO-000858,OT-00215,PLT-03,CM,IN_PROGRESS,OUT_OF_SERVICE,2026-09-06T01:00:00,,NO,operator workaround active
WO-000859,OT-00816,PLT-08,CM,OPEN,ACTIVE,2026-09-07T21:00:00,2026-09-09T05:00:00,NO,operator workaround active
WO-000860,OT-01569,PLT-15,PM,DEFERRED,DEGRADED,2026-09-11T16:00:00,,NO,awaiting vendor
WO-000861,OT-01574,PLT-15,INSPECTION,OPEN,DEGRADED,2026-10-03T11:00:00,,NO,documentation pending
WO-000862,OT-01139,PLT-11,EMERGENCY,OPEN,DEGRADED,2026-09-27T05:00:00,,NO,documentation pending
WO-000863,OT-01170,PLT-11,INSPECTION,CLOSED,OUT_OF_SERVICE,2026-09-27T18:00:00,2026-09-28T20:00:00,NO,standard work
WO-000864,OT-01159,PLT-11,EMERGENCY,CLOSED,ACTIVE,2026-09-27T10:00:00,2026-09-29T01:00:00,NO,standard work
WO-000865,OT-01546,PLT-14,CALIBRATION,CLOSED,RETURNED_TO_SERVICE,2026-09-04T12:00:00,2026-09-07T01:00:00,NO,standard work
WO-000866,OT-01511,PLT-14,CM,IN_PROGRESS,OUT_OF_SERVICE,2026-09-02T00:00:00,2026-09-02T20:00:00,NO,operator workaround active
WO-000867,OT-01801,PLT-17,CM,CLOSED,DEGRADED,2026-09-22T16:00:00,,NO,parts substituted
WO-000868,OT-01528,PLT-14,PM,OPEN,ACTIVE,2026-09-03T13:00:00,2026-09-05T22:00:00,NO,awaiting vendor
WO-000869,OT-01211,PLT-12,INSPECTION,CLOSED,RETURNED_TO_SERVICE,2026-09-09T01:00:00,,NO,operator workaround active
WO-000870,OT-00562,PLT-06,INSPECTION,OPEN,OUT_OF_SERVICE,2026-09-18T23:00:00,2026-09-21T05:00:00,NO,standard work
WO-000871,OT-01578,PLT-15,CALIBRATION,IN_PROGRESS,ACTIVE,2026-09-27T10:00:00,2026-09-28T13:00:00,NO,parts substituted
WO-000872,OT-00633,PLT-06,CM,DEFERRED,ACTIVE,2026-10-07T14:00:00,2026-10-08T11:00:00,NO,awaiting vendor
WO-000873,OT-00547,PLT-06,INSPECTION,IN_PROGRESS,RETURNED_TO_SERVICE,2026-09-26T21:00:00,2026-09-28T05:00:00,NO,awaiting vendor
WO-000874,OT-01812,PLT-17,CALIBRATION,OPEN,ACTIVE,2026-10-10T21:00:00,2026-10-12T23:00:00,NO,standard work
WO-000875,OT-01230,PLT-12,PM,DEFERRED,RETURNED_TO_SERVICE,2026-09-22T16:00:00,,NO,documentation pending
WO-000876,OT-01149,PLT-11,CALIBRATION,CLOSED,ACTIVE,2026-09-10T22:00:00,,NO,operator workaround active
WO-000877,OT-01898,PLT-18,CM,DEFERRED,OUT_OF_SERVICE,2026-09-24T20:00:00,2026-09-25T19:00:00,NO,parts substituted
WO-000878,OT-01354,PLT-13,CM,OPEN,OUT_OF_SERVICE,2026-10-07T19:00:00,2026-10-08T20:00:00,YES,parts substituted
WO-000879,OT-00210,PLT-03,EMERGENCY,DEFERRED,ACTIVE,2026-09-12T16:00:00,,NO,operator workaround active
WO-000880,OT-01943,PLT-18,EMERGENCY,OPEN,OUT_OF_SERVICE,2026-09-04T14:00:00,2026-09-06T03:00:00,NO,parts substituted
WO-000881,OT-01538,PLT-14,CM,IN_PROGRESS,RETURNED_TO_SERVICE,2026-09-15T21:00:00,,NO,standard work
WO-000882,OT-01636,PLT-15,EMERGENCY,DEFERRED,DEGRADED,2026-09-21T14:00:00,2026-09-23T07:00:00,NO,standard work
WO-000883,OT-00528,PLT-05,INSPECTION,DEFERRED,ACTIVE,2026-10-07T04:00:00,2026-10-09T21:00:00,NO,standard work
WO-000884,OT-01664,PLT-15,PM,OPEN,ACTIVE,2026-09-20T22:00:00,2026-09-23T07:00:00,NO,operator workaround active
WO-000885,OT-01465,PLT-14,EMERGENCY,OPEN,DEGRADED,2026-09-18T09:00:00,2026-09-20T15:00:00,NO,documentation pending
WO-000886,OT-01965,PLT-18,PM,CLOSED,ACTIVE,2026-09-13T10:00:00,2026-09-14T15:00:00,NO,parts substituted
WO-000887,OT-00586,PLT-06,EMERGENCY,CLOSED,RETURNED_TO_SERVICE,2026-09-25T12:00:00,,NO,parts substituted
WO-000888,OT-00020,PLT-01,EMERGENCY,IN_PROGRESS,DEGRADED,2026-10-05T13:00:00,2026-10-05T19:00:00,YES,standard work
WO-000889,OT-01805,PLT-17,CALIBRATION,IN_PROGRESS,DEGRADED,2026-10-01T10:00:00,,NO,standard work
WO-000890,OT-01532,PLT-14,INSPECTION,OPEN,RETURNED_TO_SERVICE,2026-09-12T21:00:00,2026-09-14T14:00:00,NO,standard work
WO-000891,OT-01759,PLT-16,CM,DEFERRED,OUT_OF_SERVICE,2026-09-18T18:00:00,,NO,operator workaround active
WO-000892,OT-01381,PLT-13,CM,CLOSED,DEGRADED,2026-09-23T12:00:00,2026-09-26T06:00:00,NO,awaiting vendor
WO-000893,OT-00615,PLT-06,CM,OPEN,ACTIVE,2026-10-10T08:00:00,2026-10-11T13:00:00,NO,parts substituted
WO-000894,OT-00933,PLT-09,INSPECTION,OPEN,DEGRADED,2026-09-18T17:00:00,,NO,standard work
WO-000895,OT-01791,PLT-17,INSPECTION,DEFERRED,RETURNED_TO_SERVICE,2026-09-12T10:00:00,,NO,awaiting vendor
WO-000896,OT-00989,PLT-10,EMERGENCY,IN_PROGRESS,DEGRADED,2026-10-01T15:00:00,2026-10-04T11:00:00,NO,standard work
WO-000897,OT-00606,PLT-06,INSPECTION,CLOSED,OUT_OF_SERVICE,2026-09-27T04:00:00,2026-09-29T18:00:00,NO,standard work
WO-000898,OT-00198,PLT-02,CM,CLOSED,DEGRADED,2026-10-07T18:00:00,2026-10-09T00:00:00,NO,parts substituted
WO-000899,OT-01336,PLT-13,INSPECTION,OPEN,ACTIVE,2026-09-22T03:00:00,2026-09-23T13:00:00,NO,awaiting vendor
WO-000900,OT-00857,PLT-08,CM,CLOSED,ACTIVE,2026-09-01T12:00:00,2026-09-01T23:00:00,NO,documentation pending
WO-000901,OT-01413,PLT-13,PM,OPEN,DEGRADED,2026-09-03T02:00:00,2026-09-05T15:00:00,NO,operator workaround active
WO-000902,OT-01207,PLT-12,INSPECTION,IN_PROGRESS,RETURNED_TO_SERVICE,2026-10-02T14:00:00,,NO,documentation pending
WO-000903,OT-00436,PLT-05,INSPECTION,DEFERRED,ACTIVE,2026-09-05T10:00:00,2026-09-07T14:00:00,NO,parts substituted
WO-000904,OT-00344,PLT-04,CALIBRATION,OPEN,OUT_OF_SERVICE,2026-10-07T08:00:00,,NO,awaiting vendor
WO-000905,OT-00308,PLT-03,EMERGENCY,DEFERRED,RETURNED_TO_SERVICE,2026-09-13T04:00:00,2026-09-13T21:00:00,NO,operator workaround active
WO-000906,OT-01232,PLT-12,CM,DEFERRED,RETURNED_TO_SERVICE,2026-09-06T05:00:00,2026-09-08T09:00:00,NO,parts substituted
WO-000907,OT-01049,PLT-10,PM,IN_PROGRESS,RETURNED_TO_SERVICE,2026-09-26T02:00:00,2026-09-28T05:00:00,NO,awaiting vendor
WO-000908,OT-00989,PLT-10,CALIBRATION,IN_PROGRESS,OUT_OF_SERVICE,2026-09-28T18:00:00,,NO,parts substituted
WO-000909,OT-00065,PLT-01,EMERGENCY,OPEN,ACTIVE,2026-09-02T14:00:00,,NO,documentation pending
WO-000910,OT-00126,PLT-02,INSPECTION,IN_PROGRESS,RETURNED_TO_SERVICE,2026-09-12T07:00:00,,NO,parts substituted
WO-000911,OT-00473,PLT-05,INSPECTION,DEFERRED,ACTIVE,2026-09-04T05:00:00,2026-09-05T13:00:00,NO,parts substituted
WO-000912,OT-00207,PLT-02,EMERGENCY,IN_PROGRESS,OUT_OF_SERVICE,2026-09-18T02:00:00,,NO,operator workaround active
WO-000913,OT-00377,PLT-04,CALIBRATION,OPEN,OUT_OF_SERVICE,2026-10-01T03:00:00,,NO,operator workaround active
WO-000914,OT-00779,PLT-08,CALIBRATION,OPEN,ACTIVE,2026-09-26T00:00:00,2026-09-27T23:00:00,NO,operator workaround active
WO-000915,OT-01662,PLT-15,PM,IN_PROGRESS,RETURNED_TO_SERVICE,2026-09-18T23:00:00,,NO,awaiting vendor
WO-000916,OT-00401,PLT-04,CALIBRATION,DEFERRED,DEGRADED,2026-09-07T12:00:00,2026-09-08T01:00:00,NO,standard work
WO-000917,OT-01958,PLT-18,CM,IN_PROGRESS,ACTIVE,2026-09-25T20:00:00,2026-09-27T10:00:00,NO,standard work
WO-000918,OT-01810,PLT-17,EMERGENCY,IN_PROGRESS,RETURNED_TO_SERVICE,2026-10-04T06:00:00,2026-10-05T11:00:00,NO,operator workaround active
WO-000919,OT-01360,PLT-13,EMERGENCY,DEFERRED,OUT_OF_SERVICE,2026-09-29T15:00:00,,NO,standard work
WO-000920,OT-00129,PLT-02,CALIBRATION,IN_PROGRESS,OUT_OF_SERVICE,2026-10-06T06:00:00,,NO,awaiting vendor
WO-000921,OT-00071,PLT-01,CALIBRATION,CLOSED,ACTIVE,2026-09-27T03:00:00,,NO,parts substituted
WO-000922,OT-01614,PLT-15,PM,DEFERRED,ACTIVE,2026-09-26T15:00:00,,NO,operator workaround active
WO-000923,OT-00940,PLT-09,EMERGENCY,OPEN,RETURNED_TO_SERVICE,2026-09-02T05:00:00,,NO,awaiting vendor
WO-000924,OT-01848,PLT-17,CALIBRATION,DEFERRED,ACTIVE,2026-09-18T09:00:00,,NO,standard work
WO-000925,OT-00774,PLT-08,CALIBRATION,IN_PROGRESS,RETURNED_TO_SERVICE,2026-09-27T04:00:00,2026-09-27T15:00:00,NO,parts substituted
WO-000926,OT-01126,PLT-11,CALIBRATION,IN_PROGRESS,OUT_OF_SERVICE,2026-09-03T15:00:00,2026-09-04T00:00:00,NO,standard work
WO-000927,OT-01292,PLT-12,CM,CLOSED,ACTIVE,2026-10-09T10:00:00,2026-10-10T06:00:00,NO,standard work
WO-000928,OT-00772,PLT-08,INSPECTION,CLOSED,ACTIVE,2026-09-29T05:00:00,,NO,operator workaround active
WO-000929,OT-01319,PLT-13,INSPECTION,IN_PROGRESS,RETURNED_TO_SERVICE,2026-09-13T03:00:00,,NO,documentation pending
WO-000930,OT-00466,PLT-05,INSPECTION,OPEN,ACTIVE,2026-09-18T08:00:00,,NO,documentation pending
WO-000931,OT-01913,PLT-18,INSPECTION,OPEN,OUT_OF_SERVICE,2026-09-28T09:00:00,,YES,operator workaround active
WO-000932,OT-02010,PLT-18,CM,CLOSED,ACTIVE,2026-09-05T22:00:00,2026-09-08T18:00:00,NO,operator workaround active
WO-000933,OT-00027,PLT-01,INSPECTION,IN_PROGRESS,OUT_OF_SERVICE,2026-09-15T03:00:00,,NO,awaiting vendor
WO-000934,OT-01177,PLT-11,CALIBRATION,DEFERRED,DEGRADED,2026-10-04T18:00:00,2026-10-05T18:00:00,NO,operator workaround active
WO-000935,OT-00831,PLT-08,EMERGENCY,CLOSED,OUT_OF_SERVICE,2026-09-09T21:00:00,2026-09-12T14:00:00,NO,standard work
WO-000936,OT-01000,PLT-10,EMERGENCY,CLOSED,ACTIVE,2026-09-25T16:00:00,,YES,awaiting vendor
WO-000937,OT-00483,PLT-05,CALIBRATION,OPEN,ACTIVE,2026-09-24T08:00:00,2026-09-26T13:00:00,YES,operator workaround active
WO-000938,OT-01869,PLT-17,CALIBRATION,IN_PROGRESS,RETURNED_TO_SERVICE,2026-10-06T04:00:00,,NO,operator workaround active
WO-000939,OT-01347,PLT-13,INSPECTION,IN_PROGRESS,RETURNED_TO_SERVICE,2026-09-06T00:00:00,2026-09-07T09:00:00,NO,parts substituted
WO-000940,OT-01520,PLT-14,EMERGENCY,IN_PROGRESS,DEGRADED,2026-10-04T07:00:00,2026-10-07T02:00:00,NO,awaiting vendor
WO-000941,OT-00070,PLT-01,PM,IN_PROGRESS,RETURNED_TO_SERVICE,2026-09-22T08:00:00,,NO,awaiting vendor
WO-000942,OT-01734,PLT-16,INSPECTION,IN_PROGRESS,DEGRADED,2026-09-30T06:00:00,2026-10-02T04:00:00,YES,parts substituted
WO-000943,OT-01844,PLT-17,CALIBRATION,CLOSED,ACTIVE,2026-09-03T18:00:00,2026-09-06T17:00:00,NO,operator workaround active
WO-000944,OT-00164,PLT-02,INSPECTION,OPEN,DEGRADED,2026-09-14T04:00:00,2026-09-17T00:00:00,NO,documentation pending
WO-000945,OT-01684,PLT-16,INSPECTION,CLOSED,RETURNED_TO_SERVICE,2026-10-10T18:00:00,2026-10-11T09:00:00,NO,documentation pending
WO-000946,OT-00652,PLT-07,CALIBRATION,DEFERRED,ACTIVE,2026-09-22T00:00:00,2026-09-23T20:00:00,NO,parts substituted
WO-000947,OT-00267,PLT-03,CALIBRATION,DEFERRED,OUT_OF_SERVICE,2026-09-13T04:00:00,,NO,parts substituted
WO-000948,OT-01316,PLT-13,CALIBRATION,OPEN,OUT_OF_SERVICE,2026-09-14T15:00:00,,NO,operator workaround active
WO-000949,OT-01114,PLT-11,EMERGENCY,CLOSED,ACTIVE,2026-09-30T13:00:00,,NO,standard work
WO-000950,OT-00459,PLT-05,CALIBRATION,IN_PROGRESS,DEGRADED,2026-09-21T11:00:00,2026-09-24T09:00:00,NO,standard work
WO-000951,OT-01641,PLT-15,CM,IN_PROGRESS,DEGRADED,2026-09-02T23:00:00,2026-09-04T13:00:00,NO,operator workaround active
WO-000952,OT-01378,PLT-13,EMERGENCY,IN_PROGRESS,RETURNED_TO_SERVICE,2026-09-12T18:00:00,2026-09-13T08:00:00,NO,documentation pending
WO-000953,OT-01683,PLT-16,CM,IN_PROGRESS,DEGRADED,2026-09-19T19:00:00,2026-09-22T13:00:00,NO,standard work
WO-000954,OT-00841,PLT-08,EMERGENCY,OPEN,DEGRADED,2026-10-01T02:00:00,,NO,parts substituted
WO-000955,OT-01981,PLT-18,CALIBRATION,IN_PROGRESS,OUT_OF_SERVICE,2026-09-04T20:00:00,2026-09-05T22:00:00,NO,standard work
WO-000956,OT-00729,PLT-07,CM,DEFERRED,OUT_OF_SERVICE,2026-09-30T01:00:00,,YES,awaiting vendor
WO-000957,OT-01508,PLT-14,CALIBRATION,CLOSED,DEGRADED,2026-09-10T05:00:00,2026-09-12T14:00:00,NO,awaiting vendor
WO-000958,OT-00979,PLT-09,CALIBRATION,OPEN,ACTIVE,2026-09-12T14:00:00,,NO,operator workaround active
WO-000959,OT-01487,PLT-14,INSPECTION,IN_PROGRESS,OUT_OF_SERVICE,2026-09-05T10:00:00,,NO,standard work
WO-000960,OT-01239,PLT-12,CM,CLOSED,RETURNED_TO_SERVICE,2026-10-02T07:00:00,,NO,awaiting vendor
WO-000961,OT-01347,PLT-13,CALIBRATION,CLOSED,DEGRADED,2026-09-13T06:00:00,2026-09-13T16:00:00,NO,operator workaround active
WO-000962,OT-00514,PLT-05,EMERGENCY,DEFERRED,DEGRADED,2026-09-05T00:00:00,2026-09-07T17:00:00,NO,standard work
WO-000963,OT-01840,PLT-17,INSPECTION,CLOSED,DEGRADED,2026-10-02T01:00:00,2026-10-03T17:00:00,NO,documentation pending
WO-000964,OT-00136,PLT-02,CM,IN_PROGRESS,DEGRADED,2026-09-05T11:00:00,2026-09-06T09:00:00,NO,parts substituted
WO-000965,OT-01586,PLT-15,EMERGENCY,IN_PROGRESS,DEGRADED,2026-10-08T07:00:00,,NO,awaiting vendor
WO-000966,OT-01759,PLT-16,CALIBRATION,OPEN,OUT_OF_SERVICE,2026-09-27T01:00:00,2026-09-28T21:00:00,NO,standard work
WO-000967,OT-01138,PLT-11,INSPECTION,OPEN,OUT_OF_SERVICE,2026-09-02T06:00:00,2026-09-02T11:00:00,NO,operator workaround active
WO-000968,OT-01784,PLT-16,CALIBRATION,OPEN,DEGRADED,2026-09-09T02:00:00,2026-09-11T14:00:00,NO,operator workaround active
WO-000969,OT-00705,PLT-07,CALIBRATION,DEFERRED,RETURNED_TO_SERVICE,2026-09-22T15:00:00,,NO,parts substituted
WO-000970,OT-01210,PLT-12,PM,DEFERRED,ACTIVE,2026-09-12T17:00:00,,NO,awaiting vendor
WO-000971,OT-01476,PLT-14,CALIBRATION,OPEN,OUT_OF_SERVICE,2026-09-01T08:00:00,,NO,standard work
WO-000972,OT-01831,PLT-17,CALIBRATION,IN_PROGRESS,ACTIVE,2026-09-10T04:00:00,,NO,parts substituted
WO-000973,OT-00507,PLT-05,CALIBRATION,IN_PROGRESS,ACTIVE,2026-09-06T15:00:00,2026-09-07T22:00:00,NO,awaiting vendor
WO-000974,OT-01904,PLT-18,INSPECTION,DEFERRED,DEGRADED,2026-09-21T04:00:00,,NO,operator workaround active
WO-000975,OT-01489,PLT-14,CALIBRATION,DEFERRED,DEGRADED,2026-09-26T13:00:00,,NO,parts substituted
WO-000976,OT-01683,PLT-16,CM,IN_PROGRESS,OUT_OF_SERVICE,2026-09-25T12:00:00,2026-09-28T08:00:00,NO,standard work
WO-000977,OT-00753,PLT-07,INSPECTION,IN_PROGRESS,DEGRADED,2026-09-01T16:00:00,2026-09-04T09:00:00,NO,awaiting vendor
WO-000978,OT-00817,PLT-08,EMERGENCY,DEFERRED,OUT_OF_SERVICE,2026-09-24T23:00:00,,NO,parts substituted
WO-000979,OT-01751,PLT-16,PM,DEFERRED,RETURNED_TO_SERVICE,2026-09-19T23:00:00,2026-09-22T12:00:00,NO,standard work
WO-000980,OT-01759,PLT-16,INSPECTION,DEFERRED,OUT_OF_SERVICE,2026-09-02T19:00:00,2026-09-04T21:00:00,NO,awaiting vendor
WO-000981,OT-00741,PLT-07,EMERGENCY,DEFERRED,ACTIVE,2026-09-29T02:00:00,,NO,documentation pending
WO-000982,OT-01853,PLT-17,INSPECTION,OPEN,ACTIVE,2026-10-01T02:00:00,2026-10-03T01:00:00,NO,parts substituted
WO-000983,OT-01129,PLT-11,PM,IN_PROGRESS,RETURNED_TO_SERVICE,2026-10-09T03:00:00,,NO,documentation pending
WO-000984,OT-01072,PLT-10,PM,DEFERRED,OUT_OF_SERVICE,2026-10-05T19:00:00,2026-10-08T15:00:00,NO,standard work
WO-000985,OT-00530,PLT-05,CM,DEFERRED,OUT_OF_SERVICE,2026-09-24T15:00:00,,NO,standard work
WO-000986,OT-00001,PLT-01,INSPECTION,IN_PROGRESS,OUT_OF_SERVICE,2026-09-13T01:00:00,,NO,standard work
WO-000987,OT-00827,PLT-08,EMERGENCY,CLOSED,DEGRADED,2026-09-28T10:00:00,2026-09-29T01:00:00,NO,awaiting vendor
WO-000988,OT-00110,PLT-02,EMERGENCY,OPEN,ACTIVE,2026-09-12T03:00:00,,NO,documentation pending
WO-000989,OT-01570,PLT-15,PM,OPEN,ACTIVE,2026-09-02T21:00:00,,NO,awaiting vendor
WO-000990,OT-00284,PLT-03,EMERGENCY,CLOSED,RETURNED_TO_SERVICE,2026-10-04T21:00:00,2026-10-07T04:00:00,NO,standard work
WO-000991,OT-01544,PLT-14,INSPECTION,OPEN,OUT_OF_SERVICE,2026-10-08T13:00:00,2026-10-09T06:00:00,NO,documentation pending
WO-000992,OT-00769,PLT-08,CALIBRATION,OPEN,OUT_OF_SERVICE,2026-09-15T13:00:00,,NO,documentation pending
WO-000993,OT-00115,PLT-02,EMERGENCY,IN_PROGRESS,RETURNED_TO_SERVICE,2026-09-20T03:00:00,,NO,documentation pending
WO-000994,OT-01191,PLT-11,INSPECTION,OPEN,DEGRADED,2026-10-01T23:00:00,,NO,operator workaround active
WO-000995,OT-01573,PLT-15,CALIBRATION,DEFERRED,ACTIVE,2026-09-04T23:00:00,,NO,standard work
WO-000996,OT-01005,PLT-10,INSPECTION,IN_PROGRESS,DEGRADED,2026-09-16T18:00:00,,NO,documentation pending
WO-000997,OT-01073,PLT-10,CALIBRATION,OPEN,OUT_OF_SERVICE,2026-09-18T11:00:00,,NO,parts substituted
WO-000998,OT-01191,PLT-11,PM,IN_PROGRESS,RETURNED_TO_SERVICE,2026-09-02T02:00:00,,NO,awaiting vendor
WO-000999,OT-00890,PLT-09,CALIBRATION,DEFERRED,RETURNED_TO_SERVICE,2026-09-26T21:00:00,,NO,operator workaround active
WO-001000,OT-00899,PLT-09,CALIBRATION,IN_PROGRESS,DEGRADED,2026-09-12T01:00:00,,NO,operator workaround active
WO-001001,OT-00030,PLT-01,CM,CLOSED,OUT_OF_SERVICE,2026-09-08T22:00:00,2026-09-10T00:00:00,YES,standard work
WO-001002,OT-00675,PLT-07,CALIBRATION,DEFERRED,RETURNED_TO_SERVICE,2026-09-10T06:00:00,2026-09-12T02:00:00,NO,operator workaround active
WO-001003,OT-01515,PLT-14,INSPECTION,CLOSED,RETURNED_TO_SERVICE,2026-10-02T20:00:00,2026-10-03T09:00:00,NO,parts substituted
WO-001004,OT-01617,PLT-15,EMERGENCY,IN_PROGRESS,RETURNED_TO_SERVICE,2026-09-09T23:00:00,,NO,standard work
WO-001005,OT-00194,PLT-02,INSPECTION,IN_PROGRESS,DEGRADED,2026-09-04T08:00:00,2026-09-05T03:00:00,NO,parts substituted
WO-001006,OT-01669,PLT-16,EMERGENCY,CLOSED,RETURNED_TO_SERVICE,2026-09-19T13:00:00,,NO,awaiting vendor
WO-001007,OT-00394,PLT-04,EMERGENCY,IN_PROGRESS,OUT_OF_SERVICE,2026-09-30T18:00:00,,NO,parts substituted
WO-001008,OT-01987,PLT-18,EMERGENCY,CLOSED,DEGRADED,2026-10-03T19:00:00,,NO,parts substituted
WO-001009,OT-00344,PLT-04,CM,CLOSED,DEGRADED,2026-09-30T19:00:00,,NO,operator workaround active
WO-001010,OT-00147,PLT-02,PM,IN_PROGRESS,DEGRADED,2026-09-26T02:00:00,2026-09-28T19:00:00,NO,parts substituted
WO-001011,OT-00472,PLT-05,EMERGENCY,CLOSED,DEGRADED,2026-09-02T19:00:00,2026-09-05T00:00:00,NO,standard work
WO-001012,OT-01633,PLT-15,EMERGENCY,CLOSED,RETURNED_TO_SERVICE,2026-10-10T14:00:00,,NO,standard work
WO-001013,OT-00674,PLT-07,INSPECTION,DEFERRED,RETURNED_TO_SERVICE,2026-09-22T14:00:00,,NO,parts substituted
WO-001014,OT-00128,PLT-02,EMERGENCY,IN_PROGRESS,DEGRADED,2026-09-20T05:00:00,,NO,standard work
WO-001015,OT-00847,PLT-08,INSPECTION,CLOSED,ACTIVE,2026-10-03T08:00:00,2026-10-06T03:00:00,NO,standard work
WO-001016,OT-00313,PLT-03,PM,OPEN,OUT_OF_SERVICE,2026-09-03T21:00:00,,NO,parts substituted
WO-001017,OT-01917,PLT-18,CALIBRATION,CLOSED,DEGRADED,2026-10-10T19:00:00,2026-10-12T12:00:00,NO,parts substituted
WO-001018,OT-00984,PLT-09,INSPECTION,OPEN,ACTIVE,2026-10-07T09:00:00,,NO,parts substituted
WO-001019,OT-00930,PLT-09,CALIBRATION,IN_PROGRESS,DEGRADED,2026-09-21T09:00:00,,NO,parts substituted
WO-001020,OT-01463,PLT-14,CALIBRATION,OPEN,RETURNED_TO_SERVICE,2026-09-25T00:00:00,2026-09-27T21:00:00,NO,documentation pending
WO-001021,OT-01570,PLT-15,CM,IN_PROGRESS,OUT_OF_SERVICE,2026-09-12T13:00:00,2026-09-15T07:00:00,NO,parts substituted
WO-001022,OT-01791,PLT-17,CM,OPEN,OUT_OF_SERVICE,2026-10-07T00:00:00,2026-10-07T19:00:00,NO,awaiting vendor
WO-001023,OT-01080,PLT-10,CM,OPEN,ACTIVE,2026-10-05T12:00:00,2026-10-07T10:00:00,NO,parts substituted
WO-001024,OT-01283,PLT-12,INSPECTION,OPEN,RETURNED_TO_SERVICE,2026-09-06T00:00:00,2026-09-06T17:00:00,NO,operator workaround active
WO-001025,OT-01471,PLT-14,CALIBRATION,CLOSED,ACTIVE,2026-10-07T12:00:00,2026-10-09T23:00:00,NO,parts substituted
WO-001026,OT-00369,PLT-04,PM,DEFERRED,RETURNED_TO_SERVICE,2026-09-04T18:00:00,,NO,parts substituted
WO-001027,OT-01555,PLT-15,INSPECTION,DEFERRED,ACTIVE,2026-09-28T09:00:00,2026-10-01T09:00:00,NO,operator workaround active
WO-001028,OT-00800,PLT-08,INSPECTION,CLOSED,RETURNED_TO_SERVICE,2026-10-08T18:00:00,2026-10-11T14:00:00,NO,parts substituted
WO-001029,OT-01814,PLT-17,INSPECTION,CLOSED,RETURNED_TO_SERVICE,2026-09-15T10:00:00,2026-09-15T12:00:00,NO,awaiting vendor
WO-001030,OT-01538,PLT-14,CM,OPEN,ACTIVE,2026-09-13T03:00:00,2026-09-13T19:00:00,NO,standard work
WO-001031,OT-00839,PLT-08,INSPECTION,CLOSED,OUT_OF_SERVICE,2026-09-10T00:00:00,,NO,standard work
WO-001032,OT-01321,PLT-13,EMERGENCY,CLOSED,DEGRADED,2026-10-08T16:00:00,,NO,operator workaround active
WO-001033,OT-00991,PLT-10,INSPECTION,CLOSED,DEGRADED,2026-09-06T08:00:00,,NO,awaiting vendor
WO-001034,OT-00373,PLT-04,INSPECTION,IN_PROGRESS,ACTIVE,2026-10-05T11:00:00,2026-10-05T20:00:00,NO,operator workaround active
WO-001035,OT-01716,PLT-16,EMERGENCY,OPEN,RETURNED_TO_SERVICE,2026-09-15T09:00:00,,NO,standard work
WO-001036,OT-01931,PLT-18,CALIBRATION,OPEN,DEGRADED,2026-09-04T12:00:00,,NO,operator workaround active
WO-001037,OT-01806,PLT-17,INSPECTION,OPEN,DEGRADED,2026-10-07T20:00:00,,NO,awaiting vendor
WO-001038,OT-00793,PLT-08,EMERGENCY,IN_PROGRESS,ACTIVE,2026-09-24T20:00:00,2026-09-25T00:00:00,NO,standard work
WO-001039,OT-01699,PLT-16,EMERGENCY,IN_PROGRESS,ACTIVE,2026-10-07T01:00:00,2026-10-09T04:00:00,NO,awaiting vendor
WO-001040,OT-00775,PLT-08,EMERGENCY,CLOSED,ACTIVE,2026-09-13T04:00:00,2026-09-13T23:00:00,NO,standard work
WO-001041,OT-00606,PLT-06,CALIBRATION,CLOSED,RETURNED_TO_SERVICE,2026-09-07T15:00:00,,YES,parts substituted
WO-001042,OT-00129,PLT-02,CALIBRATION,IN_PROGRESS,RETURNED_TO_SERVICE,2026-09-23T09:00:00,,NO,standard work
WO-001043,OT-01293,PLT-12,INSPECTION,CLOSED,OUT_OF_SERVICE,2026-10-09T14:00:00,2026-10-10T03:00:00,NO,standard work
WO-001044,OT-01453,PLT-14,EMERGENCY,IN_PROGRESS,RETURNED_TO_SERVICE,2026-09-20T04:00:00,,NO,operator workaround active
WO-001045,OT-01685,PLT-16,EMERGENCY,CLOSED,OUT_OF_SERVICE,2026-09-16T19:00:00,2026-09-18T01:00:00,NO,standard work
WO-001046,OT-00828,PLT-08,CALIBRATION,OPEN,OUT_OF_SERVICE,2026-10-09T06:00:00,,NO,parts substituted
WO-001047,OT-01370,PLT-13,EMERGENCY,DEFERRED,OUT_OF_SERVICE,2026-09-09T02:00:00,2026-09-10T07:00:00,NO,operator workaround active
WO-001048,OT-01980,PLT-18,CALIBRATION,IN_PROGRESS,DEGRADED,2026-09-02T07:00:00,,NO,standard work
WO-001049,OT-00030,PLT-01,CALIBRATION,CLOSED,DEGRADED,2026-10-10T14:00:00,2026-10-10T18:00:00,NO,documentation pending
WO-001050,OT-01815,PLT-17,CALIBRATION,OPEN,DEGRADED,2026-09-19T01:00:00,2026-09-19T02:00:00,NO,parts substituted
WO-001051,OT-00789,PLT-08,CALIBRATION,CLOSED,DEGRADED,2026-10-03T06:00:00,,NO,standard work
WO-001052,OT-00988,PLT-10,PM,OPEN,RETURNED_TO_SERVICE,2026-09-28T07:00:00,2026-10-01T05:00:00,NO,standard work
WO-001053,OT-01810,PLT-17,PM,CLOSED,ACTIVE,2026-09-26T12:00:00,2026-09-29T06:00:00,NO,standard work
WO-001054,OT-00774,PLT-08,EMERGENCY,IN_PROGRESS,RETURNED_TO_SERVICE,2026-09-24T10:00:00,2026-09-24T14:00:00,NO,documentation pending
WO-001055,OT-01002,PLT-10,CM,DEFERRED,DEGRADED,2026-09-28T21:00:00,2026-10-01T02:00:00,NO,operator workaround active
WO-001056,OT-01083,PLT-10,PM,OPEN,RETURNED_TO_SERVICE,2026-10-06T01:00:00,,NO,standard work
WO-001057,OT-01697,PLT-16,CM,IN_PROGRESS,ACTIVE,2026-09-02T20:00:00,2026-09-04T14:00:00,NO,parts substituted
WO-001058,OT-01577,PLT-15,EMERGENCY,IN_PROGRESS,OUT_OF_SERVICE,2026-09-26T15:00:00,2026-09-26T20:00:00,NO,documentation pending
WO-001059,OT-00153,PLT-02,PM,CLOSED,OUT_OF_SERVICE,2026-09-15T22:00:00,,NO,awaiting vendor
WO-001060,OT-00777,PLT-08,INSPECTION,DEFERRED,RETURNED_TO_SERVICE,2026-09-05T18:00:00,,NO,parts substituted
WO-001061,OT-00934,PLT-09,INSPECTION,IN_PROGRESS,DEGRADED,2026-10-08T05:00:00,,NO,operator workaround active
WO-001062,OT-00974,PLT-09,EMERGENCY,DEFERRED,RETURNED_TO_SERVICE,2026-09-30T01:00:00,2026-10-02T02:00:00,NO,standard work
WO-001063,OT-00222,PLT-03,INSPECTION,CLOSED,OUT_OF_SERVICE,2026-09-17T01:00:00,,NO,parts substituted
WO-001064,OT-01707,PLT-16,CM,DEFERRED,RETURNED_TO_SERVICE,2026-09-12T12:00:00,2026-09-14T01:00:00,YES,operator workaround active
WO-001065,OT-00563,PLT-06,EMERGENCY,OPEN,RETURNED_TO_SERVICE,2026-09-29T05:00:00,,NO,documentation pending
WO-001066,OT-00458,PLT-05,CALIBRATION,IN_PROGRESS,RETURNED_TO_SERVICE,2026-10-04T15:00:00,,NO,awaiting vendor
WO-001067,OT-01208,PLT-12,INSPECTION,IN_PROGRESS,OUT_OF_SERVICE,2026-09-03T10:00:00,2026-09-04T23:00:00,NO,documentation pending
WO-001068,OT-00093,PLT-01,EMERGENCY,CLOSED,OUT_OF_SERVICE,2026-09-10T22:00:00,2026-09-12T20:00:00,NO,standard work
WO-001069,OT-01864,PLT-17,CM,CLOSED,OUT_OF_SERVICE,2026-09-25T00:00:00,,NO,operator workaround active
WO-001070,OT-02015,PLT-18,PM,IN_PROGRESS,DEGRADED,2026-09-19T07:00:00,2026-09-20T19:00:00,NO,standard work
WO-001071,OT-00811,PLT-08,PM,OPEN,DEGRADED,2026-10-08T15:00:00,2026-10-10T06:00:00,NO,parts substituted
WO-001072,OT-01489,PLT-14,INSPECTION,CLOSED,RETURNED_TO_SERVICE,2026-09-03T08:00:00,,NO,parts substituted
WO-001073,OT-00350,PLT-04,PM,DEFERRED,DEGRADED,2026-09-20T12:00:00,2026-09-22T12:00:00,NO,parts substituted
WO-001074,OT-00527,PLT-05,CM,CLOSED,ACTIVE,2026-09-04T09:00:00,,NO,documentation pending
WO-001075,OT-00876,PLT-08,CALIBRATION,CLOSED,RETURNED_TO_SERVICE,2026-09-19T18:00:00,,NO,documentation pending
WO-001076,OT-00728,PLT-07,CALIBRATION,CLOSED,RETURNED_TO_SERVICE,2026-09-06T01:00:00,,NO,parts substituted
WO-001077,OT-01065,PLT-10,EMERGENCY,IN_PROGRESS,DEGRADED,2026-10-05T15:00:00,,NO,parts substituted
WO-001078,OT-01242,PLT-12,CALIBRATION,OPEN,OUT_OF_SERVICE,2026-09-17T14:00:00,2026-09-19T00:00:00,NO,standard work
WO-001079,OT-00092,PLT-01,EMERGENCY,CLOSED,ACTIVE,2026-09-01T19:00:00,,NO,documentation pending
WO-001080,OT-00680,PLT-07,EMERGENCY,CLOSED,RETURNED_TO_SERVICE,2026-10-02T03:00:00,,NO,documentation pending
WO-001081,OT-00209,PLT-03,CALIBRATION,DEFERRED,OUT_OF_SERVICE,2026-09-07T01:00:00,,NO,documentation pending
WO-001082,OT-01738,PLT-16,EMERGENCY,OPEN,OUT_OF_SERVICE,2026-09-09T15:00:00,,NO,parts substituted
WO-001083,OT-00915,PLT-09,PM,OPEN,OUT_OF_SERVICE,2026-09-12T22:00:00,2026-09-13T10:00:00,NO,parts substituted
WO-001084,OT-00129,PLT-02,INSPECTION,OPEN,OUT_OF_SERVICE,2026-09-14T08:00:00,2026-09-16T23:00:00,NO,awaiting vendor
WO-001085,OT-00362,PLT-04,CALIBRATION,DEFERRED,ACTIVE,2026-09-28T12:00:00,2026-09-28T14:00:00,NO,documentation pending
WO-001086,OT-00231,PLT-03,CALIBRATION,OPEN,DEGRADED,2026-09-22T23:00:00,2026-09-23T15:00:00,YES,operator workaround active
WO-001087,OT-00629,PLT-06,EMERGENCY,IN_PROGRESS,ACTIVE,2026-09-20T10:00:00,2026-09-22T01:00:00,NO,standard work
WO-001088,OT-00424,PLT-04,CALIBRATION,OPEN,OUT_OF_SERVICE,2026-09-12T05:00:00,2026-09-14T20:00:00,NO,documentation pending
WO-001089,OT-00297,PLT-03,PM,DEFERRED,ACTIVE,2026-09-17T04:00:00,2026-09-20T02:00:00,NO,operator workaround active
WO-001090,OT-00123,PLT-02,EMERGENCY,DEFERRED,DEGRADED,2026-10-05T16:00:00,2026-10-07T14:00:00,NO,documentation pending
WO-001091,OT-00665,PLT-07,INSPECTION,IN_PROGRESS,ACTIVE,2026-09-08T22:00:00,2026-09-09T19:00:00,NO,parts substituted
WO-001092,OT-01632,PLT-15,EMERGENCY,IN_PROGRESS,DEGRADED,2026-10-08T05:00:00,2026-10-10T15:00:00,NO,documentation pending
WO-001093,OT-01235,PLT-12,PM,IN_PROGRESS,OUT_OF_SERVICE,2026-10-10T04:00:00,2026-10-10T18:00:00,NO,operator workaround active
WO-001094,OT-01073,PLT-10,PM,IN_PROGRESS,DEGRADED,2026-09-17T17:00:00,,NO,parts substituted
WO-001095,OT-01581,PLT-15,INSPECTION,DEFERRED,RETURNED_TO_SERVICE,2026-09-03T13:00:00,,NO,operator workaround active
WO-001096,OT-00547,PLT-06,CM,DEFERRED,RETURNED_TO_SERVICE,2026-09-03T08:00:00,2026-09-06T07:00:00,NO,parts substituted
WO-001097,OT-00387,PLT-04,PM,DEFERRED,ACTIVE,2026-10-06T07:00:00,2026-10-08T15:00:00,YES,parts substituted
WO-001098,OT-01520,PLT-14,INSPECTION,OPEN,RETURNED_TO_SERVICE,2026-09-02T09:00:00,2026-09-04T12:00:00,NO,awaiting vendor
WO-001099,OT-01096,PLT-10,PM,IN_PROGRESS,RETURNED_TO_SERVICE,2026-09-05T19:00:00,2026-09-07T23:00:00,NO,operator workaround active
WO-001100,OT-01262,PLT-12,CALIBRATION,CLOSED,ACTIVE,2026-09-04T15:00:00,2026-09-06T08:00:00,NO,standard work
WO-001101,OT-01306,PLT-12,EMERGENCY,DEFERRED,RETURNED_TO_SERVICE,2026-09-19T21:00:00,2026-09-20T21:00:00,YES,parts substituted
WO-001102,OT-00919,PLT-09,INSPECTION,OPEN,OUT_OF_SERVICE,2026-09-12T23:00:00,2026-09-14T19:00:00,NO,operator workaround active
WO-001103,OT-01181,PLT-11,CM,CLOSED,RETURNED_TO_SERVICE,2026-09-11T09:00:00,2026-09-11T17:00:00,NO,parts substituted
WO-001104,OT-01787,PLT-17,CALIBRATION,OPEN,DEGRADED,2026-09-18T09:00:00,,YES,operator workaround active
WO-001105,OT-00240,PLT-03,CM,OPEN,OUT_OF_SERVICE,2026-09-21T22:00:00,,NO,awaiting vendor
WO-001106,OT-01249,PLT-12,PM,OPEN,ACTIVE,2026-10-06T13:00:00,2026-10-09T09:00:00,NO,standard work
WO-001107,OT-01098,PLT-10,CALIBRATION,IN_PROGRESS,OUT_OF_SERVICE,2026-09-07T07:00:00,2026-09-09T10:00:00,NO,standard work
WO-001108,OT-01076,PLT-10,INSPECTION,DEFERRED,RETURNED_TO_SERVICE,2026-10-04T20:00:00,2026-10-06T12:00:00,NO,documentation pending
WO-001109,OT-00767,PLT-08,CM,DEFERRED,ACTIVE,2026-09-21T14:00:00,,NO,operator workaround active
WO-001110,OT-00752,PLT-07,PM,DEFERRED,ACTIVE,2026-10-03T12:00:00,,NO,operator workaround active
WO-001111,OT-00701,PLT-07,INSPECTION,DEFERRED,DEGRADED,2026-10-01T01:00:00,,NO,documentation pending
WO-001112,OT-01625,PLT-15,CALIBRATION,CLOSED,RETURNED_TO_SERVICE,2026-09-09T07:00:00,2026-09-12T02:00:00,NO,awaiting vendor
WO-001113,OT-00405,PLT-04,CALIBRATION,IN_PROGRESS,ACTIVE,2026-09-07T13:00:00,,NO,awaiting vendor
WO-001114,OT-01585,PLT-15,CALIBRATION,OPEN,RETURNED_TO_SERVICE,2026-09-08T13:00:00,2026-09-11T00:00:00,NO,standard work
WO-001115,OT-01118,PLT-11,INSPECTION,CLOSED,DEGRADED,2026-10-04T11:00:00,,NO,awaiting vendor
WO-001116,OT-00209,PLT-03,CALIBRATION,IN_PROGRESS,RETURNED_TO_SERVICE,2026-09-11T14:00:00,,NO,operator workaround active
WO-001117,OT-00018,PLT-01,INSPECTION,DEFERRED,RETURNED_TO_SERVICE,2026-09-01T11:00:00,,NO,awaiting vendor
WO-001118,OT-00392,PLT-04,CALIBRATION,CLOSED,OUT_OF_SERVICE,2026-09-04T23:00:00,,NO,standard work
WO-001119,OT-01849,PLT-17,INSPECTION,CLOSED,DEGRADED,2026-09-03T23:00:00,,NO,documentation pending
WO-001120,OT-00096,PLT-01,INSPECTION,CLOSED,RETURNED_TO_SERVICE,2026-10-10T23:00:00,2026-10-12T19:00:00,NO,operator workaround active
WO-001121,OT-00536,PLT-06,EMERGENCY,OPEN,OUT_OF_SERVICE,2026-10-03T08:00:00,2026-10-03T16:00:00,NO,awaiting vendor
WO-001122,OT-00242,PLT-03,INSPECTION,IN_PROGRESS,RETURNED_TO_SERVICE,2026-10-02T09:00:00,,YES,operator workaround active
WO-001123,OT-00395,PLT-04,CM,CLOSED,ACTIVE,2026-10-01T23:00:00,,NO,standard work
WO-001124,OT-00566,PLT-06,CM,IN_PROGRESS,RETURNED_TO_SERVICE,2026-09-28T18:00:00,2026-09-29T16:00:00,NO,documentation pending
WO-001125,OT-01597,PLT-15,CALIBRATION,CLOSED,ACTIVE,2026-10-04T18:00:00,,NO,parts substituted
WO-001126,OT-00120,PLT-02,CALIBRATION,OPEN,OUT_OF_SERVICE,2026-10-05T12:00:00,2026-10-08T09:00:00,NO,standard work
WO-001127,OT-00805,PLT-08,EMERGENCY,CLOSED,DEGRADED,2026-09-11T15:00:00,2026-09-12T16:00:00,YES,operator workaround active
WO-001128,OT-01249,PLT-12,CALIBRATION,IN_PROGRESS,RETURNED_TO_SERVICE,2026-10-01T09:00:00,,NO,standard work
WO-001129,OT-01881,PLT-17,EMERGENCY,CLOSED,OUT_OF_SERVICE,2026-09-09T23:00:00,2026-09-12T07:00:00,NO,awaiting vendor
WO-001130,OT-00017,PLT-01,PM,IN_PROGRESS,DEGRADED,2026-09-03T12:00:00,,NO,standard work
WO-001131,OT-01522,PLT-14,CALIBRATION,DEFERRED,RETURNED_TO_SERVICE,2026-09-04T15:00:00,,NO,documentation pending
WO-001132,OT-01559,PLT-15,EMERGENCY,DEFERRED,DEGRADED,2026-09-28T23:00:00,2026-09-29T06:00:00,NO,awaiting vendor
WO-001133,OT-01415,PLT-13,EMERGENCY,DEFERRED,RETURNED_TO_SERVICE,2026-10-07T17:00:00,,NO,documentation pending
WO-001134,OT-01419,PLT-13,INSPECTION,IN_PROGRESS,OUT_OF_SERVICE,2026-10-05T17:00:00,2026-10-08T17:00:00,NO,operator workaround active
WO-001135,OT-01710,PLT-16,INSPECTION,CLOSED,DEGRADED,2026-09-25T09:00:00,2026-09-26T15:00:00,YES,awaiting vendor
WO-001136,OT-01181,PLT-11,CALIBRATION,CLOSED,RETURNED_TO_SERVICE,2026-10-06T00:00:00,2026-10-09T00:00:00,NO,awaiting vendor
WO-001137,OT-01916,PLT-18,EMERGENCY,DEFERRED,OUT_OF_SERVICE,2026-10-09T00:00:00,,NO,operator workaround active
WO-001138,OT-00165,PLT-02,PM,IN_PROGRESS,DEGRADED,2026-10-09T22:00:00,2026-10-12T03:00:00,NO,standard work
WO-001139,OT-00901,PLT-09,CALIBRATION,DEFERRED,DEGRADED,2026-10-09T17:00:00,,YES,awaiting vendor
WO-001140,OT-01662,PLT-15,PM,OPEN,ACTIVE,2026-09-15T22:00:00,,YES,standard work
WO-001141,OT-01009,PLT-10,CM,OPEN,RETURNED_TO_SERVICE,2026-09-09T11:00:00,2026-09-11T06:00:00,NO,documentation pending
WO-001142,OT-00300,PLT-03,EMERGENCY,CLOSED,ACTIVE,2026-09-21T10:00:00,2026-09-24T03:00:00,NO,parts substituted
WO-001143,OT-01486,PLT-14,CM,IN_PROGRESS,OUT_OF_SERVICE,2026-10-03T06:00:00,2026-10-05T22:00:00,YES,documentation pending
WO-001144,OT-01372,PLT-13,PM,DEFERRED,ACTIVE,2026-09-25T16:00:00,2026-09-27T03:00:00,NO,parts substituted
WO-001145,OT-01128,PLT-11,CALIBRATION,DEFERRED,OUT_OF_SERVICE,2026-10-08T11:00:00,,NO,standard work
WO-001146,OT-01044,PLT-10,INSPECTION,CLOSED,ACTIVE,2026-09-04T21:00:00,,NO,parts substituted
WO-001147,OT-00140,PLT-02,EMERGENCY,CLOSED,ACTIVE,2026-09-01T20:00:00,,NO,awaiting vendor
WO-001148,OT-00381,PLT-04,PM,IN_PROGRESS,DEGRADED,2026-09-09T14:00:00,2026-09-12T14:00:00,YES,operator workaround active
WO-001149,OT-01977,PLT-18,CALIBRATION,IN_PROGRESS,OUT_OF_SERVICE,2026-09-04T04:00:00,2026-09-06T19:00:00,YES,operator workaround active
WO-001150,OT-00380,PLT-04,EMERGENCY,OPEN,RETURNED_TO_SERVICE,2026-09-11T00:00:00,,NO,documentation pending
WO-001151,OT-00899,PLT-09,EMERGENCY,IN_PROGRESS,OUT_OF_SERVICE,2026-09-01T01:00:00,,NO,operator workaround active
WO-001152,OT-01001,PLT-10,CM,OPEN,OUT_OF_SERVICE,2026-10-05T03:00:00,2026-10-07T09:00:00,NO,operator workaround active
WO-001153,OT-00490,PLT-05,CALIBRATION,OPEN,ACTIVE,2026-09-08T10:00:00,2026-09-09T09:00:00,NO,documentation pending
WO-001154,OT-00413,PLT-04,CALIBRATION,OPEN,ACTIVE,2026-10-09T16:00:00,2026-10-09T17:00:00,NO,parts substituted
WO-001155,OT-00852,PLT-08,CALIBRATION,DEFERRED,RETURNED_TO_SERVICE,2026-09-21T19:00:00,2026-09-24T17:00:00,NO,awaiting vendor
WO-001156,OT-01248,PLT-12,CALIBRATION,CLOSED,DEGRADED,2026-09-27T16:00:00,2026-09-30T11:00:00,NO,parts substituted
WO-001157,OT-00631,PLT-06,CM,OPEN,OUT_OF_SERVICE,2026-09-23T13:00:00,2026-09-24T17:00:00,NO,standard work
WO-001158,OT-00836,PLT-08,INSPECTION,IN_PROGRESS,OUT_OF_SERVICE,2026-09-13T05:00:00,2026-09-16T04:00:00,NO,standard work
WO-001159,OT-01530,PLT-14,CALIBRATION,OPEN,ACTIVE,2026-09-06T02:00:00,,NO,operator workaround active
WO-001160,OT-00955,PLT-09,PM,DEFERRED,DEGRADED,2026-09-02T15:00:00,2026-09-04T15:00:00,NO,awaiting vendor
WO-001161,OT-01013,PLT-10,CM,IN_PROGRESS,RETURNED_TO_SERVICE,2026-10-03T22:00:00,2026-10-05T19:00:00,NO,operator workaround active
WO-001162,OT-00494,PLT-05,EMERGENCY,DEFERRED,DEGRADED,2026-09-20T16:00:00,2026-09-22T23:00:00,NO,documentation pending
WO-001163,OT-01910,PLT-18,INSPECTION,DEFERRED,OUT_OF_SERVICE,2026-09-26T08:00:00,2026-09-28T23:00:00,NO,documentation pending
WO-001164,OT-00705,PLT-07,PM,IN_PROGRESS,RETURNED_TO_SERVICE,2026-09-08T08:00:00,2026-09-11T01:00:00,NO,standard work
WO-001165,OT-00470,PLT-05,PM,DEFERRED,RETURNED_TO_SERVICE,2026-09-22T10:00:00,2026-09-22T18:00:00,NO,parts substituted
WO-001166,OT-00389,PLT-04,EMERGENCY,CLOSED,OUT_OF_SERVICE,2026-09-29T14:00:00,,NO,parts substituted
WO-001167,OT-00917,PLT-09,CM,DEFERRED,ACTIVE,2026-10-05T20:00:00,,NO,documentation pending
WO-001168,OT-00545,PLT-06,CALIBRATION,DEFERRED,RETURNED_TO_SERVICE,2026-09-21T02:00:00,2026-09-22T20:00:00,NO,parts substituted
WO-001169,OT-00335,PLT-04,CM,DEFERRED,OUT_OF_SERVICE,2026-09-12T06:00:00,2026-09-15T00:00:00,NO,documentation pending
WO-001170,OT-01552,PLT-14,PM,DEFERRED,DEGRADED,2026-09-10T21:00:00,2026-09-12T20:00:00,YES,operator workaround active
WO-001171,OT-01770,PLT-16,INSPECTION,OPEN,DEGRADED,2026-10-07T12:00:00,2026-10-08T19:00:00,NO,operator workaround active
WO-001172,OT-01769,PLT-16,EMERGENCY,CLOSED,DEGRADED,2026-09-29T12:00:00,,NO,operator workaround active
WO-001173,OT-00295,PLT-03,PM,CLOSED,DEGRADED,2026-09-15T07:00:00,,NO,parts substituted
WO-001174,OT-00935,PLT-09,CM,OPEN,OUT_OF_SERVICE,2026-09-03T06:00:00,2026-09-04T10:00:00,NO,awaiting vendor
WO-001175,OT-01026,PLT-10,CM,OPEN,OUT_OF_SERVICE,2026-09-07T14:00:00,,NO,parts substituted
WO-001176,OT-01946,PLT-18,PM,CLOSED,OUT_OF_SERVICE,2026-09-12T13:00:00,2026-09-13T03:00:00,NO,operator workaround active
WO-001177,OT-00636,PLT-07,CALIBRATION,OPEN,DEGRADED,2026-10-03T05:00:00,2026-10-05T09:00:00,NO,standard work
WO-001178,OT-01128,PLT-11,CALIBRATION,CLOSED,ACTIVE,2026-09-20T18:00:00,2026-09-22T03:00:00,NO,operator workaround active
WO-001179,OT-01432,PLT-14,PM,DEFERRED,OUT_OF_SERVICE,2026-09-21T19:00:00,2026-09-22T02:00:00,NO,standard work
WO-001180,OT-01531,PLT-14,PM,OPEN,ACTIVE,2026-09-10T02:00:00,,NO,documentation pending
WO-001181,OT-00895,PLT-09,CM,IN_PROGRESS,RETURNED_TO_SERVICE,2026-09-18T07:00:00,2026-09-19T04:00:00,YES,operator workaround active
WO-001182,OT-00090,PLT-01,EMERGENCY,OPEN,RETURNED_TO_SERVICE,2026-10-02T20:00:00,,NO,operator workaround active
WO-001183,OT-00715,PLT-07,INSPECTION,CLOSED,ACTIVE,2026-09-05T14:00:00,2026-09-08T05:00:00,NO,operator workaround active
WO-001184,OT-00144,PLT-02,CM,DEFERRED,DEGRADED,2026-09-27T22:00:00,,NO,awaiting vendor
WO-001185,OT-01502,PLT-14,CALIBRATION,OPEN,DEGRADED,2026-10-03T09:00:00,2026-10-06T02:00:00,NO,standard work
WO-001186,OT-01100,PLT-10,PM,OPEN,OUT_OF_SERVICE,2026-09-25T04:00:00,2026-09-25T21:00:00,NO,documentation pending
WO-001187,OT-01415,PLT-13,CALIBRATION,OPEN,OUT_OF_SERVICE,2026-10-01T04:00:00,,NO,operator workaround active
WO-001188,OT-01050,PLT-10,CM,IN_PROGRESS,DEGRADED,2026-10-02T02:00:00,2026-10-03T12:00:00,NO,operator workaround active
WO-001189,OT-00068,PLT-01,CM,IN_PROGRESS,ACTIVE,2026-09-30T13:00:00,,NO,parts substituted
WO-001190,OT-01761,PLT-16,CM,CLOSED,OUT_OF_SERVICE,2026-10-02T18:00:00,,YES,awaiting vendor
WO-001191,OT-00329,PLT-04,EMERGENCY,IN_PROGRESS,DEGRADED,2026-09-03T23:00:00,2026-09-06T00:00:00,YES,operator workaround active
WO-001192,OT-01136,PLT-11,EMERGENCY,OPEN,ACTIVE,2026-09-27T20:00:00,2026-09-28T04:00:00,NO,documentation pending
WO-001193,OT-01038,PLT-10,CM,CLOSED,DEGRADED,2026-09-13T15:00:00,2026-09-16T03:00:00,NO,parts substituted
WO-001194,OT-00453,PLT-05,INSPECTION,DEFERRED,DEGRADED,2026-09-29T08:00:00,,NO,parts substituted
WO-001195,OT-00420,PLT-04,INSPECTION,OPEN,ACTIVE,2026-09-11T22:00:00,2026-09-13T15:00:00,NO,standard work
WO-001196,OT-01774,PLT-16,EMERGENCY,IN_PROGRESS,RETURNED_TO_SERVICE,2026-09-10T09:00:00,,NO,documentation pending
WO-001197,OT-00266,PLT-03,CM,IN_PROGRESS,RETURNED_TO_SERVICE,2026-09-03T13:00:00,2026-09-04T20:00:00,NO,standard work
WO-001198,OT-00216,PLT-03,CALIBRATION,DEFERRED,OUT_OF_SERVICE,2026-09-17T05:00:00,2026-09-17T11:00:00,NO,parts substituted
WO-001199,OT-00649,PLT-07,CALIBRATION,IN_PROGRESS,ACTIVE,2026-09-20T19:00:00,2026-09-21T05:00:00,NO,standard work
WO-001200,OT-01747,PLT-16,CM,IN_PROGRESS,DEGRADED,2026-09-06T05:00:00,,NO,standard work
WO-001201,OT-01350,PLT-13,EMERGENCY,CLOSED,ACTIVE,2026-09-21T19:00:00,2026-09-24T18:00:00,NO,parts substituted
WO-001202,OT-00173,PLT-02,CM,CLOSED,DEGRADED,2026-09-25T15:00:00,2026-09-27T06:00:00,NO,parts substituted
WO-001203,OT-00690,PLT-07,CM,DEFERRED,ACTIVE,2026-09-04T08:00:00,,NO,awaiting vendor
WO-001204,OT-01400,PLT-13,PM,DEFERRED,DEGRADED,2026-09-11T12:00:00,,NO,documentation pending
WO-001205,OT-00979,PLT-09,CM,CLOSED,RETURNED_TO_SERVICE,2026-09-04T00:00:00,,YES,awaiting vendor
WO-001206,OT-01232,PLT-12,CM,DEFERRED,RETURNED_TO_SERVICE,2026-10-01T15:00:00,2026-10-03T18:00:00,NO,awaiting vendor
WO-001207,OT-01347,PLT-13,CALIBRATION,CLOSED,ACTIVE,2026-09-20T07:00:00,,NO,documentation pending
WO-001208,OT-00536,PLT-06,PM,CLOSED,RETURNED_TO_SERVICE,2026-09-13T04:00:00,2026-09-14T10:00:00,NO,awaiting vendor
WO-001209,OT-00281,PLT-03,CM,CLOSED,ACTIVE,2026-09-19T08:00:00,2026-09-20T22:00:00,NO,parts substituted
WO-001210,OT-01738,PLT-16,EMERGENCY,OPEN,OUT_OF_SERVICE,2026-10-07T08:00:00,,NO,standard work
WO-001211,OT-01721,PLT-16,EMERGENCY,OPEN,DEGRADED,2026-10-05T12:00:00,2026-10-07T12:00:00,NO,operator workaround active
WO-001212,OT-00173,PLT-02,INSPECTION,IN_PROGRESS,DEGRADED,2026-09-11T19:00:00,2026-09-13T03:00:00,NO,awaiting vendor
WO-001213,OT-01420,PLT-13,CM,IN_PROGRESS,ACTIVE,2026-10-10T06:00:00,,NO,standard work
WO-001214,OT-00422,PLT-04,PM,OPEN,RETURNED_TO_SERVICE,2026-10-02T07:00:00,,NO,operator workaround active
WO-001215,OT-00875,PLT-08,CALIBRATION,OPEN,DEGRADED,2026-10-04T05:00:00,2026-10-06T11:00:00,NO,parts substituted
WO-001216,OT-01276,PLT-12,EMERGENCY,DEFERRED,OUT_OF_SERVICE,2026-10-10T21:00:00,,NO,documentation pending
WO-001217,OT-00185,PLT-02,CM,IN_PROGRESS,OUT_OF_SERVICE,2026-10-01T08:00:00,,NO,parts substituted
WO-001218,OT-00396,PLT-04,EMERGENCY,OPEN,RETURNED_TO_SERVICE,2026-09-21T15:00:00,2026-09-22T01:00:00,NO,standard work
WO-001219,OT-00977,PLT-09,PM,CLOSED,DEGRADED,2026-09-20T18:00:00,,NO,documentation pending
WO-001220,OT-01281,PLT-12,INSPECTION,CLOSED,ACTIVE,2026-09-09T00:00:00,2026-09-11T15:00:00,NO,parts substituted
WO-001221,OT-01276,PLT-12,CM,DEFERRED,ACTIVE,2026-10-09T14:00:00,2026-10-11T12:00:00,NO,documentation pending
WO-001222,OT-01550,PLT-14,INSPECTION,OPEN,OUT_OF_SERVICE,2026-10-06T19:00:00,,NO,parts substituted
WO-001223,OT-00362,PLT-04,CM,CLOSED,DEGRADED,2026-09-19T15:00:00,,NO,documentation pending
WO-001224,OT-00184,PLT-02,EMERGENCY,CLOSED,OUT_OF_SERVICE,2026-09-23T14:00:00,2026-09-24T08:00:00,NO,operator workaround active
WO-001225,OT-00303,PLT-03,INSPECTION,IN_PROGRESS,RETURNED_TO_SERVICE,2026-09-03T07:00:00,,NO,parts substituted
WO-001226,OT-00516,PLT-05,INSPECTION,CLOSED,ACTIVE,2026-10-09T10:00:00,2026-10-10T05:00:00,NO,awaiting vendor
WO-001227,OT-00418,PLT-04,CM,IN_PROGRESS,DEGRADED,2026-09-08T05:00:00,2026-09-11T03:00:00,NO,parts substituted
WO-001228,OT-00951,PLT-09,EMERGENCY,OPEN,DEGRADED,2026-10-05T17:00:00,,NO,standard work
WO-001229,OT-01960,PLT-18,CALIBRATION,OPEN,DEGRADED,2026-09-09T18:00:00,,NO,awaiting vendor
WO-001230,OT-00873,PLT-08,CALIBRATION,DEFERRED,RETURNED_TO_SERVICE,2026-09-22T21:00:00,,NO,operator workaround active
WO-001231,OT-01541,PLT-14,PM,IN_PROGRESS,OUT_OF_SERVICE,2026-09-26T15:00:00,2026-09-29T12:00:00,NO,parts substituted
WO-001232,OT-01391,PLT-13,INSPECTION,IN_PROGRESS,RETURNED_TO_SERVICE,2026-10-04T16:00:00,2026-10-04T23:00:00,NO,standard work
WO-001233,OT-01792,PLT-17,CM,CLOSED,RETURNED_TO_SERVICE,2026-10-03T03:00:00,,NO,awaiting vendor
WO-001234,OT-00453,PLT-05,CALIBRATION,CLOSED,DEGRADED,2026-09-09T05:00:00,2026-09-09T10:00:00,NO,documentation pending
WO-001235,OT-00324,PLT-04,PM,OPEN,DEGRADED,2026-09-23T10:00:00,,NO,documentation pending
WO-001236,OT-00856,PLT-08,CALIBRATION,CLOSED,RETURNED_TO_SERVICE,2026-10-07T05:00:00,2026-10-07T23:00:00,NO,documentation pending
WO-001237,OT-00122,PLT-02,INSPECTION,DEFERRED,OUT_OF_SERVICE,2026-09-22T08:00:00,2026-09-24T20:00:00,NO,awaiting vendor
WO-001238,OT-01042,PLT-10,CALIBRATION,DEFERRED,ACTIVE,2026-10-05T18:00:00,,NO,parts substituted
WO-001239,OT-01018,PLT-10,CALIBRATION,OPEN,OUT_OF_SERVICE,2026-09-28T05:00:00,2026-09-29T12:00:00,NO,parts substituted
WO-001240,OT-01321,PLT-13,PM,DEFERRED,ACTIVE,2026-09-18T02:00:00,,NO,operator workaround active
WO-001241,OT-00147,PLT-02,INSPECTION,CLOSED,RETURNED_TO_SERVICE,2026-09-04T14:00:00,2026-09-06T15:00:00,NO,standard work
WO-001242,OT-00603,PLT-06,CM,DEFERRED,OUT_OF_SERVICE,2026-10-04T04:00:00,,NO,standard work
WO-001243,OT-00680,PLT-07,CALIBRATION,OPEN,DEGRADED,2026-09-01T11:00:00,2026-09-02T21:00:00,NO,parts substituted
WO-001244,OT-01751,PLT-16,EMERGENCY,OPEN,RETURNED_TO_SERVICE,2026-09-24T05:00:00,,NO,awaiting vendor
WO-001245,OT-01604,PLT-15,CM,OPEN,RETURNED_TO_SERVICE,2026-10-07T23:00:00,2026-10-09T11:00:00,NO,operator workaround active
WO-001246,OT-00903,PLT-09,CALIBRATION,CLOSED,DEGRADED,2026-09-05T10:00:00,,YES,awaiting vendor
WO-001247,OT-00194,PLT-02,CALIBRATION,IN_PROGRESS,DEGRADED,2026-09-27T22:00:00,2026-09-29T09:00:00,NO,standard work
WO-001248,OT-01878,PLT-17,INSPECTION,IN_PROGRESS,ACTIVE,2026-09-27T20:00:00,,NO,awaiting vendor
WO-001249,OT-01450,PLT-14,INSPECTION,CLOSED,DEGRADED,2026-09-25T05:00:00,2026-09-28T00:00:00,NO,standard work
WO-001250,OT-01069,PLT-10,CALIBRATION,OPEN,RETURNED_TO_SERVICE,2026-10-06T03:00:00,,NO,documentation pending
